sample,I_in,Q_in,I_out,Q_out,phase_err,u,nco_sin,nco_cos
0,11585,11585,0,0,0,0,0,0
1,11215,11943,0,0,0,0,0,32767
2,10835,12289,5607,5971,23854376,0,0,32767
3,10443,12624,5417,6144,47643218,-294832,0,32767
4,10042,12946,5221,6311,71464827,-591401,0,32767
5,9630,13255,5020,6472,95155368,-890916,0,32767
6,9209,13550,4814,6627,118780375,-1191356,0,32767
7,8779,13833,4604,6774,142241547,-1493516,0,32767
8,8340,14102,4389,6916,165604418,-1796175,0,32767
9,7893,14357,4169,7050,188803454,-2100125,-201,32766
10,7438,14598,3990,7153,207327174,-2404545,-201,32766
11,6976,14824,3763,7275,230175324,-2653658,-201,32766
12,6507,15036,3533,7390,252765768,-2958198,-402,32765
13,6031,15233,3345,7477,270792399,-3261993,-603,32761
14,5550,15415,3155,7559,288644530,-3511794,-603,32761
15,5063,15582,2916,7654,310545370,-3761364,-804,32757
16,4571,15733,2721,7726,327972303,-4062881,-1005,32752
17,4074,15869,2525,7792,345172304,-4311442,-1206,32745
18,3574,15989,2327,7853,362176017,-4559059,-1407,32737
19,3070,16093,2128,7910,378904714,-4806087,-1608,32728
20,2563,16182,1927,7961,395402640,-5051532,-1809,32717
21,2053,16254,1726,8007,411663118,-5295912,-2009,32705
22,1542,16311,1522,8048,427664942,-5539119,-2210,32692
23,1029,16351,1319,8084,443373018,-5780866,-2611,32663
24,515,16375,1164,8108,455083306,-6020692,-2811,32646
25,0,16384,958,8134,470287770,-6212785,-3012,32628
26,-515,16375,753,8157,485228544,-6449315,-3412,32589
27,-1029,16351,596,8169,496313890,-6684210,-3612,32567
28,-1542,16311,389,8182,510671396,-6873049,-4011,32521
29,-2053,16254,233,8188,521358954,-7103515,-4210,32495
30,-2563,16182,26,8191,535099755,-7290155,-4609,32441
31,-3070,16093,-131,8190,-528209684,-7515674,-5007,32382
32,-3574,15989,-288,8186,-517659927,5569270,-5205,32351
33,-4074,15869,-495,8176,-503463080,5495297,-5602,32285
34,-4571,15733,-651,8165,-492522261,5375121,-5404,32318
35,-5063,15582,-957,8135,-470456332,5293672,-5205,32351
36,-5550,15415,-1262,8093,-447757394,5073552,-4808,32412
37,-6031,15233,-1614,8030,-420544100,4843251,-4609,32441
38,-6507,15036,-1915,7964,-396527858,4554730,-4410,32469
39,-6976,14824,-2213,7887,-371932731,4302817,-4210,32495
40,-7438,14598,-2507,7798,-346798760,4041184,-4011,32521
41,-7893,14357,-2798,7699,-321236756,3770264,-3811,32545
42,-8340,14102,-3085,7588,-295165630,3491369,-3612,32567
43,-8779,13833,-3368,7467,-268711558,3203451,-3412,32589
44,-9209,13550,-3646,7335,-241856950,2908015,-3212,32609
45,-9630,13255,-3919,7193,-214657577,2604803,-3012,32628
46,-10042,12946,-4186,7041,-187206120,2294462,-2811,32646
47,-10443,12624,-4448,6879,-159423252,1978100,-2811,32646
48,-10835,12289,-4661,6736,-136042263,1654710,-2611,32663
49,-11215,11943,-4911,6556,-107868766,1382758,-2611,32663
50,-11585,11585,-5114,6399,-84244202,1049075,-2410,32678
51,-11943,11215,-5351,6202,-55839700,768606,-2410,32678
52,-12289,10835,-5543,6031,-32021196,426535,-2410,32678
53,-12624,10443,-5730,5854,-8215028,138111,-2410,32678
54,-12946,10042,-5911,5671,15679248,-152704,-2410,32678
55,-13255,9630,-6086,5483,39495832,-447151,-2210,32692
56,-13550,9209,-6288,5250,67932650,-743190,-2410,32678
57,-13833,8779,-6418,5090,87006008,-1098877,-2410,32678
58,-14102,8340,-6575,4886,110659692,-1341873,-2410,32678
59,-14357,7893,-6725,4677,134205416,-1643517,-2410,32678
60,-14598,7438,-6869,4463,157608092,-1946353,-2410,32678
61,-14824,6976,-7006,4245,180867720,-2249936,-2611,32663
62,-15036,6507,-7111,4067,199419424,-2554251,-2611,32663
63,-15233,6031,-7235,3842,222333954,-2802862,-2811,32646
64,-15415,5550,-7330,3657,240635388,-3107378,-2811,32646
65,-15582,5063,-7441,3425,263120175,-3357325,-3012,32628
66,-15733,4571,-7526,3236,281031192,-3660932,-3212,32609
67,-15869,4074,-7605,3045,298765210,-3910410,-3412,32589
68,-15989,3574,-7680,2852,316341739,-4159614,-3412,32589
69,-16093,3070,-7765,2609,337843479,-4408765,-3612,32567
70,-16182,2563,-7828,2412,354903285,-4708308,-3811,32545
71,-16254,2053,-7887,2213,371793160,-4955247,-4011,32521
72,-16311,1542,-7941,2013,388401344,-5201908,-4410,32469
73,-16351,1029,-7978,1861,400802931,-5446891,-4609,32441
74,-16375,515,-8022,1659,416956582,-5641656,-4808,32412
75,-16384,0,-8061,1456,432847200,-5884120,-5007,32382
76,-16375,-515,-8096,1251,448512000,-6125058,-5404,32318
77,-16351,-1029,-8118,1096,460143580,-6364903,-5602,32285
78,-16311,-1542,-8143,890,475279456,-6556572,-5800,32250
79,-16254,-2053,-8164,684,490099050,-6792795,-6195,32176
80,-16182,-2563,-8175,528,501070837,-7026725,-6590,32098
81,-16093,-3070,-8184,371,511927800,-7214681,-6786,32057
82,-15989,-3574,-8190,164,525934213,-7402390,-7179,31971
83,-15869,-4074,-8192,7,536321388,-7630184,-7571,31880
84,-15733,-4571,-8191,-149,-527013053,-7814742,-7767,31833
85,-15582,-5063,-8184,-356,-513021114,5270381,-8157,31736
86,-15415,-5550,-8176,-513,-502232249,5153737,-8545,31633
87,-15233,-6031,-8165,-669,-491205470,5075187,-8351,31685
88,-15036,-6507,-8134,-975,-469141034,4992544,-8157,31736
89,-14824,-6976,-8092,-1280,-446402595,4772302,-7767,31833
90,-14598,-7438,-8028,-1632,-419145984,4541373,-7571,31880
91,-14357,-7893,-7961,-1932,-395095356,4252172,-7375,31926
92,-14102,-8340,-7883,-2230,-370463414,3999685,-7179,31971
93,-13833,-8779,-7794,-2524,-345328020,3737444,-6983,32014
94,-13550,-9209,-7693,-2815,-319698352,3466349,-6786,32057
95,-13255,-9630,-7582,-3102,-293602011,3186461,-6590,32098
96,-12946,-10042,-7461,-3384,-267167400,2898067,-6393,32137
97,-12624,-10443,-7328,-3662,-240288132,2602705,-6195,32176
98,-12289,-10835,-7186,-3934,-213075921,2299024,-6195,32176
99,-11943,-11215,-7058,-4158,-190037084,1988356,-5998,32213
100,-11585,-11585,-6897,-4420,-162352748,1726363,-5998,32213
101,-11215,-11943,-6755,-4635,-138973660,1404493,-5800,32250
102,-10835,-12289,-6576,-4885,-110838400,1132877,-5800,32250
103,-10443,-12624,-6420,-5089,-87227700,799979,-5602,32285
104,-10042,-12946,-6224,-5327,-58807749,519998,-5602,32285
105,-9630,-13255,-6054,-5520,-35023136,178055,-5602,32285
106,-9209,-13550,-5878,-5707,-11168645,-109633,-5602,32285
107,-8779,-13833,-5695,-5888,12653267,-400725,-5602,32285
108,-8340,-14102,-5508,-6065,36495966,-693962,-5602,32285
109,-7893,-14357,-5314,-6235,60306086,-990001,-5602,32285
110,-7438,-14598,-5116,-6398,84045740,-1288184,-5602,32285
111,-6976,-14824,-4913,-6556,107714928,-1588039,-5602,32285
112,-6507,-15036,-4704,-6707,131249080,-1889559,-5800,32250
113,-6031,-15233,-4533,-6824,150110850,-2191938,-5800,32250
114,-5550,-15415,-4316,-6963,173433300,-2439082,-5800,32250
115,-5063,-15582,-4096,-7095,196549250,-2743373,-5998,32213
116,-4571,-15733,-3915,-7196,215019837,-3047603,-6195,32176
117,-4074,-15869,-3732,-7293,233365232,-3296887,-6195,32176
118,-3574,-15989,-3501,-7407,255969035,-3546596,-6393,32137
119,-3070,-16093,-3313,-7492,273914596,-3850897,-6590,32098
120,-2563,-16182,-3122,-7574,291728084,-4100038,-6786,32057
121,-2053,-16254,-2930,-7651,309380713,-4349464,-6786,32057
122,-1542,-16311,-2688,-7739,331010155,-4598804,-6983,32014
123,-1029,-16351,-2492,-7804,348147267,-4899182,-7179,31971
124,-515,-16375,-2294,-7864,365088642,-5146346,-7571,31880
125,0,-16384,-2143,-7907,377742610,-5392922,-7767,31833
126,515,-16375,-1942,-7959,394297344,-5588316,-7962,31785
127,1029,-16351,-1740,-8005,410571330,-5833274,-8157,31736
128,1542,-16311,-1537,-8047,426590126,-6076530,-8545,31633
129,2053,-16254,-1383,-8075,438542844,-6318370,-8739,31580
130,2563,-16182,-1179,-8107,454032521,-6511666,-8933,31526
131,3070,-16093,-973,-8134,469296343,-6749954,-9319,31414
132,3574,-15989,-817,-8151,480625145,-6987105,-9512,31356
133,4074,-15869,-611,-8169,495325948,-7177251,-9896,31237
134,4571,-15733,-455,-8179,506236171,-7410284,-10278,31113
135,5063,-15582,-298,-8187,516995316,-7598037,-10469,31050
136,5550,-15415,-91,-8192,530903839,-7785088,-10849,30919
137,6031,-15233,66,-8192,-532465220,-8012214,-11228,30783
138,6507,-15036,223,-8189,-522017358,5073915,-11605,30643
139,6976,-14824,379,-8183,-511360662,5001656,-11980,30498
140,7438,-14598,536,-8174,-500512304,4925700,-11793,30571
141,7893,-14357,842,-8149,-478758908,4846237,-11417,30714
142,8340,-14102,1197,-8104,-452563546,4630833,-11228,30783
143,8779,-13833,1501,-8053,-429350422,4358205,-11039,30852
144,9209,-13550,1802,-7991,-405539876,4119638,-10849,30919
145,9630,-13255,2101,-7918,-381131770,3871208,-10659,30985
146,10042,-12946,2397,-7834,-356251840,3612849,-10469,31050
147,10443,-12624,2689,-7738,-330830572,3346051,-10278,31113
148,10835,-12289,2977,-7631,-304940079,3069905,-10087,31176
149,11215,-11943,3262,-7514,-278581692,2785244,-9896,31237
150,11585,-11585,3542,-7386,-251912104,2492035,-9896,31237
151,11943,-11215,3772,-7272,-229290320,2192164,-9704,31297
152,12289,-10835,4042,-7125,-201941016,1939474,-9512,31356
153,12624,-10443,4307,-6968,-174363864,1625937,-9512,31356
154,12946,-10042,4524,-6829,-151025868,1306663,-9319,31414
155,13255,-9630,4777,-6655,-122998916,1036838,-9319,31414
156,13550,-9209,4984,-6501,-99389565,706566,-9319,31414
157,13833,-8779,5185,-6342,-75722947,427901,-9126,31470
158,14102,-8340,5420,-6142,-47307732,146006,-9126,31470
159,14357,-7893,5610,-5969,-23475552,-197108,-9126,31470
160,14598,-7438,5795,-5790,368580,-486612,-9126,31470
161,14824,-6976,5974,-5605,24224664,-778809,-9126,31470
162,15036,-6507,6146,-5415,48029760,-1073701,-9126,31470
163,15233,-6031,6314,-5219,71806212,-1370511,-9319,31414
164,15415,-5550,6444,-5057,90912412,-1669510,-9319,31414
165,15582,-5063,6599,-4853,114526275,-1913326,-9319,31414
166,15733,-4571,6749,-4643,138053111,-2214895,-9319,31414
167,15869,-4074,6891,-4429,161430092,-2517911,-9512,31356
168,15989,-3574,7001,-4253,180146204,-2821588,-9512,31356
169,16093,-3070,7131,-4031,203201484,-3070155,-9704,31297
170,16182,-2563,7230,-3850,221623079,-3374352,-9896,31237
171,16254,-2053,7325,-3666,239916183,-3623741,-9896,31237
172,16311,-1542,7437,-3433,262430565,-3873509,-10087,31176
173,16351,-1029,7521,-3245,280355133,-4177404,-10278,31113
174,16375,-515,7601,-3053,298081746,-4426976,-10469,31050
175,16384,0,7675,-2860,315631590,-4676016,-10659,30985
176,16375,515,7746,-2665,333021184,-4924764,-10849,30919
177,16351,1029,7810,-2468,350156770,-5173406,-11039,30852
178,16311,1542,7870,-2270,367068202,-5420766,-11228,30783
179,16254,2053,7925,-2071,383742567,-5667186,-11605,30643
180,16182,2563,7963,-1919,396178796,-5912482,-11793,30571
181,16093,3070,8009,-1717,412444528,-6107178,-11980,30498
182,15989,3574,8050,-1514,428417634,-6350533,-12353,30349
183,15869,4074,8077,-1359,440354992,-6592009,-12539,30273
184,15733,4571,8109,-1155,455836934,-6785311,-12910,30117
185,15582,5063,8130,-999,467394148,-7023697,-13094,30037
186,15415,5550,8153,-793,482378079,-7215229,-13462,29874
187,15233,6031,8166,-637,493505780,-7450348,-13828,29706
188,15036,6507,8177,-481,504423128,-7639406,-14010,29621
189,14824,6976,8187,-274,518633913,-7827053,-14372,29447
190,14598,7438,8190,-117,529153144,-8056572,-14732,29268
191,14357,7893,8191,40,-534193232,-8241982,-15090,29085
192,14102,8340,8189,197,-523757940,4844054,-15446,28898
193,13833,8779,8183,353,-513149408,4772135,-15800,28706
194,13550,9209,8175,510,-502349724,4696960,-15446,28898
195,13255,9630,8145,867,-476981732,4618290,-15269,28992
196,12946,10042,8107,1171,-454527065,4358408,-15090,29085
197,12624,10443,8057,1475,-431351760,4131824,-14912,29177
198,12289,10835,7996,1776,-407610141,3893934,-14732,29268
199,11943,11215,7923,2076,-383218440,3646569,-14553,29358
200,11585,11585,7840,2371,-358390998,3388634,-14372,29447
201,11215,11943,7746,2664,-332999240,3122708,-14191,29534
202,10835,12289,7640,2953,-307134426,2847155,-14010,29621
203,10443,12624,7524,3238,-280898306,2563043,-14010,29621
204,10042,12946,7418,3473,-258565269,2271580,-13828,29706
205,9630,13255,7283,3749,-231611840,2025555,-13645,29791
206,9209,13550,7137,4020,-204273450,1720038,-13645,29791
207,8779,13833,7007,4242,-181223824,1406884,-13462,29874
208,8340,14102,6843,4502,-153419548,1143818,-13462,29874
209,7893,14357,6698,4715,-129980216,819524,-13462,29874
210,7438,14598,6547,4923,-106423964,546209,-13279,29956
211,6976,14824,6357,5165,-78131084,268946,-13279,29956
212,6507,15036,6192,5362,-54387512,-69376,-13279,29956
213,6031,15233,6020,5554,-30574773,-354493,-13279,29956
214,5550,15415,5843,5740,-6709544,-643001,-13279,29956
215,5063,15582,5660,5921,17121705,-934701,-13279,29956
216,4571,15733,5471,6096,40962209,-1228530,-13279,29956
217,4074,15869,5277,6265,64752056,-1525019,-13279,29956
218,3574,15989,5077,6428,88507923,-1823428,-13462,29874
219,3070,16093,4913,6554,107528604,-2123958,-13462,29874
220,2563,16182,4705,6705,131076796,-2368501,-13645,29791
221,2053,16254,4534,6822,149948104,-2671033,-13645,29791
222,1542,16311,4317,6961,173262976,-2918276,-13828,29706
223,1029,16351,4140,7068,191856630,-3222456,-13828,29706
224,515,16375,3916,7194,214824692,-3470773,-14010,29621
225,0,16384,3733,7291,233160160,-3775142,-14191,29534
226,-515,16375,3547,7383,251379712,-4024708,-14372,29447
227,-1029,16351,3359,7470,269419910,-4274799,-14372,29447
228,-1542,16311,3123,7572,291581076,-4524620,-14553,29358
229,-2053,16254,2931,7649,309195117,-4827301,-14732,29268
230,-2563,16182,2736,7720,326600144,-5076149,-15090,29085
231,-3070,16093,2588,7771,339687615,-5324295,-15269,28992
232,-3574,15989,2391,7834,356725509,-5520936,-15446,28898
233,-4074,15869,2192,7892,373569484,-5767801,-15623,28803
234,-4571,15733,1992,7945,390144944,-6014089,-15800,28706
235,-5063,15582,1790,7993,406487024,-6258857,-16151,28510
236,-5550,15415,1637,8026,418696581,-6502511,-16325,28411
237,-6031,15233,1433,8065,434590490,-6696834,-16673,28208
238,-6507,15036,1279,8090,446389966,-6937999,-16846,28105
239,-6976,14824,1074,8120,461786481,-7130256,-17189,27896
240,-7438,14598,918,8139,473233528,-7368231,-17530,27683
241,-7893,14357,762,8155,484507788,-7559037,-17700,27575
242,-8340,14102,556,8172,499130950,-7748930,-18037,27356
243,-8779,13833,399,8181,509994158,-7981418,-18371,27133
244,-9209,13550,243,8188,520684362,-8168997,-18703,26905
245,-9630,13255,86,8190,531141172,-8355598,-19032,26674
246,-10042,12946,-71,8191,-532240570,-8540456,-19357,26438
247,-10443,12624,-228,8188,-521754668,4545805,-19680,26198
248,-10835,12289,-384,8182,-511096398,4473052,-20000,25955
249,-11215,11943,-541,8173,-500218570,4397049,-19680,26198
250,-11585,11585,-897,8141,-474821584,4317194,-19519,26319
251,-11943,11215,-1203,8102,-452255230,4056726,-19357,26438
252,-12289,10835,-1506,8051,-429022542,3828530,-19195,26556
253,-12624,10443,-1807,7989,-405252756,3589688,-19032,26674
254,-12946,10042,-2106,7916,-380835150,3341727,-18868,26790
255,-13255,9630,-2401,7832,-355939424,3083220,-18868,26790
256,-13550,9209,-2646,7752,-334680430,2816195,-18703,26905
257,-13833,8779,-2935,7647,-308866972,2591460,-18537,27019
258,-14102,8340,-3220,7532,-282604618,2308163,-18371,27133
259,-14357,7893,-3501,7405,-255941636,2016560,-18371,27133
260,-14598,7438,-3732,7292,-233367038,1717201,-18204,27245
261,-14824,6976,-4003,7147,-206069144,1465525,-18204,27245
262,-15036,6507,-4225,7017,-183028440,1153059,-18037,27356
263,-15233,6031,-4486,6854,-155251767,890295,-18037,27356
264,-15415,5550,-4699,6709,-131808856,566535,-18037,27356
265,-15582,5063,-4908,6559,-108278765,293372,-17869,27466
266,-15733,4571,-5150,6370,-79990651,16627,-17869,27466
267,-15869,4074,-5348,6205,-56236684,-321438,-17869,27466
268,-15989,3574,-5540,6034,-32399997,-606485,-17869,27466
269,-16093,3070,-5727,5857,-8580857,-895091,-17869,27466
270,-16182,2563,-5908,5674,15266071,-1186026,-17869,27466
271,-16254,2053,-6084,5486,39105049,-1479849,-18037,27356
272,-16311,1542,-6220,5330,58279197,-1776121,-18037,27356
273,-16351,1029,-6385,5132,82006203,-2017284,-18037,27356
274,-16375,515,-6543,4929,105665572,-2316766,-18204,27245
275,-16384,0,-6665,4762,124640140,-2617946,-18204,27245
276,-16375,-515,-6812,4551,148127744,-2863751,-18371,27133
277,-16351,-1029,-6924,4377,166912310,-3167362,-18371,27133
278,-16311,-1542,-7059,4157,190091078,-3415354,-18537,27019
279,-16254,-2053,-7161,3977,208597254,-3719663,-18703,26905
280,-16182,-2563,-7259,3795,226948532,-3968697,-18868,26790
281,-16093,-3070,-7353,3611,245215258,-4217793,-19032,26674
282,-15989,-3574,-7442,3423,263300126,-4467804,-19195,26556
283,-15869,-4074,-7526,3234,281209103,-4717518,-19357,26438
284,-15733,-4571,-7606,3043,298937219,-4966990,-19519,26319
285,-15582,-5063,-7680,2850,316509898,-5216140,-19680,26198
286,-15415,-5550,-7750,2655,333843790,-5465262,-19841,26077
287,-15233,-6031,-7814,2458,350972840,-5713310,-20000,25955
288,-15036,-6507,-7874,2260,367867120,-5960677,-20159,25832
289,-14824,-6976,-7929,2060,384562665,-6206972,-20475,25582
290,-14598,-7438,-7967,1908,396999800,-6452616,-20631,25456
291,-14357,-7893,-8012,1706,413230456,-6647410,-20942,25201
292,-14102,-8340,-8043,1552,425353162,-6890419,-21096,25072
293,-13833,-8779,-8080,1348,441110672,-7084389,-21403,24811
294,-13550,-9209,-8105,1194,452855570,-7324579,-21554,24680
295,-13255,-9630,-8132,988,468126206,-7516858,-21856,24413
296,-12946,-10042,-8150,833,479463505,-7753968,-22154,24143
297,-12624,-10443,-8164,676,490664068,-7944094,-22448,23870
298,-12289,-10835,-8176,520,501650202,-8133741,-22739,23592
299,-11943,-11215,-8184,363,512478902,-8321935,-22884,23452
300,-11585,-11585,-8190,157,526441864,-8509356,-23170,23170
301,-11215,-11943,-8192,0,536848900,-8736672,-23452,22884
302,-10835,-12289,-8190,-158,-526441864,-8921530,-23731,22594
303,-10443,-12624,-8186,-314,-515903968,4162997,-24007,22301
304,-10042,-12946,-8179,-471,-505130988,4088982,-24413,21856
305,-9630,-13255,-8172,-577,-497736220,4010936,-24279,22005
306,-9209,-13550,-8145,-884,-475856790,3973493,-24143,22154
307,-8779,-13833,-8105,-1188,-453300023,3756235,-24007,22301
308,-8340,-14102,-8055,-1492,-430137030,3528268,-23870,22448
309,-7893,-14357,-7994,-1793,-406345164,3290399,-23731,22594
310,-7438,-14598,-7920,-2092,-381967134,3042284,-23592,22739
311,-6976,-14824,-7836,-2388,-357062072,2784383,-23452,22884
312,-6507,-15036,-7741,-2680,-331659968,2517364,-23311,23027
313,-6031,-15233,-7635,-2969,-305791590,2241542,-23311,23027
314,-5550,-15415,-7538,-3208,-283790650,1957243,-23170,23170
315,-5063,-15582,-7413,-3488,-257187000,1717981,-23170,23170
316,-4571,-15733,-7299,-3719,-234619420,1419482,-23027,23311
317,-4074,-15869,-7154,-3991,-207342826,1168025,-23027,23311
318,-3574,-15989,-7025,-4214,-184274216,855956,-22884,23452
319,-3070,-16093,-6863,-4474,-156523112,592983,-22884,23452
320,-2563,-16182,-6718,-4687,-133110696,269672,-22884,23452
321,-2053,-16254,-6568,-4896,-109567792,-2979,-22884,23452
322,-1542,-16311,-6411,-5100,-85895536,-279743,-22884,23452
323,-1029,-16351,-6248,-5299,-62185464,-560620,-22884,23452
324,-515,-16375,-6078,-5492,-38392376,-844493,-22884,23452
325,0,-16384,-5903,-5680,-14562040,-1131925,-22884,23452
326,515,-16375,-5721,-5863,9306112,-1422359,-22884,23452
327,1029,-16351,-5534,-6040,33164040,-1715805,-22884,23452
328,1542,-16311,-5342,-6211,56967112,-2011674,-23027,23311
329,2053,-16254,-5183,-6344,76085520,-2309414,-23027,23311
330,2563,-16182,-4981,-6503,99748050,-2551795,-23170,23170
331,3070,-16093,-4815,-6628,118769420,-2852382,-23170,23170
332,3574,-15989,-4605,-6776,142263800,-3098134,-23311,23027
333,4074,-15869,-4432,-6890,161071136,-3401202,-23452,22884
334,4571,-15733,-4257,-7000,179759272,-3648849,-23452,22884
335,5063,-15582,-4034,-7130,202865512,-3897032,-23592,22739
336,5550,-15415,-3853,-7230,221282407,-4201817,-23731,22594
337,6031,-15233,-3669,-7325,239576895,-4451112,-23870,22448
338,6507,-15036,-3483,-7415,257682532,-4700861,-24007,22301
339,6976,-14824,-3294,-7501,275674740,-4950230,-24143,22154
340,7438,-14598,-3103,-7582,293482936,-5200131,-24279,22005
341,7893,-14357,-2911,-7658,311064540,-5449679,-24413,21856
342,8340,-14102,-2716,-7729,328490368,-5698329,-24547,21705
343,8779,-13833,-2520,-7795,345663796,-5946931,-24811,21403
344,9209,-13550,-2370,-7842,358569842,-6194275,-24942,21250
345,9630,-13255,-2171,-7899,375355528,-6390710,-25201,20942
346,10042,-12946,-2020,-7939,387904045,-6636475,-25329,20787
347,10443,-12624,-1819,-7988,404296140,-6831663,-25582,20475
348,10835,-12289,-1666,-8021,416502483,-7075696,-25708,20317
349,11215,-11943,-1462,-8061,432430876,-7269746,-25955,20000
350,11585,-11585,-1308,-8087,444264760,-7511103,-26077,19841
351,11943,-11215,-1103,-8118,459715970,-7703554,-26319,19519
352,12289,-10835,-947,-8137,471181234,-7941978,-26556,19195
353,12624,-10443,-792,-8154,482477604,-8132788,-26790,18868
354,12946,-10042,-635,-8168,493657146,-8322735,-27019,18537
355,13255,-9630,-479,-8178,504591732,-8512445,-27245,18204
356,13550,-9209,-322,-8186,515361665,-8700321,-27466,17869
357,13833,-8779,-165,-8190,525910477,-8887330,-27683,17530
358,14102,-8340,-9,-8192,536298242,-9072756,-27896,17189
359,14357,-7893,148,-8191,-526999014,-9257319,-28105,16846
360,14598,-7438,305,-8186,-516443706,3827347,-28310,16499
361,14824,-6976,462,-8179,-505706320,3753176,-28510,16151
362,15036,-6507,618,-8169,-494764952,3675628,-28411,16325
363,15233,-6031,924,-8140,-472822248,3594412,-28310,16499
364,15415,-5550,1229,-8099,-450160042,3376055,-28310,16499
365,15582,-5063,1483,-8057,-430756515,3146461,-28208,16673
366,15733,-4571,1784,-7995,-406970873,2954723,-28105,16846
367,15869,-4074,2083,-7923,-382608868,2706751,-28001,17018
368,15989,-3574,2380,-7839,-357696633,2449115,-27896,17189
369,16093,-3070,2672,-7744,-332328013,2182076,-27896,17189
370,16182,-2563,2914,-7656,-310718701,1906735,-27790,17360
371,16254,-2053,3199,-7541,-284497710,1675148,-27790,17360
372,16311,-1542,3435,-7437,-262222170,1384254,-27683,17530
373,16351,-1029,3711,-7303,-235324029,1139324,-27683,17530
374,16375,-515,3939,-7183,-212535880,834881,-27575,17700
375,16384,0,4205,-7030,-185019750,578363,-27575,17700
376,16375,515,4425,-6894,-161792000,260975,-27575,17700
377,16351,1029,4639,-6751,-138386500,-6349,-27575,17700
378,16311,1542,4849,-6602,-114878150,-278351,-27575,17700
379,16254,2053,5054,-6447,-91257075,-554124,-27575,17700
380,16182,2563,5253,-6285,-67558675,-833802,-27575,17700
381,16093,3070,5448,-6117,-43757425,-1116958,-27575,17700
382,15989,3574,5638,-5943,-19924125,-1403917,-27575,17700
383,15869,4074,5822,-5763,3921475,-1693814,-27575,17700
384,15733,4571,6000,-5577,27743975,-1986409,-27683,17530
385,15582,5063,6139,-5424,46931474,-2281265,-27683,17530
386,15415,5550,6306,-5228,70709373,-2521379,-27790,17360
387,15233,6031,6436,-5067,89804050,-2820278,-27790,17360
388,15036,6507,6592,-4862,113419460,-3063834,-27896,17189
389,14824,6976,6713,-4694,132377643,-3365304,-28001,17018
390,14598,7438,6829,-4523,151240552,-3611735,-28001,17018
391,14357,7893,6968,-4306,174521488,-3859013,-28105,16846
392,14102,8340,7075,-4129,193152780,-4162911,-28208,16673
393,13833,8779,7177,-3949,211640970,-4411828,-28310,16499
394,13550,9209,7274,-3766,229996648,-4660966,-28411,16325
395,13255,9630,7367,-3581,248208524,-4910441,-28510,16151
396,12946,10042,7455,-3394,266266885,-5160100,-28609,15976
397,12624,10443,7539,-3204,284175752,-5409806,-28706,15800
398,12289,10835,7617,-3012,301850814,-5659594,-28803,15623
399,11943,11215,7691,-2819,319386690,-5908405,-28992,15269
400,11585,11585,7743,-2671,332493326,-6157383,-29085,15090
401,11215,11943,7808,-2474,349635300,-6353491,-29177,14912
402,10835,12289,7868,-2276,366572952,-6600874,-29358,14553
403,10443,12624,7911,-2125,379210104,-6847563,-29447,14372
404,10042,12946,7962,-1924,395742831,-7042908,-29621,14010
405,9630,13255,7998,-1772,408081264,-7287751,-29791,13645
406,9209,13550,8030,-1618,420258200,-7482520,-29874,13462
407,8779,13833,8068,-1415,436064692,-7676611,-30037,13094
408,8340,14102,8094,-1260,447888526,-7916862,-30195,12725
409,7893,14357,8116,-1105,459558040,-8109577,-30349,12353
410,7438,14598,8136,-949,471030186,-8301648,-30498,11980
411,6976,14824,8153,-793,482356960,-8492526,-30571,11793
412,6507,15036,8170,-587,497008608,-8682833,-30714,11417
413,6031,15233,8180,-431,507916137,-8915444,-30852,11039
414,5550,15415,8187,-274,518633400,-9103344,-31050,10469
415,5063,15582,8189,-168,525790835,-9290057,-31176,10087
416,4571,15733,8191,-11,536186459,-9433917,-31297,9704
417,4074,15869,8190,146,-527138240,-9618564,-31414,9319
418,3574,15989,8185,303,-516571797,3466453,-31526,8933
419,3070,16093,8178,460,-505839943,3392160,-31685,8351
420,2563,16182,8171,566,-498424582,3314694,-31633,8545
421,2053,16254,8144,872,-476586230,3277072,-31580,8739
422,1542,16311,8106,1178,-454032521,3060395,-31526,8933
423,1029,16351,8056,1481,-430902201,2832544,-31470,9126
424,515,16375,7994,1782,-407120028,2595157,-31470,9126
425,0,16384,7934,2032,-386789940,2347243,-31414,9319
426,-515,16375,7853,2329,-362004480,2139455,-31356,9512
427,-1029,16351,7759,2623,-336648480,1874429,-31356,9512
428,-1542,16311,7673,2865,-315118072,1599704,-31297,9704
429,-2053,16254,7561,3151,-288979881,1369554,-31297,9704
430,-2563,16182,7458,3387,-266797569,1080154,-31237,9896
431,-3070,16093,7325,3665,-239916183,836855,-31237,9896
432,-3574,15989,7206,3893,-217162403,533108,-31237,9896
433,-4074,15869,7081,4117,-194211907,277505,-31237,9896
434,-4571,15733,6948,4338,-171084487,17041,-31237,9896
435,-5063,15582,6808,4554,-147739010,-248062,-31176,10087
436,-5550,15415,6633,4806,-119694229,-518330,-31176,10087
437,-6031,15233,6478,5012,-96077285,-849173,-31237,9896
438,-6507,15036,6349,5174,-77014330,-1128285,-31237,9896
439,-6976,14824,6184,5371,-53230845,-1353634,-31237,9896
440,-7438,14598,6012,5563,-29415176,-1639363,-31237,9896
441,-7893,14357,5834,5749,-5588664,-1928030,-31237,9896
442,-8340,14102,5651,5930,18270032,-2219375,-31297,9704
443,-8779,13833,5499,6070,37443854,-2513663,-31297,9704
444,-9209,13550,5306,6240,61251810,-2752596,-31356,9512
445,-9630,13255,5146,6372,80367212,-3050853,-31356,9512
446,-10042,12946,4944,6531,104016620,-3293655,-31414,9319
447,-10443,12624,4777,6654,122998916,-3594537,-31470,9126
448,-10835,12289,4607,6772,141873372,-3840262,-31526,8933
449,-11215,11943,4434,6887,160727888,-4086681,-31526,8933
450,-11585,11585,4216,7022,183919486,-4334870,-31580,8739
451,-11943,11215,4037,7127,202482630,-4638677,-31633,8545
452,-12289,10835,3856,7226,220913934,-4887756,-31685,8351
453,-12624,10443,3672,7322,239178514,-5137188,-31736,8157
454,-12946,10042,3485,7413,257373735,-5386528,-31833,7767
455,-13255,9630,3343,7478,270990828,-5636962,-31880,7571
456,-13550,9209,3153,7560,288827335,-5832755,-31926,7375
457,-13833,8779,2961,7637,306438391,-6082153,-32014,6983
458,-14102,8340,2814,7692,319698352,-6330670,-32057,6786
459,-14357,7893,2619,7761,337003846,-6527290,-32098,6590
460,-14598,7438,2422,7825,354108972,-6775327,-32176,6195
461,-14824,6976,2271,7870,366893180,-7022736,-32213,5998
462,-15036,6507,2072,7924,383564024,-7218567,-32285,5602
463,-15233,6031,1920,7963,396042651,-7463801,-32351,5205
464,-15415,5550,1767,7998,408373022,-7659002,-32382,5007
465,-15582,5063,1564,8040,424420185,-7853703,-32441,4609
466,-15733,4571,1410,8069,436399684,-8095659,-32495,4210
467,-15869,4074,1255,8094,448189030,-8289055,-32545,3811
468,-15989,3574,1100,8117,459871048,-8481380,-32589,3412
469,-16093,3070,944,8136,471341391,-8673638,-32628,3012
470,-16182,2563,788,8153,482633400,-8864527,-32663,2611
471,-16254,2053,632,8167,493780592,-9054437,-32692,2210
472,-16311,1542,476,8177,504717562,-9243763,-32717,1809
473,-16351,1029,319,8185,515493450,-9431682,-32737,1407
474,-16375,515,162,8189,526049974,-9618778,-32752,1005
475,-16384,0,6,8191,536421170,-9804314,-32765,402
476,-16375,-515,-101,8191,-530235392,-9988687,-32766,-201
477,-16351,-1029,-208,8188,-523063650,3137485,-32761,-603
478,-16311,-1542,-364,8183,-512444182,3105480,-32745,-1206
479,-16254,-2053,-471,8178,-505141623,3030096,-32752,-1005
480,-16182,-2563,-777,8154,-483509687,2994574,-32757,-804
481,-16093,-3070,-1083,8119,-461188563,2781166,-32761,-603
482,-15989,-3574,-1387,8073,-438201792,2556929,-32761,-603
483,-15869,-4074,-1640,8025,-418524304,2322081,-32765,-402
484,-15733,-4571,-1940,7958,-394480261,2125679,-32766,-201
485,-15582,-5063,-2238,7880,-369815196,1873207,-32766,-201
486,-15415,-5550,-2484,7806,-348815199,1610491,-32766,201
487,-15233,-6031,-2823,7690,-319022625,1390439,-32766,201
488,-15036,-6507,-3063,7597,-297238668,1059471,-32766,201
489,-14824,-6976,-3300,7497,-275131071,824304,-32765,402
490,-14598,-7438,-3579,7368,-248376120,582811,-32765,402
491,-14357,-7893,-3809,7252,-225738928,281517,-32765,402
492,-14102,-8340,-4035,7129,-202848460,28259,-32765,402
493,-13833,-8779,-4257,6999,-179770246,-230547,-32765,402
494,-13550,-9209,-4474,6862,-156504286,-494119,-32765,402
495,-13255,-9630,-4688,6717,-133083747,-762476,-32765,402
496,-12946,-10042,-4896,6567,-109573355,-1035229,-32765,402
497,-12624,-10443,-5100,6410,-85908384,-1311594,-32765,402
498,-12289,-10835,-5299,6247,-62187531,-1592381,-32765,402
499,-11943,-11215,-5493,6077,-38344462,-1876386,-32765,402
500,-11585,-11585,-5681,5902,-14543404,-2164435,-32766,201
501,-11215,-11943,-5828,5756,4657170,-2454512,-32766,201
502,-10835,-12289,-6006,5570,28508406,-2690271,-32766,-201
503,-10443,-12624,-6111,5454,42993840,-2985561,-32766,-201
504,-10042,-12946,-6280,5259,66826179,-3167641,-32765,-402
505,-9630,-13255,-6411,5099,85908384,-3466792,-32761,-603
506,-9209,-13550,-6538,4935,104958970,-3709779,-32757,-804
507,-8779,-13833,-6660,4769,123899901,-3954413,-32757,-804
508,-8340,-14102,-6807,4557,147373830,-4199727,-32752,-1005
509,-7893,-14357,-6920,4384,166162814,-4503090,-32745,-1206
510,-7438,-14598,-7029,4207,184830180,-4751056,-32737,-1407
511,-6976,-14824,-7133,4028,203392268,-4999526,-32728,-1608
512,-6507,-15036,-7232,3847,221794944,-5248689,-32717,-1809
513,-6031,-15233,-7327,3663,240072006,-5497864,-32692,-2210
514,-5550,-15415,-7396,3522,253838344,-5747452,-32678,-2410
515,-5063,-15582,-7483,3334,271842820,-5943242,-32663,-2611
516,-4571,-15733,-7565,3144,289678002,-6192884,-32628,-3012
517,-4074,-15869,-7623,2998,303038088,-6442357,-32609,-3212
518,-3574,-15989,-7697,2804,320566239,-6638424,-32589,-3412
519,-3070,-16093,-7765,2609,337843479,-6887434,-32545,-3811
520,-2563,-16182,-7814,2460,350803342,-7135215,-32495,-4210
521,-2053,-16254,-7859,2310,363632955,-7331480,-32469,-4410
522,-1542,-16311,-7915,2110,380358399,-7527519,-32412,-4808
523,-1029,-16351,-7954,1959,392855604,-7773080,-32351,-5205
524,-515,-16375,-7990,1806,405219122,-7968168,-32318,-5404
525,0,-16384,-8033,1604,421289920,-8162938,-32250,-5800
526,515,-16375,-8063,1450,433356800,-8404850,-32176,-6195
527,1029,-16351,-8089,1295,445199940,-8598991,-32098,-6590
528,1542,-16311,-8112,1140,456891260,-8791656,-32014,-6983
529,2053,-16254,-8133,984,468414015,-8983709,-31926,-7375
530,2563,-16182,-8150,828,479736907,-9174928,-31833,-7767
531,3070,-16093,-8164,672,490930812,-9364907,-31736,-8157
532,3574,-15989,-8176,516,501928357,-9554501,-31580,-8739
533,4074,-15869,-8182,409,509304855,-9742864,-31470,-9126
534,4571,-15733,-8188,253,519965040,-9887647,-31356,-9512
535,5063,-15582,-8191,96,530479280,-10073803,-31237,-9896
536,5550,-15415,-8192,-61,-532884923,-10259294,-31050,-10469
537,6031,-15233,-8190,-168,-525790835,2826821,-30919,-10849
538,6507,-15036,-8186,-324,-515209774,2796059,-30714,-11417
539,6976,-14824,-8181,-431,-507916137,2721441,-30783,-11228
540,7438,-14598,-8159,-737,-486355384,2686324,-30852,-11039
541,7893,-14357,-8126,-1043,-464155724,2474092,-30852,-11039
542,8340,-14102,-8089,-1298,-445045078,2251661,-30919,-10849
543,8779,-13833,-8034,-1601,-421628536,2065037,-30985,-10659
544,9209,-13550,-7969,-1901,-397619498,1823153,-30985,-10659
545,9630,-13255,-7905,-2151,-377094066,1571445,-31050,-10469
546,10042,-12946,-7819,-2446,-352139315,1360228,-31050,-10469
547,10443,-12624,-7738,-2690,-330830572,1092074,-31050,-10469
548,10835,-12289,-7650,-2932,-309208473,866318,-31113,-10278
549,11215,-11943,-7534,-3217,-282906774,634413,-31113,-10278
550,11585,-11585,-7429,-3452,-260668188,342361,-31113,-10278
551,11943,-11215,-7317,-3684,-238141260,97718,-31113,-10278
552,12289,-10835,-7198,-3912,-215367660,-152864,-31113,-10278
553,12624,-10443,-7072,-4135,-192430170,-408901,-31113,-10278
554,12946,-10042,-6938,-4356,-169225173,-669396,-31113,-10278
555,13255,-9630,-6798,-4572,-145918512,-935648,-31113,-10278
556,13550,-9209,-6651,-4783,-122427405,-1205635,-31113,-10278
557,13833,-8779,-6497,-4989,-98855469,-1480391,-31113,-10278
558,14102,-8340,-6338,-5191,-75161034,-1758655,-31113,-10278
559,14357,-7893,-6172,-5387,-51385770,-2040951,-31050,-10469
560,14598,-7438,-6034,-5542,-32228050,-2326777,-31050,-10469
561,14824,-6976,-5856,-5729,-8376884,-2558071,-30985,-10659
562,15036,-6507,-5710,-5875,10804080,-2849421,-30985,-10659
563,15233,-6031,-5522,-6051,34644228,-3085596,-30919,-10849
564,15415,-5550,-5368,-6189,53823502,-3381406,-30919,-10849
565,15582,-5063,-5171,-6354,77566650,-3622155,-30852,-11039
566,15733,-4571,-5009,-6483,96632033,-3921361,-30783,-11228
567,15869,-4074,-4843,-6607,115626534,-4165287,-30714,-11417
568,15989,-3574,-4674,-6728,134582399,-4410374,-30643,-11605
569,16093,-3070,-4503,-6844,153404230,-4657012,-30571,-11793
570,16182,-2563,-4328,-6955,172136874,-4904018,-30498,-11980
571,16254,-2053,-4151,-7062,190787162,-5151932,-30424,-12167
572,16311,-1542,-3971,-7165,209309955,-5400829,-30349,-12353
573,16351,-1029,-3789,-7263,227686272,-5650142,-30273,-12539
574,16375,-515,-3604,-7357,245915086,-5899623,-30117,-12910
575,16384,0,-3463,-7424,259605720,-6149244,-30037,-13094
576,16375,515,-3274,-7510,277594112,-6344722,-29956,-13279
577,16351,1029,-3083,-7590,295351900,-6594781,-29791,-13645
578,16311,1542,-2937,-7647,308698890,-6843911,-29706,-13828
579,16254,2053,-2743,-7719,326115486,-7040422,-29534,-14191
580,16182,2563,-2595,-7770,339152547,-7288658,-29358,-14553
581,16093,3070,-2446,-7819,352118403,-7484625,-29268,-14732
582,15989,3574,-2247,-7878,369007848,-7681104,-29085,-15090
583,15869,4074,-2096,-7919,381647505,-7927462,-28898,-15446
584,15733,4571,-1944,-7958,394127244,-8123098,-28706,-15800
585,15582,5063,-1791,-7994,406487024,-8318108,-28609,-15976
586,15415,5550,-1589,-8037,422581261,-8512968,-28411,-16325
587,15233,6031,-1434,-8066,434590490,-8755305,-28208,-16673
588,15036,6507,-1280,-8091,446389966,-8948872,-28001,-17018
589,14824,6976,-1125,-8115,458079021,-9141129,-27790,-17360
590,14598,7438,-969,-8134,469580720,-9333281,-27466,-17869
591,14357,7893,-864,-8147,477298736,-9524366,-27245,-18204
592,14102,8340,-707,-8162,488530594,-9669915,-27019,-18537
593,13833,8779,-551,-8173,499550204,-9859718,-26790,-18868
594,13550,9209,-394,-8183,510416608,-10048097,-26438,-19357
595,13255,9630,-288,-8187,517673705,-10235760,-26198,-19680
596,12946,10042,-131,-8191,528201230,-10379974,-25955,-20000
597,12624,10443,26,-8192,-535133320,-10565384,-25582,-20475
598,12289,10835,132,-8191,-528091167,2520608,-25329,-20787
599,11943,11215,289,-8187,-517506954,2490728,-24942,-21250
600,11585,11585,395,-8182,-510265276,2416317,-25072,-21096
601,11215,11943,702,-8162,-488794320,2382088,-25072,-21096
602,10835,12289,958,-8135,-470288752,2171217,-25201,-20942
603,10443,12624,1263,-8094,-447620554,1994704,-25329,-20787
604,10042,12946,1566,-8041,-424251180,1764765,-25329,-20787
605,9630,13255,1818,-7988,-404296140,1523739,-25456,-20631
606,9209,13550,2117,-7914,-379862435,1322417,-25456,-20631
607,8779,13833,2364,-7843,-359036433,1063609,-25456,-20631
608,8340,14102,2609,-7765,-337853548,846781,-25582,-20475
609,7893,14357,2899,-7662,-312096466,623317,-25582,-20475
610,7438,14598,3138,-7567,-290206702,341055,-25582,-20475
611,6976,14824,3374,-7465,-268019980,103841,-25582,-20475
612,6507,15036,3607,-7355,-245587464,-139382,-25582,-20475
613,6031,15233,3836,-7238,-222904047,-388012,-25582,-20475
614,5550,15415,4061,-7114,-199974836,-642139,-25582,-20475
615,5063,15582,4283,-6983,-176891945,-901727,-25582,-20475
616,4571,15733,4500,-6845,-153609317,-1165664,-25582,-20475
617,4074,15869,4713,-6700,-130178116,-1434535,-25582,-20475
618,3574,15989,4921,-6549,-106593235,-1707729,-25582,-20475
619,3070,16093,5124,-6391,-82951895,-1985325,-25456,-20631
620,2563,16182,5284,-6259,-63838365,-2266138,-25456,-20631
621,2053,16254,5478,-6090,-40042831,-2493514,-25329,-20787
622,1542,16311,5630,-5949,-20850480,-2780800,-25329,-20787
623,1029,16351,5814,-5770,2973690,-3013734,-25201,-20942
624,515,16375,5958,-5621,22157762,-3305965,-25201,-20942
625,0,16384,6132,-5431,45977480,-3543391,-25072,-21096
626,-515,16375,6268,-5274,65142784,-3840161,-24942,-21250
627,-1029,16351,6399,-5114,84245380,-4081948,-24811,-21403
628,-1542,16311,6526,-4951,103278414,-4325007,-24680,-21554
629,-2053,16254,6649,-4784,122281014,-4569247,-24547,-21705
630,-2563,16182,6767,-4615,141149224,-4815144,-24413,-21856
631,-3070,16093,6882,-4442,159964821,-5061409,-24279,-22005
632,-3574,15989,6992,-4267,178687362,-5309039,-24143,-22154
633,-4074,15869,7098,-4089,197267599,-5557529,-24007,-22301
634,-4571,15733,7199,-3908,215731306,-5806260,-23870,-22448
635,-5063,15582,7296,-3725,234091904,-6055535,-23592,-22739
636,-5550,15415,7365,-3584,247865299,-6305508,-23452,-22884
637,-6031,15233,7454,-3397,265920520,-6500746,-23170,-23170
638,-6507,15036,7517,-3254,279476540,-6750377,-23027,-23311
639,-6976,14824,7597,-3062,297251142,-6946328,-22739,-23592
640,-7438,14598,7654,-2916,310560184,-7195867,-22594,-23731
641,-7893,14357,7726,-2722,327967424,-7392112,-22301,-24007
642,-8340,14102,7776,-2574,341016002,-7640431,-22005,-24279
643,-8779,13833,7824,-2425,353940612,-7836738,-21856,-24413
644,-9209,13550,7883,-2226,370824570,-8032906,-21554,-24680
645,-9630,13255,7924,-2075,383411606,-8279391,-21250,-24942
646,-10042,12946,7962,-1923,395891500,-8474571,-20942,-25201
647,-10443,12624,7998,-1770,408230992,-8669771,-20631,-25456
648,-10835,12289,8030,-1617,420375741,-8864569,-20317,-25708
649,-11215,11943,8060,-1462,432430876,-9058278,-20000,-25955
650,-11585,11585,8086,-1308,444264760,-9252176,-19680,-26198
651,-11943,11215,8109,-1153,455985600,-9444627,-19357,-26438
652,-12289,10835,8130,-997,467516270,-9636945,-18868,-26790
653,-12624,10443,8142,-892,475256292,-9828165,-18537,-27019
654,-12946,10042,8158,-735,486521418,-9973765,-18204,-27245
655,-13255,9630,8171,-579,497593032,-10163761,-17869,-27466
656,-13550,9209,8180,-422,508496315,-10352569,-17360,-27790
657,-13833,8779,8185,-316,515732630,-10540479,-17018,-28001
658,-14102,8340,8189,-159,526328070,-10684231,-16499,-28310
659,-14357,7893,8191,-53,533392778,-10870273,-16151,-28510
660,-14598,7438,8190,104,-529947436,-11013809,-15623,-28803
661,-14824,6976,8188,210,-522842228,2071698,-15269,-28992
662,-15036,6507,8183,367,-512194488,2040484,-14732,-29268
663,-15233,6031,8177,473,-504871296,1964727,-14912,-29177
664,-15415,5550,8154,781,-483199504,1928923,-14912,-29177
665,-15582,5063,8125,1036,-464588925,1714993,-14912,-29177
666,-15733,4571,8089,1291,-445499837,1536584,-15090,-29085
667,-15869,4074,8034,1593,-422107260,1350273,-15090,-29085
668,-15989,3574,7980,1845,-402055605,1108734,-15269,-28992
669,-16093,3070,7905,2144,-377605861,905989,-15269,-28992
670,-16182,2563,7834,2391,-356725509,646743,-15269,-28992
671,-16254,2053,7755,2636,-335506529,429002,-15446,-28898
672,-16311,1542,7651,2925,-309687040,204845,-15446,-28898
673,-16351,1029,7555,3164,-287794020,-78439,-15446,-28898
674,-16375,515,7452,3399,-265583628,-315951,-15446,-28898
675,-16384,0,7341,3632,-243113660,-559724,-15446,-28898
676,-16375,-515,7224,3861,-220397568,-809077,-15446,-28898
677,-16351,-1029,7099,4086,-197439340,-1063872,-15446,-28898
678,-16311,-1542,6967,4307,-174323676,-1324086,-15269,-28992
679,-16254,-2053,6856,4482,-155585391,-1588699,-15269,-28992
680,-16182,-2563,6712,4695,-132185809,-1801678,-15269,-28992
681,-16093,-3070,6561,4904,-108624643,-2074270,-15090,-29085
682,-15989,-3574,6435,5067,-89604285,-2351359,-15090,-29085
683,-15869,-4074,6273,5267,-65884605,-2574842,-15090,-29085
684,-15733,-4571,6104,5461,-42117705,-2858438,-14912,-29177
685,-15582,-5063,5964,5614,-22900426,-3145151,-14732,-29268
686,-15415,-5550,5820,5763,-3727952,-3378171,-14732,-29268
687,-15233,-6031,5636,5943,20127560,-3612690,-14553,-29358
688,-15036,-6507,5484,6084,39302676,-3907137,-14372,-29447
689,-14824,-6976,5329,6221,58462533,-4146284,-14191,-29534
690,-14598,-7438,5169,6353,77580968,-4387291,-14010,-29621
691,-14357,-7893,5007,6482,96638000,-4629833,-13828,-29706
692,-14102,-8340,4842,6607,115653416,-4873658,-13645,-29791
693,-13833,-8779,4673,6727,134565348,-5119004,-13462,-29874
694,-13550,-9209,4502,6843,153419548,-5365102,-13279,-29956
695,-13255,-9630,4327,6954,172177765,-5612506,-13094,-30037
696,-12946,-10042,4151,7062,190772065,-5860738,-12910,-30117
697,-12624,-10443,3971,7165,209315312,-6108948,-12539,-30273
698,-12289,-10835,3833,7239,223211700,-6358513,-12353,-30349
699,-11943,-11215,3648,7333,241523326,-6552625,-11980,-30498
700,-11585,-11585,3507,7402,255230296,-6802792,-11793,-30571
701,-11215,-11943,3319,7488,273243810,-6998003,-11417,-30714
702,-10835,-12289,3175,7550,286754678,-7247905,-11228,-30783
703,-10443,-12624,2983,7628,304394754,-7444080,-10849,-30919
704,-10042,-12946,2837,7684,317688222,-7692734,-10469,-31050
705,-9630,-13255,2689,7737,330830572,-7889550,-10087,-31176
706,-9209,-13550,2540,7787,343853995,-8085918,-9896,-31237
707,-8779,-13833,2343,7849,360822881,-8282220,-9512,-31356
708,-8340,-14102,2192,7892,373558568,-8528677,-9126,-31470
709,-7893,-14357,2041,7933,386135832,-8724626,-8739,-31580
710,-7438,-14598,1888,7970,398575870,-8919977,-8351,-31685
711,-6976,-14824,1735,8005,410887236,-9114975,-7962,-31785
712,-6507,-15036,1582,8037,423020280,-9309712,-7571,-31880
713,-6031,-15233,1428,8065,435006573,-9503560,-6983,-32014
714,-5550,-15415,1323,8083,443079340,-9696890,-6590,-32098
715,-5063,-15582,1168,8107,454806120,-9843131,-6195,-32176
716,-4571,-15733,1012,8128,466355119,-10035396,-5800,-32250
717,-4074,-15869,856,8146,477737700,-10226716,-5205,-32351
718,-3574,-15989,750,8157,485383360,-10417213,-4808,-32412
719,-3070,-16093,594,8169,496453884,-10562739,-4210,-32495
720,-2563,-16182,488,8176,503858615,-10751411,-3811,-32545
721,-2053,-16254,331,8184,514667550,-10895958,-3212,-32609
722,-1542,-16311,224,8188,521882493,-11083371,-2811,-32646
723,-1029,-16351,68,8191,532333557,-11227518,-2210,-32692
724,-515,-16375,-39,8191,-534325340,-11412433,-1809,-32717
725,0,-16384,-195,8188,-523899390,1714205,-1206,-32745
726,515,-16375,-302,8186,-516734976,1642416,-603,-32761
727,1029,-16351,-409,8181,-509404790,1609825,-804,-32757
728,1542,-16311,-715,8160,-487929234,1574419,-804,-32757
729,2053,-16254,-971,8133,-469434321,1363399,-804,-32757
730,2563,-16182,-1226,8099,-450463329,1186925,-1005,-32752
731,3070,-16093,-1530,8047,-427210763,1002591,-1005,-32752
732,3574,-15989,-1782,7995,-407270481,763312,-1005,-32752
733,4074,-15869,-2032,7935,-386955265,562488,-1206,-32745
734,4571,-15733,-2328,7853,-362176017,354900,-1206,-32745
735,5063,-15582,-2574,7776,-341013066,89969,-1206,-32745
736,5550,-15415,-2817,7692,-319546785,-132913,-1206,-32745
737,6031,-15233,-3057,7599,-297745635,-361804,-1206,-32745
738,6507,-15036,-3294,7500,-275675106,-597127,-1206,-32745
739,6976,-14824,-3528,7392,-253301247,-838108,-1206,-32745
740,7438,-14598,-3759,7278,-230691960,-1085196,-1206,-32745
741,7893,-14357,-3986,7157,-207878784,-1337583,-1206,-32745
742,8340,-14102,-4208,7028,-184830180,-1594905,-1005,-32752
743,8779,-13833,-4385,6919,-166162814,-1857574,-1005,-32752
744,9209,-13550,-4600,6778,-142803548,-2068554,-1005,-32752
745,9630,-13255,-4811,6630,-119303637,-2339518,-804,-32757
746,10042,-12946,-4976,6507,-100344585,-2614715,-804,-32757
747,10443,-12624,-5179,6347,-76643976,-2836299,-603,-32761
748,10835,-12289,-5337,6214,-57542340,-3118512,-603,-32761
749,11215,-11943,-5530,6043,-33690722,-3346415,-402,-32765
750,11585,-11585,-5681,5902,-14543404,-3635066,-201,-32766
751,11943,-11215,-5828,5756,4657170,-3868122,0,-32767
752,12289,-10835,-5972,5607,23854376,-4103881,0,-32767
753,12624,-10443,-6145,5417,47643218,-4341649,0,-32767
754,12946,-10042,-6312,5221,71464827,-4638218,201,-32766
755,13255,-9630,-6442,5060,90531876,-4937733,402,-32765
756,13550,-9209,-6568,4895,109573355,-5181028,804,-32757
757,13833,-8779,-6660,4769,123899901,-5426044,1005,-32752
758,14102,-8340,-6779,4599,142803548,-5614819,1206,-32745
759,14357,-7893,-6893,4426,161611638,-5861695,1407,-32737
760,14598,-7438,-7003,4250,180306218,-6109409,1809,-32717
761,14824,-6976,-7083,4116,194390596,-6357729,2009,-32705
762,15036,-6507,-7184,3935,212872640,-6551066,2210,-32692
763,15233,-6031,-7282,3752,231220038,-6800261,2611,-32663
764,15415,-5550,-7352,3612,245044622,-7049766,3012,-32628
765,15582,-5063,-7420,3471,258728640,-7245330,3212,-32609
766,15733,-4571,-7506,3282,276702331,-7440633,3612,-32567
767,15869,-4074,-7567,3138,290174806,-7690417,4011,-32521
768,15989,-3574,-7626,2992,303593822,-7886487,4210,-32495
769,16093,-3070,-7699,2799,321065195,-8083335,4609,-32441
770,16182,-2563,-7751,2651,334156876,-8331702,5007,-32382
771,16254,-2053,-7800,2502,347154243,-8527804,5404,-32318
772,16311,-1542,-7847,2352,360016890,-8724139,5800,-32250
773,16351,-1029,-7891,2202,372752850,-8920197,6195,-32176
774,16375,-515,-7931,2050,385331572,-9116063,6590,-32098
775,16384,0,-7969,1898,397769180,-9311346,6983,-32014
776,16375,515,-8004,1745,410107904,-9506228,7375,-31926
777,16351,1029,-8036,1591,422262640,-9701217,7962,-31785
778,16311,1542,-8056,1487,430429536,-9895250,8351,-31685
779,16254,2053,-8083,1332,442336386,-10041293,8739,-31580
780,16182,2563,-8107,1178,454032521,-10234432,9319,-31414
781,16093,3070,-8122,1072,461939969,-10426239,9704,-31297
782,15989,3574,-8140,916,473369219,-10572468,10087,-31176
783,15869,4074,-8157,760,484665983,-10763070,10659,-30985
784,15733,4571,-8166,654,492210950,-10953255,11039,-30852
785,15582,5063,-8177,498,503201690,-11098276,11605,-30643
786,15415,5550,-8183,391,510551740,-11286692,12167,-30424
787,15233,6031,-8187,285,517811705,-11431284,12539,-30273
788,15036,6507,-8191,128,528341194,-11575548,13094,-30037
789,14824,6976,-8192,21,535408365,-11760997,13645,-29791
790,14598,7438,-8192,-85,-531260768,-11904778,14010,-29621
791,14357,7893,-8189,-242,-520810720,1221658,14553,-29358
792,14102,8340,-8185,-348,-513574362,1149244,15090,-29085
793,13833,8779,-8179,-455,-506237550,1115433,15090,-29085
794,13550,9209,-8161,-712,-488210670,1079608,14912,-29177
795,13255,9630,-8128,-1017,-466039565,910874,14912,-29177
796,12946,10042,-8093,-1272,-447027745,688994,14912,-29177
797,12624,10443,-8049,-1526,-427527064,503793,14912,-29177
798,12289,10835,-7997,-1777,-407610141,310519,14912,-29177
799,11943,11215,-7937,-2028,-387248446,110018,14732,-29268
800,11585,11585,-7855,-2324,-362470760,-98108,14732,-29268
801,11215,11943,-7779,-2570,-341340440,-362989,14732,-29268
802,10835,12289,-7694,-2813,-319856552,-585436,14732,-29268
803,10443,12624,-7602,-3053,-298107096,-814510,14732,-29268
804,10042,12946,-7502,-3291,-275989536,-1049161,14912,-29177
805,9630,13255,-7417,-3479,-258067048,-1290685,14912,-29177
806,9209,13550,-7304,-3711,-235494495,-1482722,14912,-29177
807,8779,13833,-7184,-3938,-212724851,-1734146,14912,-29177
808,8340,14102,-7057,-4161,-189729586,-1990417,15090,-29085
809,7893,14357,-6949,-4339,-171062010,-2251909,15090,-29085
810,7438,14598,-6809,-4555,-147747060,-2462368,15269,-28992
811,6976,14824,-6692,-4725,-128884964,-2732261,15269,-28992
812,6507,15036,-6540,-4933,-105334984,-2949609,15446,-28898
813,6031,15233,-6414,-5097,-86282136,-3226912,15446,-28898
814,5550,15415,-6250,-5296,-62524348,-3451147,15623,-28803
815,5063,15582,-6114,-5452,-43394600,-3735569,15800,-28706
816,4571,15733,-5975,-5605,-24232586,-3965328,15976,-28609
817,4074,15869,-5831,-5754,-5043046,-4197529,16151,-28510
818,3574,15989,-5684,-5900,14176057,-4432117,16151,-28510
819,3070,16093,-5496,-6075,37989637,-4669120,16325,-28411
820,2563,16182,-5340,-6212,57160478,-4964961,16673,-28208
821,2053,16254,-5221,-6314,71629367,-5205964,16846,-28105
822,1542,16311,-5059,-6443,90719383,-5390900,17018,-28001
823,1029,16351,-4895,-6569,109724415,-5634497,17189,-27896
824,515,16375,-4727,-6691,128677692,-5879082,17360,-27790
825,0,16384,-4556,-6808,147539000,-6125058,17700,-27575
826,-515,16375,-4425,-6894,161792000,-6371921,17869,-27466
827,-1029,16351,-4249,-7004,180498400,-6563842,18204,-27245
828,-1542,16311,-4115,-7084,194596412,-6812328,18371,-27133
829,-2053,16254,-3934,-7186,213084150,-7005854,18703,-26905
830,-2563,16182,-3796,-7259,226948532,-7255141,18868,-26790
831,-3070,16093,-3612,-7353,245215258,-7449260,19195,-26556
832,-3574,15989,-3470,-7421,258916143,-7699271,19519,-26319
833,-4074,15869,-3327,-7486,272550212,-7894801,19680,-26198
834,-4571,15733,-3137,-7568,290341114,-8090969,20000,-25955
835,-5063,15582,-2992,-7626,303750320,-8339970,20317,-25708
836,-5550,15415,-2845,-7682,317027137,-8536715,20631,-25456
837,-6031,15233,-2697,-7735,330160225,-8733256,20942,-25201
838,-6507,15036,-2549,-7785,343165780,-8929439,21250,-24942
839,-6976,14824,-2399,-7833,356084256,-9125448,21554,-24680
840,-7438,14598,-2249,-7877,368868208,-9321770,21856,-24413
841,-7893,14357,-2098,-7919,381475908,-9517809,22301,-24007
842,-8340,14102,-1995,-7946,390002086,-9713035,22594,-23731
843,-8779,13833,-1842,-7982,402384474,-9859162,22884,-23452
844,-9209,13550,-1689,-8016,414640888,-10053861,23170,-23170
845,-9630,13255,-1535,-8047,426745060,-10248325,23592,-22739
846,-10042,12946,-1431,-8066,434861015,-10442217,23870,-22448
847,-10443,12624,-1276,-8092,446716144,-10588109,24279,-22005
848,-10835,12289,-1171,-8108,454636836,-10781083,24547,-21705
849,-11215,11943,-1015,-8129,466215082,-10926695,24942,-21250
850,-11585,11585,-909,-8141,473949724,-11118359,25201,-20942
851,-11943,11215,-753,-8157,485226140,-11263754,25582,-20475
852,-12289,10835,-647,-8166,492783746,-11453750,25832,-20159
853,-12624,10443,-491,-8177,503716444,-11598987,26198,-19680
854,-12946,10042,-384,-8183,511096398,-11786746,26556,-19195
855,-13255,9630,-278,-8188,518373284,-11931763,26905,-18703
856,-13550,9209,-171,-8190,525548780,-12076294,27133,-18371
857,-13833,8779,-15,-8192,535889942,-12220349,27466,-17869
858,-14102,8340,92,-8192,-530751266,-12404297,27790,-17360
859,-14357,7893,199,-8190,-523634860,721742,28105,-16846
860,-14598,7438,305,-8186,-516443706,690476,28411,-16325
861,-14824,6976,411,-8182,-509177796,657526,28411,-16325
862,-15036,6507,668,-8165,-491241200,622884,28411,-16325
863,-15233,6031,924,-8140,-472822248,455580,28310,-16499
864,-15415,5550,1229,-8099,-450160042,280398,28310,-16499
865,-15582,5063,1483,-8057,-430756515,50804,28310,-16499
866,-15733,4571,1735,-8006,-410906969,-140934,28310,-16499
867,-15869,4074,1986,-7948,-390644402,-340258,28310,-16499
868,-15989,3574,2235,-7881,-369980625,-546807,28310,-16499
869,-16093,3070,2481,-7807,-348993445,-760479,28310,-16499
870,-16182,2563,2725,-7725,-327638053,-980355,28310,-16499
871,-16254,2053,2966,-7636,-305971069,-1207023,28411,-16325
872,-16311,1542,3158,-7558,-288288852,-1439824,28411,-16325
873,-16351,1029,3394,-7456,-266117658,-1625689,28411,-16325
874,-16375,515,3626,-7345,-243651530,-1868924,28411,-16325
875,-16384,0,3855,-7228,-220947290,-2118173,28510,-16151
876,-16375,-515,4037,-7128,-202489856,-2372764,28510,-16151
877,-16351,-1029,4259,-6997,-179378210,-2577292,28609,-15976
878,-16311,-1542,4435,-6888,-160684218,-2841315,28609,-15976
879,-16254,-2053,4649,-6745,-137306793,-3053206,28706,-15800
880,-16182,-2563,4817,-6625,-118403306,-3324980,28803,-15623
881,-16093,-3070,4984,-6501,-99414922,-3543954,28803,-15623
882,-15989,-3574,5185,-6342,-75717920,-3765997,28898,-15446
883,-15869,-4074,5344,-6208,-56598572,-4048265,28992,-15269
884,-15733,-4571,5499,-6071,-37450973,-4276486,29085,-15090
885,-15582,-5063,5651,-5930,-18259410,-4507098,29177,-14912
886,-15415,-5550,5799,-5786,945377,-4740299,29268,-14732
887,-15233,-6031,5943,-5637,20127560,-4975713,29358,-14553
888,-15036,-6507,6084,-5485,39302676,-5212899,29447,-14372
889,-14824,-6976,6221,-5330,58462533,-5452046,29534,-14191
890,-14598,-7438,6353,-5170,77580968,-5693053,29621,-14010
891,-14357,-7893,6482,-5008,96638000,-5935595,29791,-13645
892,-14102,-8340,6577,-4883,111032226,-6179420,29874,-13462
893,-13833,-8779,6698,-4716,129980216,-6367650,30037,-13094
894,-13550,-9209,6787,-4587,144274530,-6613700,30117,-12910
895,-13255,-9630,6901,-4413,163080793,-6804256,30273,-12539
896,-12946,-10042,6984,-4281,177215390,-7052105,30349,-12353
897,-12624,-10443,7090,-4103,195837268,-7244223,30498,-11980
898,-12289,-10835,7167,-3966,209826522,-7493311,30571,-11793
899,-11943,-11215,7265,-3783,228251098,-7687131,30714,-11417
900,-11585,-11585,7336,-3644,242035094,-7937264,30852,-11039
901,-11215,-11943,7405,-3503,255773630,-8132009,30985,-10659
902,-10835,-12289,7470,-3360,269398202,-8327665,31113,-10278
903,-10443,-12624,7533,-3217,282906774,-8523380,31237,-9896
904,-10042,-12946,7593,-3072,296398929,-8719116,31356,-9512
905,-9630,-13255,7651,-2926,309719680,-8916092,31470,-9126
906,-9209,-13550,7705,-2779,322927260,-9112391,31580,-8739
907,-8779,-13833,7757,-2631,335979681,-9308714,31685,-8351
908,-8340,-14102,7806,-2482,348968802,-9504530,31785,-7962
909,-7893,-14357,7852,-2332,361828374,-9700958,31880,-7571
910,-7438,-14598,7895,-2181,374527070,-9897172,31971,-7179
911,-6976,-14824,7936,-2030,387108804,-10092771,32098,-6590
912,-6507,-15036,7961,-1927,395567104,-10288281,32176,-6195
913,-6031,-15233,7997,-1774,407887989,-10434171,32285,-5602
914,-5550,-15415,8019,-1669,416207498,-10628704,32351,-5205
915,-5063,-15582,8050,-1516,428265440,-10775098,32441,-4609
916,-4571,-15733,8069,-1411,436399684,-10968586,32495,-4210
917,-4074,-15869,8094,-1256,448189030,-11114866,32567,-3612
918,-3574,-15989,8110,-1150,456161881,-11307191,32609,-3212
919,-3070,-16093,8130,-995,467677091,-11453605,32663,-2611
920,-2563,-16182,8143,-889,475404842,-11644652,32705,-2009
921,-2053,-16254,8154,-783,483068100,-11790118,32728,-1608
922,-1542,-16311,8167,-627,494207984,-11935612,32752,-1005
923,-1029,-16351,8175,-521,501656553,-12124894,32765,-402
924,-515,-16375,8181,-415,509012090,-12269743,32765,402
925,0,-16384,8183,-358,512863120,-12414238,32752,1005
926,515,-16375,8188,-252,520142848,-12516204,32728,1608
927,1029,-16351,8190,-145,527273040,-12660959,32692,2210
928,1542,-16311,8191,-39,534325340,-12804643,32663,2611
929,2053,-16254,8190,118,-529014030,-12948126,32589,3412
930,2563,-16182,8189,174,-525259873,137271,32521,4011
931,3070,-16093,8186,281,-518089694,147375,32441,4609
932,3574,-15989,8182,387,-510801410,114858,32441,4609
933,4074,-15869,8166,644,-492920882,80115,32441,4609
934,4571,-15733,8141,900,-474558882,-86323,32441,4609
935,5063,-15582,8109,1156,-455687578,-260621,32441,4609
936,5550,-15415,8069,1410,-436399684,-443175,32441,4609
937,6031,-15233,8020,1663,-416658150,-632894,32441,4609
938,6507,-15036,7964,1914,-396527858,-830280,32441,4609
939,6976,-14824,7900,2163,-375980976,-1034579,32441,4609
940,7438,-14598,7828,2410,-355073168,-1246177,32441,4609
941,7893,-14357,7749,2655,-333841484,-1464431,32441,4609
942,8340,-14102,7661,2897,-312248874,-1688921,32412,4808
943,8779,-13833,7586,3090,-294659080,-1920140,32412,4808
944,9209,-13550,7485,3326,-272528744,-2104192,32412,4808
945,9630,-13255,7377,3560,-250125764,-2346242,32382,5007
946,10042,-12946,7285,3745,-231969945,-2594026,32382,5007
947,10443,-12624,7163,3972,-209138244,-2791709,32351,5205
948,10835,-12289,7061,4152,-190621266,-3049124,32318,5404
949,11215,-11943,6953,4329,-171952468,-3255649,32318,5404
950,11585,-11585,6814,4545,-148673336,-3466028,32285,5602
951,11943,-11215,6697,4716,-129798340,-3735383,32250,5800
952,12289,-10835,6575,4884,-110838400,-3952791,32213,5998
953,12624,-10443,6450,5048,-91860050,-4173265,32213,5998
954,12946,-10042,6288,5249,-68099313,-4395992,32176,6195
955,13255,-9630,6154,5406,-48971556,-4679854,32137,6393
956,13550,-9209,6015,5560,-29807180,-4908993,32098,6590
957,13833,-8779,5872,5710,-10644392,-5140627,32057,6786
958,14102,-8340,5726,5857,8571046,-5374289,31971,7179
959,14357,-7893,5613,5965,23105784,-5610648,31926,7375
960,14598,-7438,5460,6105,42275914,-5791208,31880,7571
961,14824,-6976,5304,6241,61426244,-6030612,31785,7962
962,15036,-6507,5184,6342,75877080,-6271819,31736,8157
963,15233,-6031,5022,6471,94950093,-6456987,31685,8351
964,15415,-5550,4856,6596,113989706,-6700827,31580,8739
965,15582,-5063,4729,6687,128323565,-6946292,31526,8933
966,15733,-4571,4559,6805,147200209,-7135629,31414,9319
967,15869,-4074,4428,6891,161430092,-7382644,31297,9704
968,15989,-3574,4295,6975,175621243,-7574243,31237,9896
969,16093,-3070,4117,7081,194211907,-7766883,31113,10278
970,16182,-2563,3981,7158,208227285,-8015415,30985,10659
971,16254,-2053,3843,7233,222181760,-8209384,30852,11039
972,16311,-1542,3704,7305,236038279,-8404098,30714,11417
973,16351,-1029,3564,7375,249787365,-8599091,30571,11793
974,16375,-515,3422,7442,263446522,-8794237,30424,12167
975,16384,0,3279,7506,277024010,-8989740,30273,12539
976,16375,515,3134,7568,290553856,-9185692,30117,12910
977,16351,1029,2989,7626,303923530,-9382506,29956,13279
978,16311,1542,2842,7682,317174442,-9578785,29791,13645
979,16254,2053,2695,7735,330335718,-9775024,29621,14010
980,16182,2563,2546,7785,343315637,-9971571,29358,14553
981,16093,3070,2445,7818,352118403,-10167282,29177,14912
982,15989,3574,2295,7863,364919875,-10312751,28992,15269
983,15869,4074,2144,7905,377605861,-10508583,28706,15800
984,15733,4571,2041,7933,386122758,-10704355,28510,16151
985,15582,5063,1888,7970,398589578,-10849954,28208,16673
986,15415,5550,1784,7994,406970873,-11045282,28001,17018
987,15233,6031,1631,8027,419158395,-11191446,27683,17530
988,15036,6507,1527,8047,427340252,-11385549,27466,17869
989,14824,6976,1372,8075,439295337,-11531445,27133,18371
990,14598,7438,1267,8092,447323792,-11724851,26790,18868
991,14357,7893,1162,8108,455249560,-11871002,26438,19357
992,14102,8340,1056,8123,463121852,-12016741,26198,19680
993,13833,8779,900,8141,474539356,-12162666,25832,20159
994,13550,9209,794,8152,482229598,-12353249,25456,20631
995,13255,9630,688,8162,489793933,-12498984,25072,21096
996,12946,10042,582,8170,497299720,-12643984,24680,21554
997,12624,10443,476,8177,504751024,-12789069,24279,22005
998,12289,10835,369,8183,512050788,-12934282,23870,22448
999,11943,11215,262,8187,519330488,-13078418,23452,22884
1000,11585,11585,157,8189,526441864,-13223086,23027,23311
1001,11215,11943,50,8191,533535590,-13366451,22594,23731
1002,10835,12289,-57,8191,-533114066,-13510357,22154,24143
1003,10443,12624,-163,8189,-526070816,-383962,21554,24680
1004,10042,12946,-220,8188,-522284286,-414072,21096,25072
1005,9630,13255,-326,8185,-515092352,-404682,21096,25072
1006,9209,13550,-583,8170,-497299720,-437786,21096,25072
1007,8779,13833,-839,8148,-479035912,-602679,21096,25072
1008,8340,14102,-1095,8118,-460308880,-775296,21096,25072
1009,7893,14357,-1349,8079,-441110672,-955589,21096,25072
1010,7438,14598,-1602,8033,-421487456,-1143706,21096,25072
1011,6976,14824,-1854,7979,-401439232,-1339126,20942,25201
1012,6507,15036,-2055,7929,-385028984,-1541895,20942,25201
1013,6031,15233,-2303,7861,-364290825,-1701842,20942,25201
1014,5550,15415,-2549,7784,-343165780,-1917033,20787,25329
1015,5063,15582,-2745,7718,-325958730,-2139221,20787,25329
1016,4571,15733,-2986,7628,-304258752,-2315240,20631,25456
1017,4074,15869,-3178,7550,-286575402,-2548628,20631,25456
1018,3574,15989,-3414,7446,-264326363,-2734690,20475,25582
1019,3070,16093,-3601,7357,-246263541,-2979071,20475,25582
1020,2563,16182,-3830,7241,-223581941,-3174088,20317,25708
1021,2053,16254,-4012,7142,-205199237,-3428121,20159,25832
1022,1542,16311,-4191,7038,-186628465,-3631444,20159,25832
1023,1029,16351,-4410,6903,-163450425,-3839055,20000,25955
1024,515,16375,-4583,6789,-144657900,-4105593,19841,26077
1025,0,16384,-4753,6671,-125762270,-4320404,19680,26198
1026,-515,16375,-4920,6549,-106790912,-4538496,19519,26319
1027,-1029,16351,-5084,6422,-87743430,-4759542,19357,26438
1028,-1542,16311,-5245,6292,-68658376,-4983556,19195,26556
1029,-2053,16254,-5403,6157,-49517229,-5210068,19032,26674
1030,-2563,16182,-5556,6019,-30378650,-5439312,18868,26790
1031,-3070,16093,-5707,5877,-11172350,-5670569,18537,27019
1032,-3574,15989,-5818,5766,3356094,-5904707,18371,27133
1033,-4074,15869,-5962,5617,22535678,-6083080,18204,27245
1034,-4571,15733,-6102,5465,41687597,-6320491,17869,27466
1035,-5063,15582,-6206,5347,56236684,-6559609,17700,27575
1036,-5550,15415,-6339,5188,75355075,-6743883,17360,27790
1037,-6031,15233,-6437,5066,89804050,-6986186,17189,27896
1038,-6507,15036,-6563,4902,108807904,-7172819,16846,28105
1039,-6976,14824,-6656,4775,123205833,-7417292,16673,28208
1040,-7438,14598,-6774,4605,142095016,-7606867,16325,28411
1041,-7893,14357,-6861,4475,156314940,-7853490,15976,28609
1042,-8340,14102,-6946,4343,170537424,-8044421,15623,28803
1043,-8779,13833,-7028,4209,184648480,-8236902,15269,28992
1044,-9209,13550,-7107,4074,198737060,-8429525,15090,29085
1045,-9630,13255,-7207,3893,217175325,-8623378,14732,29268
1046,-10042,12946,-7281,3754,231045320,-8872496,14372,29447
1047,-10443,12624,-7352,3614,244869448,-9067121,13828,29706
1048,-10835,12289,-7398,3518,254181690,-9262661,13462,29874
1049,-11215,11943,-7464,3376,267858492,-9403912,13094,30037
1050,-11585,11585,-7527,3233,281363916,-9600102,12725,30195
1051,-11943,11215,-7588,3088,294838250,-9795635,12353,30349
1052,-12289,10835,-7645,2942,308164846,-9992226,11793,30571
1053,-12624,10443,-7683,2842,317151566,-10188430,11417,30714
1054,-12946,10042,-7736,2694,330343173,-10332418,11039,30852
1055,-13255,9630,-7787,2546,343358740,-10529337,10469,31050
1056,-13550,9209,-7819,2445,352139315,-10725489,10087,31176
1057,-13833,8779,-7864,2295,364905049,-10870689,9512,31356
1058,-14102,8340,-7893,2192,373558568,-11066082,9126,31470
1059,-14357,7893,-7934,2041,386135832,-11212013,8545,31633
1060,-14598,7438,-7959,1937,394601962,-11407364,8157,31736
1061,-14824,6976,-7995,1784,406977412,-11553246,7571,31880
1062,-15036,6507,-8018,1680,415242040,-11748350,6983,32014
1063,-15233,6031,-8039,1576,423482175,-11893968,6393,32137
1064,-15415,5550,-8059,1471,431665426,-12040166,5998,32213
1065,-15582,5063,-8085,1317,443529315,-12186541,5404,32318
1066,-15733,4571,-8102,1211,451518622,-12379281,4808,32412
1067,-15869,4074,-8117,1106,459404376,-12525400,4210,32495
1068,-15989,3574,-8131,1000,467238555,-12671093,3612,32567
1069,-16093,3070,-8143,894,474980861,-12816991,3012,32628
1070,-16182,2563,-8154,788,482633400,-12962590,2410,32678
1071,-16254,2053,-8164,682,490217132,-13107906,1809,32717
1072,-16311,1542,-8172,576,497731480,-13253189,1206,32745
1073,-16351,1029,-8179,470,505141623,-13398425,603,32761
1074,-16375,515,-8184,363,512444182,-13543176,0,32767
1075,-16384,0,-8188,257,519684620,-13687388,-603,32761
1076,-16375,-515,-8191,150,526876672,-13831612,-1206,32745
1077,-16351,-1029,-8192,44,533935890,-13976012,-1809,32717
1078,-16311,-1542,-8192,-63,-532730294,-14119538,-2410,32678
1079,-16254,-2053,-8190,-170,-525647112,-992981,-3212,32609
1080,-16182,-2563,-8189,-225,-521882493,-1023625,-3811,32545
1081,-16093,-3070,-8185,-332,-514667550,-1014010,-3811,32545
1082,-15989,-3574,-8171,-589,-496863728,-1047441,-4011,32521
1083,-15869,-4074,-8153,-795,-482215408,-1212518,-4011,32521
1084,-15733,-4571,-8125,-1051,-463576568,-1340495,-4011,32521
1085,-15582,-5063,-8087,-1306,-444438746,-1519358,-4011,32521
1086,-15415,-5550,-8043,-1559,-424895494,-1706379,-4210,32495
1087,-15233,-6031,-8000,-1762,-408825825,-1900455,-4210,32495
1088,-15036,-6507,-7941,-2012,-388540430,-2053687,-4210,32495
1089,-14824,-6976,-7874,-2261,-367845885,-2260740,-4410,32469
1090,-14598,-7438,-7814,-2459,-350954712,-2475017,-4410,32469
1091,-14357,-7893,-7733,-2703,-329656800,-2644496,-4609,32441
1092,-14102,-8340,-7662,-2898,-312248874,-2870245,-4808,32412
1093,-13833,-8779,-7587,-3091,-294659080,-3050190,-4808,32412
1094,-13550,-9209,-7486,-3327,-272528744,-3234242,-5007,32382
1095,-13255,-9630,-7399,-3516,-254524575,-3476292,-5205,32351
1096,-12946,-10042,-7308,-3701,-236388800,-3669708,-5205,32351
1097,-12624,-10443,-7189,-3929,-213599844,-3866674,-5404,32318
1098,-12289,-10835,-7087,-4109,-195139626,-4123088,-5602,32285
1099,-11943,-11215,-6981,-4288,-176483038,-4328435,-5800,32250
1100,-11585,-11585,-6870,-4462,-157794400,-4538181,-5998,32213
1101,-11215,-11943,-6755,-4635,-138973660,-4750316,-6195,32176
1102,-10835,-12289,-6636,-4804,-120039682,-4966079,-6393,32137
1103,-10443,-12624,-6512,-4970,-101104534,-5185252,-6590,32098
1104,-10042,-12946,-6385,-5133,-82005792,-5406462,-6786,32057
1105,-9630,-13255,-6253,-5293,-62903040,-5631717,-7179,31971
1106,-9209,-13550,-6150,-5412,-48396540,-5859061,-7375,31926
1107,-8779,-13833,-6012,-5565,-29256859,-6031638,-7571,31880
1108,-8340,-14102,-5869,-5715,-10073932,-6263028,-7962,31785
1109,-7893,-14357,-5759,-5827,4461966,-6496997,-8157,31736
1110,-7438,-14598,-5610,-5971,23648254,-6675580,-8545,31633
1111,-6976,-14824,-5494,-6077,38194660,-6913192,-8739,31580
1112,-6507,-15036,-5339,-6214,57329640,-7095506,-9126,31470
1113,-6031,-15233,-5219,-6315,71806212,-7336087,-9319,31414
1114,-5550,-15415,-5057,-6445,90912412,-7521136,-9704,31297
1115,-5063,-15582,-4933,-6540,105300545,-7764952,-10087,31176
1116,-4571,-15733,-4807,-6634,119694229,-7952495,-10469,31050
1117,-4074,-15869,-4679,-6724,134017524,-8141643,-10659,30985
1118,-3574,-15989,-4508,-6841,152895638,-8331459,-11039,30852
1119,-3070,-16093,-4376,-6926,167071623,-8579100,-11417,30714
1120,-2563,-16182,-4243,-7008,181204451,-8770641,-11793,30571
1121,-2053,-16254,-4108,-7088,195286664,-8963163,-12167,30424
1122,-1542,-16311,-3971,-7165,209309955,-9156569,-12539,30273
1123,-1029,-16351,-3834,-7240,223243170,-9350751,-13094,30037
1124,-515,-16375,-3739,-7289,232653194,-9545317,-13462,29874
1125,0,-16384,-3599,-7359,246428460,-9685467,-13828,29706
1126,515,-16375,-3457,-7427,260145152,-9880575,-14191,29534
1127,1029,-16351,-3314,-7491,273760000,-10076430,-14732,29268
1128,1542,-16311,-3217,-7534,282954136,-10272491,-15090,29085
1129,2053,-16254,-3072,-7594,296390295,-10415368,-15446,28898
1130,2563,-16182,-2926,-7652,309687040,-10611657,-15976,28609
1131,3070,-16093,-2826,-7689,318698561,-10807658,-16325,28411
1132,3574,-15989,-2678,-7742,331839518,-10952116,-16846,28105
1133,4074,-15869,-2578,-7776,340675025,-11148574,-17189,27896
1134,4571,-15733,-2429,-7824,353585673,-11293222,-17700,27575
1135,5063,-15582,-2326,-7855,362315400,-11489181,-18204,27245
1136,5550,-15415,-2224,-7885,370985149,-11634845,-18537,27019
1137,6031,-15233,-2073,-7926,383585830,-11780700,-19032,26674
1138,6507,-15036,-1970,-7952,392063472,-11976066,-19519,26319
1139,6976,-14824,-1866,-7977,400512666,-12121818,-20000,25955
1140,7438,-14598,-1762,-8000,408859000,-12268124,-20317,25708
1141,7893,-14357,-1608,-8033,421031768,-12414061,-20787,25329
1142,8340,-14102,-1504,-8053,429203082,-12608183,-21250,24942
1143,8779,-13833,-1399,-8072,437305864,-12754149,-21705,24547
1144,9209,-13550,-1294,-8089,445359694,-12900141,-22154,24143
1145,9630,-13255,-1188,-8105,453300023,-13046393,-22594,23731
1146,10042,-12946,-1083,-8120,461180685,-13192102,-23027,23311
1147,10443,-12624,-977,-8134,469002860,-13337922,-23452,22884
1148,10835,-12289,-871,-8146,476716416,-13483861,-24007,22301
1149,11215,-11943,-815,-8151,480782146,-13629293,-24413,21856
1150,11585,-11585,-709,-8161,488368584,-13730463,-24811,21403
1151,11943,-11215,-603,-8170,495907510,-13875582,-25201,20942
1152,12289,-10835,-497,-8177,503321164,-14020924,-25708,20317
1153,12624,-10443,-441,-8180,507189740,-14165523,-26077,19841
1154,12946,-10042,-334,-8185,514546284,-14267098,-26438,19357
1155,13255,-9630,-228,-8189,521754668,-14412196,-26905,18703
1156,13550,-9209,-171,-8190,525548780,-14556249,-27245,18204
1157,13833,-8779,-65,-8192,532575381,-14658873,-27575,17700
1158,14102,-8340,42,-8192,-534070100,-14801854,-28001,17018
1159,14357,-7893,98,-8191,-530340726,-1675408,-28310,16499
1160,14598,-7438,204,-8189,-523247964,-1664457,-28706,15800
1161,14824,-6976,261,-8188,-519437416,-1695475,-28706,15800
1162,15036,-6507,518,-8176,-501792400,-1686684,-28803,15623
1163,15233,-6031,724,-8160,-487254462,-1849288,-28803,15623
1164,15415,-5550,980,-8133,-468704146,-1975375,-28803,15623
1165,15582,-5063,1235,-8098,-449734000,-2152606,-28898,15446
1166,15733,-4571,1439,-8065,-434122736,-2337007,-28898,15446
1167,15869,-4074,1692,-8015,-414336740,-2481920,-28992,15269
1168,15989,-3574,1894,-7970,-398089601,-2680099,-28992,15269
1169,16093,-3070,2144,-7906,-377605861,-2836652,-29085,15090
1170,16182,-2563,2343,-7849,-360838785,-3047303,-29177,14912
1171,16254,-2053,2540,-7788,-343836337,-3214206,-29177,14912
1172,16311,-1542,2784,-7704,-322378027,-3385809,-29268,14732
1173,16351,-1029,2977,-7632,-304944696,-3614300,-29358,14553
1174,16375,-515,3169,-7554,-287260974,-3795336,-29447,14372
1175,16384,0,3359,-7471,-269419910,-3981329,-29534,14191
1176,16375,515,3547,-7384,-251379712,-4171155,-29534,14191
1177,16351,1029,3777,-7268,-228723250,-4365348,-29621,14010
1178,16311,1542,3960,-7171,-210359162,-4618523,-29706,13828
1179,16254,2053,4140,-7069,-191856630,-4821066,-29791,13645
1180,16182,2563,4317,-6962,-173262976,-5027282,-29956,13279
1181,16093,3070,4450,-6878,-159055909,-5236600,-30037,13094
1182,15989,3574,4622,-6763,-140251529,-5393688,-30117,12910
1183,15869,4074,4792,-6644,-121344225,-5609114,-30195,12725
1184,15733,4571,4958,-6521,-102375350,-5827821,-30273,12539
1185,15582,5063,5121,-6393,-83315370,-6049309,-30424,12167
1186,15415,5550,5243,-6294,-68842341,-6273949,-30498,11980
1187,15233,6031,5400,-6160,-49702070,-6443932,-30643,11605
1188,15036,6507,5517,-6055,-35208166,-6673146,-30714,11417
1189,14824,6976,5668,-5914,-16003275,-6846977,-30852,11039
1190,14598,7438,5781,-5804,-1476296,-7080582,-30919,10849
1191,14357,7893,5925,-5656,17688524,-7258421,-31050,10469
1192,14102,8340,6033,-5542,32228050,-7495134,-31176,10087
1193,13833,8779,6137,-5425,46736342,-7676727,-31237,9896
1194,13550,9209,6273,-5268,65896554,-7859487,-31356,9512
1195,13255,9630,6372,-5147,80367212,-8101292,-31470,9126
1196,12946,10042,6470,-5024,94769760,-8287183,-31580,8739
1197,12624,10443,6565,-4900,109183812,-8473778,-31685,8351
1198,12289,10835,6657,-4773,123527532,-8662053,-31785,7962
1199,11943,11215,6747,-4644,137897898,-8850999,-31880,7571
1200,11585,11585,6835,-4515,152120578,-9041806,-31971,7179
1201,11215,11943,6920,-4383,166337430,-9232322,-32057,6786
1202,10835,12289,7003,-4250,180487684,-9424286,-32137,6393
1203,10443,12624,7083,-4115,194558930,-9616945,-32213,5998
1204,10042,12946,7160,-3978,208612419,-9810139,-32285,5602
1205,9630,13255,7235,-3841,222534416,-10004616,-32382,5007
1206,9209,13550,7285,-3746,231969945,-10198969,-32441,4609
1207,8779,13833,7355,-3606,245722612,-10339358,-32495,4210
1208,8340,14102,7422,-3465,259426250,-10534113,-32567,3612
1209,7893,14357,7467,-3368,268711558,-10729731,-32609,3212
1210,7438,14598,7530,-3224,282251576,-10872204,-32663,2611
1211,6976,14824,7571,-3126,291403076,-11068255,-32692,2210
1212,6507,15036,7630,-2981,304744816,-11211512,-32728,1608
1213,6031,15233,7668,-2881,313778256,-11407537,-32752,1005
1214,5550,15415,7705,-2781,322754224,-11551738,-32761,603
1215,5063,15582,7756,-2633,335829160,-11696193,-32766,-201
1216,4571,15733,7774,-2580,340515909,-11892269,-32757,-804
1217,4074,15869,7807,-2478,349309218,-11986066,-32737,-1407
1218,3574,15989,7839,-2376,358073114,-12131119,-32717,-1809
1219,3070,16093,7883,-2226,370792088,-12276748,-32678,-2410
1220,2563,16182,7911,-2123,379382764,-12472197,-32628,-3012
1221,2053,16254,7938,-2020,387900792,-12617980,-32567,-3612
1222,1542,16311,7963,-1917,396359083,-12763783,-32495,-4210
1223,1029,16351,7988,-1813,404757525,-12909757,-32412,-4808
1224,515,16375,8011,-1709,413053624,-13055895,-32318,-5404
1225,0,16384,8032,-1605,421289920,-13201665,-32213,-5998
1226,-515,16375,8053,-1500,429506560,-13347582,-32098,-6590
1227,-1029,16351,8071,-1395,437617820,-13494136,-31971,-7179
1228,-1542,16311,8089,-1290,445659342,-13640265,-31785,-7962
1229,-2053,16254,8098,-1234,449866827,-13786398,-31633,-8545
1230,-2563,16182,8113,-1129,457757786,-13886003,-31470,-9126
1231,-3070,16093,8127,-1023,465618156,-14031584,-31297,-9704
1232,-3574,15989,8139,-917,473369219,-14177629,-31050,-10469
1233,-4074,15869,8146,-861,477458515,-14323163,-30852,-11039
1234,-4571,15733,8156,-756,485076431,-14424267,-30643,-11605
1235,-5063,15582,8165,-649,492640462,-14569420,-30349,-12353
1236,-5550,15415,8170,-593,496613898,-14714721,-30117,-12910
1237,-6031,15233,8177,-487,504045755,-14816451,-29791,-13645
1238,-6507,15036,8180,-431,507914534,-14961351,-29534,-14191
1239,-6976,14824,8185,-324,515215923,-15063006,-29177,-14912
1240,-7438,14598,8187,-268,519029224,-15207500,-28898,-15446
1241,-7893,14357,8190,-161,526202968,-15309662,-28510,-16151
1242,-8340,14102,8190,-105,529947436,-15453766,-28105,-16846
1243,-8779,13833,8191,-49,533665758,-15556251,-27790,-17360
1244,-9209,13550,8191,58,-532994980,-15658813,-27356,-18037
1245,-9630,13255,8190,114,-529256479,-2532295,-26905,-18703
1246,-10042,12946,8189,170,-525548780,-2521572,-26556,-19195
1247,-10443,12624,8187,277,-518373284,-2510868,-26438,-19357
1248,-10835,12289,8177,484,-504169197,-2543420,-26319,-19519
1249,-11215,11943,8162,691,-489625182,-2663609,-26319,-19519
1250,-11585,11585,8136,946,-471181234,-2789517,-26198,-19680
1251,-11943,11215,8109,1152,-455985600,-2965180,-26198,-19680
1252,-12289,10835,8069,1406,-436677296,-3102665,-26077,-19841
1253,-12624,10443,8031,1609,-420887326,-3292604,-25955,-20000
1254,-12946,10042,7988,1812,-404732145,-3441120,-25832,-20159
1255,-13255,9630,7940,2013,-388398964,-3595837,-25832,-20159
1256,-13550,9209,7873,2262,-367697715,-3754479,-25708,-20317
1257,-13833,8779,7813,2460,-350796175,-3968854,-25582,-20475
1258,-14102,8340,7748,2656,-333689272,-4138477,-25456,-20631
1259,-14357,7893,7678,2852,-316323430,-4312443,-25329,-20787
1260,-14598,7438,7604,3045,-298784094,-4491437,-25201,-20942
1261,-14824,6976,7524,3236,-281038752,-4674430,-25072,-21096
1262,-15036,6507,7440,3425,-263127744,-4861843,-24942,-21250
1263,-15233,6031,7351,3612,-245058432,-5053199,-24811,-21403
1264,-15415,5550,7258,3797,-226802570,-5248424,-24680,-21554
1265,-15582,5063,7159,3979,-208411410,-5447885,-24547,-21705
1266,-15733,4571,7057,4159,-189889832,-5650968,-24279,-22005
1267,-15869,4074,6976,4293,-175787322,-5857627,-24143,-22154
1268,-15989,3574,6865,4468,-157050537,-6011647,-24007,-22301
1269,-16093,3070,6750,4640,-138227558,-6224451,-23731,-22594
1270,-16182,2563,6659,4768,-123920009,-6440322,-23592,-22739
1271,-16254,2053,6537,4935,-104943107,-6602394,-23311,-23027
1272,-16311,1542,6441,5060,-90515778,-6823706,-23170,-23170
1273,-16351,1029,6311,5221,-71456280,-6990814,-22884,-23452
1274,-16375,515,6210,5341,-56967112,-7216715,-22739,-23592
1275,-16384,0,6073,5496,-37828340,-7388164,-22448,-23870
1276,-16375,-515,5967,5612,-23298048,-7618628,-22154,-24143
1277,-16351,-1029,5858,5725,-8726920,-7794177,-21856,-24413
1278,-16311,-1542,5747,5836,5801294,-7971783,-21705,-24547
1279,-16254,-2053,5598,5979,24964722,-8150415,-21403,-24811
1280,-16182,-2563,5483,6085,39483710,-8387888,-21096,-25072
1281,-16093,-3070,5365,6189,53988952,-8570004,-20787,-25329
1282,-15989,-3574,5246,6290,68481714,-8753501,-20475,-25582
1283,-15869,-4074,5124,6390,82951895,-8938393,-20159,-25832
1284,-15733,-4571,5001,6487,97342497,-9124554,-19841,-26077
1285,-15582,-5063,4876,6581,111780190,-9311277,-19519,-26319
1286,-15415,-5550,4749,6674,126120194,-9500119,-19195,-26556
1287,-15233,-6031,4620,6763,140448235,-9689296,-18703,-26905
1288,-15036,-6507,4532,6823,150120782,-9879857,-18371,-27133
1289,-14824,-6976,4401,6908,164349096,-10014408,-18037,-27356
1290,-14598,-7438,4267,6991,178516712,-10206300,-17530,-27683
1291,-14357,-7893,4176,7046,188080800,-10398961,-17189,-27896
1292,-14102,-8340,4040,7125,202135506,-10536238,-16846,-28105
1293,-13833,-8779,3903,7201,216116922,-10730039,-16325,-28411
1294,-13550,-9209,3810,7251,225551706,-10924435,-15976,-28609
1295,-13255,-9630,3670,7323,239406115,-11064130,-15446,-28898
1296,-12946,-10042,3575,7370,248726460,-11259457,-14912,-29177
1297,-12624,-10443,3478,7416,258067048,-11400225,-14553,-29358
1298,-12289,-10835,3336,7481,271664253,-11542238,-14010,-29621
1299,-11943,-11215,3238,7524,280898306,-11737859,-13462,-29874
1300,-11585,-11585,3140,7565,290004724,-11881006,-13094,-30037
1301,-11215,-11943,2995,7624,303387980,-12023562,-12539,-30273
1302,-10835,-12289,2895,7662,312416906,-12219950,-11980,-30498
1303,-10443,-12624,2795,7699,321369612,-12363950,-11417,-30714
1304,-10042,-12946,2694,7735,330343173,-12507972,-10849,-30919
1305,-9630,-13255,2594,7770,339185588,-12653208,-10278,-31113
1306,-9209,-13550,2493,7803,347996655,-12797782,-9704,-31297
1307,-8779,-13833,2391,7834,356713613,-12942913,-9126,-31470
1308,-8340,-14102,2289,7865,365406492,-13087822,-8545,-31633
1309,-7893,-14357,2186,7894,374036236,-13233364,-7962,-31785
1310,-7438,-14598,2083,7922,382612740,-13379054,-7375,-31926
1311,-6976,-14824,1980,7948,391105660,-13525008,-6786,-32057
1312,-6507,-15036,1877,7973,399518136,-13670845,-6195,-32176
1313,-6031,-15233,1773,7997,407887989,-13816595,-5404,-32318
1314,-5550,-15415,1717,8009,412300892,-13962717,-4808,-32412
1315,-5063,-15582,1613,8030,420544100,-14060826,-4210,-32495
1316,-4571,-15733,1509,8051,428730355,-14206748,-3612,-32567
1317,-4074,-15869,1404,8070,436850902,-14352846,-2811,-32646
1318,-3574,-15989,1348,8079,441119343,-14499007,-2210,-32692
1319,-3070,-16093,1243,8096,449105410,-14598425,-1407,-32737
1320,-2563,-16182,1188,8104,453296292,-14744247,-804,-32757
1321,-2053,-16254,1082,8119,461188563,-14844015,0,-32767
1322,-1542,-16311,1026,8126,465324167,-14989978,402,-32765
1323,-1029,-16351,870,8145,476729379,-15090353,1206,-32745
1324,-515,-16375,815,8150,480758610,-15281020,1809,-32717
1325,0,-16384,709,8160,488337610,-15381740,2611,-32663
1326,515,-16375,652,8165,492371968,-15526765,3212,-32609
1327,1029,-16351,546,8173,499823690,-15628789,4011,-32521
1328,1542,-16311,490,8176,503758438,-15773481,4808,-32412
1329,2053,-16254,434,8180,507642084,-15875500,5602,-32285
1330,2563,-16182,378,8182,511487493,-15977308,6195,-32176
1331,3070,-16093,271,8187,518769415,-16079058,6983,-32014
1332,3574,-15989,215,8188,522544673,-16223693,7767,-31833
1333,4074,-15869,158,8189,526321674,-16325765,8545,-31633
1334,4571,-15733,102,8190,530068644,-16428262,9319,-31414
1335,5063,-15582,46,8191,533811178,-16530791,9896,-31237
1336,5550,-15415,-61,8191,-532884923,-16633665,10659,-30985
1337,6031,-15233,-117,8190,-529132960,-3506725,11417,-30714
1338,6507,-15036,-173,8189,-525401316,-3496180,12167,-30424
1339,6976,-14824,-230,8188,-521599977,-3485785,12353,-30349
1340,7438,-14598,-437,8179,-507474352,-3476650,12539,-30273
1341,7893,-14357,-643,8166,-493064084,-3595525,12725,-30195
1342,8340,-14102,-849,8147,-478311730,-3719427,12910,-30117
1343,8779,-13833,-1055,8123,-463260374,-3849096,12910,-30117
1344,9209,-13550,-1310,8086,-444132238,-3984036,13094,-30037
1345,9630,-13255,-1514,8050,-428396963,-4170971,13279,-29956
1346,10042,-12946,-1717,8010,-412480415,-4318015,13462,-29874
1347,10443,-12624,-1919,7964,-396218552,-4468980,13645,-29791
1348,10835,-12289,-2119,7912,-379723386,-4625913,13828,-29706
1349,11215,-11943,-2319,7856,-362951196,-4787467,14010,-29621
1350,11585,-11585,-2516,7795,-346007668,-4954207,14191,-29534
1351,11943,-11215,-2713,7729,-328805470,-5124856,14553,-29358
1352,12289,-10835,-2860,7676,-315645750,-5300512,14732,-29268
1353,12624,-10443,-3053,7601,-298107096,-5428041,14912,-29177
1354,12946,-10042,-3245,7521,-280340067,-5611098,15090,-29085
1355,13255,-9630,-3434,7437,-262426080,-5798851,15446,-28898
1356,13550,-9209,-3576,7370,-248726460,-5990318,15623,-28803
1357,13833,-8779,-3760,7277,-230530034,-6131610,15800,-28706
1358,14102,-8340,-3943,7180,-212189476,-6329945,16151,-28510
1359,14357,-7893,-4080,7103,-198186122,-6532005,16325,-28411
1360,14598,-7438,-4258,6998,-179582546,-6682417,16673,-28208
1361,14824,-6976,-4391,6915,-165436948,-6891182,16846,-28105
1362,15036,-6507,-4565,6802,-146674760,-7046835,17189,-27896
1363,15233,-6031,-4694,6713,-132377643,-7261058,17360,-27790
1364,15415,-5550,-4862,6592,-113419460,-7422099,17700,-27575
1365,15582,-5063,-4988,6498,-99053125,-7642276,18037,-27356
1366,15733,-4571,-5111,6401,-84616101,-7807724,18371,-27133
1367,15869,-4074,-5233,6302,-70146238,-7975581,18537,-27019
1368,15989,-3574,-5391,6168,-50994286,-8145386,18868,-26790
1369,16093,-3070,-5508,6064,-36516834,-8374605,19195,-26556
1370,16182,-2563,-5622,5957,-21994997,-8548095,19519,-26319
1371,16254,-2053,-5736,5848,-7445194,-8723679,19841,-26077
1372,16311,-1542,-5846,5737,7090290,-8901160,20159,-25832
1373,16351,-1029,-5955,5625,21614181,-9080018,20475,-25582
1374,16375,-515,-6062,5510,36111904,-9260286,20787,-25329
1375,16384,0,-6166,5392,50625510,-9441781,21250,-24942
1376,16375,515,-6236,5312,60489728,-9625021,21554,-24680
1377,16351,1029,-6336,5191,74998760,-9752347,21856,-24413
1378,16311,1542,-6435,5069,89420308,-9938135,22154,-24143
1379,16254,2053,-6531,4945,103832553,-10124391,22594,-23731
1380,16182,2563,-6594,4860,113586023,-10312072,22884,-23452
1381,16093,3070,-6686,4733,127950544,-10443712,23170,-23170
1382,15989,3574,-6776,4604,142263800,-10633385,23592,-22739
1383,15869,4074,-6835,4515,151948377,-10823958,23870,-22448
1384,15733,4571,-6920,4384,166133814,-10958852,24279,-22005
1385,15582,5063,-6977,4293,175787322,-11150409,24547,-21705
1386,15415,5550,-7058,4159,189889832,-11287468,24942,-21250
1387,15233,6031,-7111,4067,199453420,-11480546,25329,-20787
1388,15036,6507,-7163,3974,208937310,-11619031,25582,-20475
1389,14824,6976,-7238,3836,222904047,-11757553,25955,-20000
1390,14598,7438,-7287,3742,232305160,-11952494,26319,-19519
1391,14357,7893,-7335,3647,241676644,-12092497,26674,-19032
1392,14102,8340,-7382,3551,251041264,-12233138,27019,-18537
1393,13833,8779,-7428,3454,260323876,-12374695,27245,-18204
1394,13550,9209,-7493,3312,273932618,-12516239,27575,-17700
1395,13255,9630,-7535,3214,283131225,-12712244,27896,-17189
1396,12946,10042,-7576,3116,292247265,-12855195,28208,-16673
1397,12624,10443,-7616,3017,301362892,-12998108,28510,-16151
1398,12289,10835,-7655,2918,310374807,-13141990,28803,-15623
1399,11943,11215,-7692,2818,319386690,-13285563,29177,-14912
1400,11585,11585,-7711,2765,324091240,-13430099,29447,-14372
1401,11215,11943,-7747,2664,332999240,-13522360,29706,-13828
1402,10835,12289,-7780,2563,341854792,-13667077,29956,-13279
1403,10443,12624,-7813,2462,350619620,-13812097,30195,-12725
1404,10042,12946,-7845,2360,359382870,-13956941,30498,-11980
1405,9630,13255,-7861,2306,363962432,-14102702,30714,-11417
1406,9209,13550,-7890,2204,372616295,-14197690,30919,-10849
1407,8779,13833,-7918,2101,381131770,-14343524,31113,-10278
1408,8340,14102,-7944,1998,389651238,-14488572,31356,-9512
1409,7893,14357,-7958,1943,394141576,-14634579,31526,-8933
1410,7438,14598,-7983,1839,402543314,-14731698,31736,-8157
1411,6976,14824,-7995,1784,406977412,-14877640,31880,-7571
1412,6507,15036,-8018,1680,415242040,-14975441,32057,-6786
1413,6031,15233,-8029,1625,419604951,-15121059,32176,-6195
1414,5550,15415,-8049,1521,427814032,-15219336,32318,-5404
1415,5063,15582,-8060,1465,432111930,-15365616,32412,-4808
1416,4571,15733,-8078,1360,440202988,-15464432,32521,-4011
1417,4074,15869,-8087,1305,444438746,-15610589,32609,-3212
1418,3574,15989,-8096,1249,448680071,-15709961,32663,-2611
1419,3070,16093,-8112,1144,456590138,-15809854,32717,-1809
1420,2563,16182,-8119,1088,460739358,-15955544,32752,-1005
1421,2053,16254,-8127,1032,464888213,-16055596,32766,-201
1422,1542,16311,-8133,976,468989673,-16156087,32761,603
1423,1029,16351,-8140,920,473081850,-16256435,32737,1407
1424,515,16375,-8146,865,477142654,-16357107,32692,2210
1425,0,16384,-8152,809,481168220,-16457828,32628,3012
1426,-515,16375,-8157,753,485228544,-16558547,32545,3811
1427,-1029,16351,-8162,696,489242590,-16660126,32441,4609
1428,-1542,16311,-8167,640,493205482,-16761567,32318,5404
1429,-2053,16254,-8171,584,497161578,-16862804,32176,6195
1430,-2563,16182,-8175,528,501070837,-16964380,32014,6983
1431,-3070,16093,-8178,472,505000953,-17065800,31833,7767
1432,-3574,15989,-8181,416,508866138,-17167895,31633,8545
1433,-4074,15869,-8184,359,512750204,-17269608,31414,9319
1434,-4571,15733,-8186,303,516571797,-17371967,31176,10087
1435,-5063,15582,-8188,247,520406410,-17473969,30919,10849
1436,-5550,15415,-8190,190,524202124,-17576540,30643,11605
1437,-6031,15233,-8191,134,527947170,-17679039,30349,12353
1438,-6507,15036,-8192,78,531668830,-17781318,29956,13279
1439,-6976,14824,-8192,72,532085517,-17883708,29621,14010
1440,-7438,14598,-8192,15,535787320,-17945647,29268,14732
1441,-7893,14357,-8192,-41,-534193232,-18048233,28898,15446
1442,-8340,14102,-8191,-97,-530470172,-4880910,28411,16325
1443,-8779,13833,-8191,-103,-530069832,-4869868,28001,17018
1444,-9209,13550,-8190,-159,-526328070,-4818156,27896,17189
1445,-9630,13255,-8184,-366,-512300987,-4807786,27790,17360
1446,-10042,12946,-8172,-573,-498022350,-4924938,27683,17530
1447,-10443,12624,-8155,-779,-483371072,-5046697,27466,17869
1448,-10835,12289,-8139,-935,-472087569,-5174587,27356,18037
1449,-11215,11943,-8112,-1141,-456863212,-5262418,27245,18204
1450,-11585,11585,-8081,-1345,-441402592,-5400161,27133,18371
1451,-11943,11215,-8044,-1549,-425656070,-5542451,27019,18537
1452,-12289,10835,-8002,-1752,-409610014,-5689926,26790,18868
1453,-12624,10443,-7968,-1905,-397350972,-5842785,26674,19032
1454,-12946,10042,-7917,-2106,-380835150,-5950552,26556,19195
1455,-13255,9630,-7861,-2305,-364136036,-6112240,26319,19519
1456,-13550,9209,-7816,-2455,-351285940,-6277958,26198,19680
1457,-13833,8779,-7751,-2652,-334171602,-6397887,25955,20000
1458,-14102,8340,-7699,-2800,-321063430,-6571893,25832,20159
1459,-14357,7893,-7626,-2994,-303564294,-6698212,25582,20475
1460,-14598,7438,-7567,-3139,-290206702,-6880202,25456,20631
1461,-14824,6976,-7485,-3329,-272359756,-7012873,25201,20942
1462,-15036,6507,-7420,-3472,-258758152,-7202458,25072,21096
1463,-15233,6031,-7330,-3658,-240632040,-7341478,24811,21403
1464,-15415,5550,-7259,-3798,-226802570,-7537872,24547,21705
1465,-15582,5063,-7185,-3936,-212889170,-7683097,24279,22005
1466,-15733,4571,-7108,-4073,-198902424,-7830837,24143,22154
1467,-15869,4074,-7003,-4251,-180330650,-7980969,23870,22448
1468,-15989,3574,-6920,-4385,-166133814,-8189264,23592,22739
1469,-16093,3070,-6835,-4516,-151948377,-8345471,23311,23027
1470,-16182,2563,-6747,-4646,-137687248,-8503053,23027,23311
1471,-16254,2053,-6657,-4775,-123359982,-8663086,22739,23592
1472,-16311,1542,-6564,-4901,-108982205,-8825459,22448,23870
1473,-16351,1029,-6470,-5026,-94616598,-8989987,22154,24143
1474,-16375,515,-6372,-5149,-80161752,-9155900,21856,24413
1475,-16384,0,-6272,-5270,-65699410,-9324451,21554,24680
1476,-16375,-515,-6170,-5389,-51216384,-9494638,21250,24942
1477,-16351,-1029,-6066,-5506,-36667620,-9666626,20787,25329
1478,-16311,-1542,-5994,-5584,-26812878,-9840973,20475,25582
1479,-16254,-2053,-5886,-5698,-12280383,-9958858,20159,25832
1480,-16182,-2563,-5776,-5809,2210581,-10135611,19680,26198
1481,-16093,-3070,-5700,-5884,12111038,-10313403,19357,26438
1482,-15989,-3574,-5586,-5992,26636117,-10436005,19032,26674
1483,-15869,-4074,-5470,-6098,41165306,-10616824,18537,27019
1484,-15733,-4571,-5391,-6169,50994286,-10799245,18204,27245
1485,-15582,-5063,-5271,-6271,65505326,-10925125,17700,27575
1486,-15415,-5550,-5189,-6339,75355075,-11109923,17360,27790
1487,-15233,-6031,-5067,-6437,89804050,-11238659,16846,28105
1488,-15036,-6507,-4983,-6503,99591134,-11425292,16325,28411
1489,-14824,-6976,-4898,-6567,109372056,-11555849,15976,28609
1490,-14598,-7438,-4771,-6660,123753368,-11687375,15446,28898
1491,-14357,-7893,-4684,-6721,133458376,-11876805,14912,29177
1492,-14102,-8340,-4596,-6781,143191872,-12009974,14372,29447
1493,-13833,-8779,-4508,-6840,152862810,-12144532,14010,29621
1494,-13550,-9209,-4376,-6926,167089586,-12279356,13462,29874
1495,-13255,-9630,-4285,-6982,176698624,-12471522,12910,30117
1496,-12946,-10042,-4195,-7037,186271225,-12608134,12353,30349
1497,-12624,-10443,-4103,-7091,195837268,-12745322,11793,30571
1498,-12289,-10835,-4010,-7144,205353780,-12883451,11228,30783
1499,-11943,-11215,-3916,-7195,214877790,-13021990,10659,30985
1500,-11585,-11585,-3823,-7245,224284042,-13161638,10087,31176
1501,-11215,-11943,-3728,-7295,233715790,-13300848,9512,31356
1502,-10835,-12289,-3633,-7342,243106064,-13441377,8739,31580
1503,-10443,-12624,-3583,-7367,247997956,-13582401,8157,31736
1504,-10042,-12946,-3486,-7414,257373735,-13668830,7571,31880
1505,-9630,-13255,-3390,-7458,266621668,-13811201,6983,32014
1506,-9209,-13550,-3292,-7502,275856705,-13952993,6393,32137
1507,-8779,-13833,-3195,-7543,285005004,-14095613,5602,32285
1508,-8340,-14102,-3143,-7565,289840814,-14238148,5007,32382
1509,-7893,-14357,-3044,-7606,298952178,-14328359,4410,32469
1510,-7438,-14598,-2945,-7645,308002116,-14471931,3612,32567
1511,-6976,-14824,-2892,-7665,312773752,-14615717,3012,32628
1512,-6507,-15036,-2792,-7701,321726144,-14707591,2210,32692
1513,-6031,-15233,-2739,-7720,326440098,-14851647,1608,32728
1514,-5550,-15415,-2639,-7756,335355568,-14944274,804,32757
1515,-5063,-15582,-2585,-7774,340003665,-15089334,201,32766
1516,-4571,-15733,-2484,-7807,348815199,-15182603,-402,32765
1517,-4074,-15869,-2382,-7838,357560722,-15327827,-1005,32752
1518,-3574,-15989,-2280,-7869,366267125,-15473176,-1809,32717
1519,-3070,-16093,-2226,-7884,370792088,-15618976,-2611,32663
1520,-2563,-16182,-2172,-7899,375335656,-15714025,-3212,32609
1521,-2053,-16254,-2069,-7927,383893031,-15809787,-4011,32521
1522,-1542,-16311,-2014,-7941,388401344,-15955644,-4808,32412
1523,-1029,-16351,-1960,-7954,392855604,-16052370,-5602,32285
1524,-515,-16375,-1905,-7968,397308010,-16148909,-6195,32176
1525,0,-16384,-1801,-7991,405677810,-16245901,-6983,32014
1526,515,-16375,-1746,-8004,410107904,-16391786,-7767,31833
1527,1029,-16351,-1691,-8015,414474750,-16489872,-8545,31633
1528,1542,-16311,-1636,-8027,418855050,-16587649,-9319,31414
1529,2053,-16254,-1581,-8038,423201831,-16686059,-10087,31176
1530,2563,-16182,-1526,-8049,427493545,-16784523,-10849,30919
1531,3070,-16093,-1470,-8059,431824124,-16882770,-11605,30643
1532,3574,-15989,-1415,-8069,436079894,-16981956,-12353,30349
1533,4074,-15869,-1359,-8078,440354992,-17080680,-13094,30037
1534,4571,-15733,-1304,-8088,444584161,-17180097,-13828,29706
1535,5063,-15582,-1248,-8096,448802488,-17279403,-14553,29358
1536,5550,-15415,-1193,-8105,453012903,-17379027,-15269,28992
1537,6031,-15233,-1137,-8113,457188595,-17479004,-15976,28609
1538,6507,-15036,-1081,-8120,461330624,-17579001,-16673,28208
1539,6976,-14824,-1025,-8128,465480927,-17679028,-17360,27790
1540,7438,-14598,-969,-8134,469580720,-17779600,-18204,27245
1541,7893,-14357,-963,-8135,470030180,-17879991,-18868,26790
1542,8340,-14102,-907,-8142,474114748,-17935703,-19519,26319
1543,8779,-13833,-851,-8148,478182520,-18036392,-20159,25832
1544,9209,-13550,-795,-8153,482229598,-18137310,-20942,25201
1545,9630,-13255,-789,-8154,482640337,-18238406,-21554,24680
1546,10042,-12946,-733,-8159,486668550,-18294991,-22154,24143
1547,10443,-12624,-677,-8164,490664068,-18396330,-22739,23592
1548,10835,-12289,-621,-8168,494602905,-18497695,-23452,22884
1549,11215,-11943,-615,-8169,495070408,-18598787,-24007,22301
1550,11585,-11585,-559,-8173,498969462,-18657395,-24680,21554
1551,11943,-11215,-553,-8173,499406180,-18758466,-25201,20942
1552,12289,-10835,-497,-8177,503321164,-18817160,-25832,20159
1553,12624,-10443,-491,-8177,503716444,-18918891,-26319,19519
1554,12946,-10042,-434,-8181,507646512,-18977538,-26790,18868
1555,13255,-9630,-378,-8184,511535744,-19079915,-27356,18037
1556,13550,-9209,-372,-8184,511942245,-19182207,-27896,17189
1557,13833,-8779,-366,-8184,512300987,-19241870,-28310,16499
1558,14102,-8340,-310,-8186,516154128,-19300986,-28803,15623
1559,14357,-7893,-304,-8186,516574252,-19403330,-29177,14912
1560,14598,-7438,-248,-8188,520392128,-19463654,-29621,14010
1561,14824,-6976,-242,-8189,520810720,-19566018,-29956,13279
1562,15036,-6507,-186,-8190,524576888,-19626776,-30349,12353
1563,15233,-6031,-180,-8190,524967300,-19728953,-30714,11417
1564,15415,-5550,-173,-8190,525401316,-19789810,-30985,10659
1565,15582,-5063,-117,-8191,529132960,-19851247,-31297,9704
1566,15733,-4571,-111,-8191,529552223,-19953488,-31580,8739
1567,15869,-4074,-105,-8191,529932616,-20015188,-31833,7767
1568,15989,-3574,-99,-8191,530367516,-20076452,-32014,6983
1569,16093,-3070,-43,-8192,534062239,-20138431,-32213,5998
1570,16182,-2563,-37,-8192,534449573,-20240746,-32382,5007
1571,16254,-2053,-31,-8192,534866673,-20302578,-32521,4011
1572,16311,-1542,-24,-8192,535260098,-20364819,-32628,3012
1573,16351,-1029,-19,-8192,535656168,-20426812,-32692,2210
1574,16375,-515,38,-8192,-534325340,-20488880,-32745,1206
1575,16384,0,44,-8192,-533935890,-7321531,-32766,201
1576,16375,515,50,-8192,-533544960,-7269273,-32752,-1005
1577,16351,1029,6,-8192,-536421170,-7217075,-32737,-1407
1578,16311,1542,162,-8190,-526049974,-7124538,-32728,-1608
1579,16254,2053,369,-8184,-512067456,-7195427,-32705,-2009
1580,16182,2563,526,-8175,-501222468,-7312058,-32678,-2410
1581,16093,3070,682,-8164,-490217132,-7391404,-32646,-2811
1582,15989,3574,839,-8149,-479016051,-7473890,-32628,-3012
1583,15869,4074,1044,-8125,-464000376,-7559971,-32589,-3412
1584,15733,4571,1199,-8104,-452432771,-7694395,-32545,-3811
1585,15582,5063,1355,-8079,-440645834,-7787806,-32495,-4210
1586,15415,5550,1509,-8052,-428730355,-7885164,-32441,-4609
1587,15233,6031,1663,-8021,-416658150,-7985369,-32412,-4808
1588,15036,6507,1865,-7977,-400492536,-8088784,-32351,-5205
1589,14824,6976,2017,-7940,-388052994,-8244081,-32285,-5602
1590,14598,7438,2169,-7900,-375496280,-8355052,-32213,-5998
1591,14357,7893,2319,-7857,-362817008,-8468800,-32137,-6393
1592,14102,8340,2469,-7811,-349977818,-8585404,-32057,-6786
1593,13833,8779,2619,-7762,-337003846,-8705339,-31971,-7179
1594,13550,9209,2767,-7710,-323912982,-8828311,-31880,-7571
1595,13255,9630,2914,-7656,-310699469,-8954114,-31785,-7962
1596,12946,10042,3060,-7599,-297430995,-9082831,-31685,-8351
1597,12624,10443,3205,-7539,-283986028,-9213639,-31580,-8739
1598,12289,10835,3348,-7476,-270458493,-9348045,-31414,-9319
1599,11943,11215,3446,-7432,-261168512,-9484908,-31297,-9704
1600,11585,11585,3587,-7365,-247509448,-9570841,-31176,-10087
1601,11215,11943,3727,-7295,-233715790,-9711767,-31050,-10469
1602,10835,12289,3866,-7222,-219836702,-9855815,-30852,-11039
1603,10443,12624,3960,-7171,-210407028,-10002392,-30714,-11417
1604,10042,12946,4097,-7094,-196368705,-10095459,-30571,-11793
1605,9630,13255,4231,-7014,-182319300,-10246494,-30349,-12353
1606,9209,13550,4323,-6959,-172683280,-10399165,-30195,-12725
1607,8779,13833,4454,-6874,-158531780,-10498789,-30037,-13094
1608,8340,14102,4586,-6788,-144274530,-10655252,-29791,-13645
1609,7893,14357,4673,-6728,-134565348,-10814534,-29621,-14010
1610,7438,14598,4801,-6637,-120252356,-10919126,-29358,-14553
1611,6976,14824,4887,-6574,-110486628,-11081657,-29085,-15090
1612,6507,15036,4972,-6510,-100702920,-11189514,-28898,-15446
1613,6031,15233,5096,-6414,-86282136,-11298636,-28609,-15976
1614,5550,15415,5179,-6347,-76453646,-11466116,-28411,-16325
1615,5063,15582,5300,-6246,-61979110,-11578377,-28105,-16846
1616,4571,15733,5380,-6177,-52149175,-11749111,-27790,-17360
1617,4074,15869,5460,-6106,-42285460,-11863986,-27466,-17869
1618,3574,15989,5539,-6035,-32399997,-11980328,-27245,-18204
1619,3070,16093,5654,-5928,-17878177,-12097992,-26905,-18703
1620,2563,16182,5730,-5854,-8021774,-12274016,-26556,-19195
1621,2053,16254,5806,-5779,1855889,-12393928,-26198,-19680
1622,1542,16311,5881,-5702,11756038,-12515156,-25832,-20159
1623,1029,16351,5954,-5626,21614181,-12637717,-25456,-20631
1624,515,16375,6027,-5548,31470052,-12760816,-25072,-21096
1625,0,16384,6098,-5469,41330480,-12884940,-24680,-21554
1626,-515,16375,6170,-5389,51216384,-13010173,-24279,-22005
1627,-1029,16351,6239,-5308,61073010,-13136774,-23870,-22448
1628,-1542,16311,6307,-5226,70912344,-13264069,-23452,-22884
1629,-2053,16254,6375,-5144,80714760,-13392203,-23027,-23311
1630,-2563,16182,6441,-5061,90515778,-13520932,-22594,-23731
1631,-3070,16093,6506,-4976,100332041,-13650691,-22005,-24279
1632,-3574,15989,6540,-4932,105496398,-13781685,-21554,-24680
1633,-4074,15869,6604,-4846,115258702,-13856232,-21096,-25072
1634,-4571,15733,6666,-4760,124993288,-13988159,-20631,-25456
1635,-5063,15582,6728,-4673,134751952,-14120786,-20000,-25955
1636,-5550,15415,6760,-4627,139879355,-14254751,-19519,-26319
1637,-6031,15233,6820,-4538,149578900,-14332517,-19032,-26674
1638,-6507,15036,6878,-4449,159242300,-14467341,-18371,-27133
1639,-6976,14824,6908,-4402,164349096,-14602754,-17869,-27466
1640,-7438,14598,6965,-4311,173991032,-14682881,-17189,-27896
1641,-7893,14357,6994,-4263,179041444,-14819607,-16673,-28208
1642,-8340,14102,7049,-4172,188637738,-14900613,-15976,-28609
1643,-8779,13833,7078,-4123,193688334,-15038344,-15446,-28898
1644,-9209,13550,7131,-4031,203214460,-15120917,-14732,-29268
1645,-9630,13255,7158,-3982,208233200,-15259345,-14191,-29534
1646,-10042,12946,7209,-3889,217700285,-15343081,-13462,-29874
1647,-10443,12624,7236,-3839,222710360,-15482333,-12725,-30195
1648,-10835,12289,7262,-3789,227672280,-15567509,-12167,-30424
1649,-11215,11943,7311,-3694,237113212,-15652625,-11417,-30714
1650,-11585,11585,7336,-3644,242035094,-15793630,-10659,-30985
1651,-11943,11215,7361,-3594,246969030,-15879790,-10087,-31176
1652,-12289,10835,7407,-3497,256290874,-15966624,-9319,-31414
1653,-12624,10443,7431,-3447,261168512,-16108218,-8545,-31633
1654,-12946,10042,7454,-3395,266099088,-16195879,-7767,-31833
1655,-13255,9630,7478,-3344,270990828,-16284715,-6983,-32014
1656,-13550,9209,7501,-3292,275856705,-16373598,-6393,-32137
1657,-13833,8779,7542,-3195,285005004,-16462684,-5602,-32285
1658,-14102,8340,7564,-3143,289840814,-16605219,-4808,-32412
1659,-14357,7893,7586,-3091,294659080,-16695430,-4011,-32521
1660,-14598,7438,7607,-3039,299460494,-16785941,-3212,-32609
1661,-14824,6976,7628,-2986,304260072,-16876758,-2410,-32678
1662,-15036,6507,7648,-2934,308994944,-16968065,-1608,-32728
1663,-15233,6031,7668,-2881,313778256,-17059085,-804,-32757
1664,-15415,5550,7687,-2828,318526170,-17151210,0,-32767
1665,-15582,5063,7707,-2775,323246455,-17243408,603,-32761
1666,-15733,4571,7742,-2675,332164024,-17335772,1407,-32737
1667,-15869,4074,7760,-2622,336842666,-17480517,2210,-32692
1668,-15989,3574,7778,-2568,341528110,-17573823,3212,-32609
1669,-16093,3070,7780,-2562,342004379,-17667712,4011,-32521
1670,-16182,2563,7797,-2509,346658190,-17710078,4808,-32412
1671,-16254,2053,7815,-2455,351293068,-17804128,5602,-32285
1672,-16311,1542,7831,-2401,355923471,-17898441,6393,-32137
1673,-16351,1029,7848,-2348,360497124,-17993194,7375,-31926
1674,-16375,515,7849,-2342,360992672,-18087740,8157,-31736
1675,-16384,0,7865,-2288,365561230,-18132371,8933,-31526
1676,-16375,-515,7881,-2234,370163712,-18227395,9704,-31297
1677,-16351,-1029,7896,-2179,374700890,-18323327,10659,-30985
1678,-16311,-1542,7898,-2173,375202102,-18418943,11417,-30714
1679,-16254,-2053,7912,-2119,379719369,-18465161,12167,-30424
1680,-16182,-2563,7926,-2065,384188601,-18561069,13094,-30037
1681,-16093,-3070,7928,-2059,384716379,-18656866,13828,-29706
1682,-15989,-3574,7942,-2005,389174034,-18704425,14732,-29268
1683,-15869,-4074,7944,-1999,389672104,-18800613,15446,-28898
1684,-15733,-4571,7957,-1944,394127244,-18848338,16325,-28411
1685,-15582,-5063,7959,-1938,394637294,-18945024,17018,-28001
1686,-15415,-5550,7972,-1884,399068303,-18993426,17869,-27466
1687,-15233,-6031,7973,-1878,399547005,-19090344,18537,-27019
1688,-15036,-6507,7986,-1823,403954542,-19138886,19357,-26438
1689,-14824,-6976,7987,-1817,404457981,-19236038,20000,-25955
1690,-14598,-7438,7999,-1762,408859000,-19285408,20787,-25329
1691,-14357,-7893,8001,-1756,409314924,-19383004,21403,-24811
1692,-14102,-8340,8013,-1701,413695758,-19432310,22154,-24143
1693,-13833,-8779,8014,-1695,414165858,-19530175,22884,-23452
1694,-13550,-9209,8015,-1689,414640888,-19580173,23452,-22884
1695,-13255,-9630,8026,-1634,419011824,-19630282,24143,-22154
1696,-12946,-10042,8028,-1628,419475915,-19728594,24811,-21403
1697,-12624,-10443,8029,-1622,419961020,-19779086,25329,-20787
1698,-12289,-10835,8040,-1567,424251180,-19829887,25955,-20000
1699,-11943,-11215,8041,-1561,424741430,-19927769,26556,-19195
1700,-11585,-11585,8042,-1555,425185042,-19979144,27019,-18537
1701,-11215,-11943,8053,-1500,429502290,-20029995,27575,-17700
1702,-10835,-12289,8054,-1494,429971200,-20128770,28105,-16846
1703,-10443,-12624,8055,-1488,430411574,-20180442,28609,-15976
1704,-10042,-12946,8056,-1482,430914621,-20231811,28992,-15269
1705,-9630,-13255,8066,-1427,435196540,-20284002,29447,-14372
1706,-9209,-13550,8067,-1421,435648595,-20382952,29874,-13462
1707,-8779,-13833,8068,-1415,436064692,-20435024,30273,-12539
1708,-8340,-14102,8069,-1409,436531610,-20486700,30643,-11605
1709,-7893,-14357,8070,-1403,437004376,-20539048,30985,-10659
1710,-7438,-14598,8071,-1397,437449790,-20591518,31297,-9704
1711,-6976,-14824,8072,-1391,437923864,-20643701,31526,-8933
1712,-6507,-15036,8081,-1336,442155448,-20696286,31785,-7962
1713,-6031,-15233,8083,-1330,442619631,-20795363,32014,-6983
1714,-5550,-15415,8083,-1324,443079340,-20848328,32213,-5998
1715,-5063,-15582,8084,-1318,443529315,-20901287,32382,-5007
1716,-4571,-15733,8086,-1312,443995773,-20954175,32521,-4011
1717,-4074,-15869,8086,-1306,444438746,-21007315,32628,-3012
1718,-3574,-15989,8087,-1299,444915576,-21060214,32705,-2009
1719,-3070,-16093,8088,-1294,445334642,-21113579,32752,-1005
1720,-2563,-16182,8089,-1288,445788111,-21166281,32766,201
1721,-2053,-16254,8082,-1332,442472409,-21219453,32745,1206
1722,-1542,-16311,8083,-1325,442933503,-21226088,32692,2210
1723,-1029,-16351,8084,-1320,443373018,-21279049,32609,3212
1724,-515,-16375,8085,-1314,443810538,-21331792,32495,4210
1725,0,-16384,8086,-1308,444263800,-21384557,32351,5205
1726,515,-16375,8087,-1302,444760064,-21437564,32176,6195
1727,1029,-16351,8088,-1296,445199940,-21491151,31926,7375
1728,1542,-16311,8081,-1339,441874130,-21544094,31685,8351
1729,2053,-16254,8082,-1333,442336386,-21550541,31414,9319
1730,2563,-16182,8083,-1328,442756979,-21603452,31113,10278
1731,3070,-16093,8084,-1322,443237103,-21655897,30783,11228
1732,3574,-15989,8085,-1316,443672385,-21709123,30424,12167
1733,4074,-15869,8086,-1310,444131407,-21761846,30037,13094
1734,4571,-15733,8087,-1304,444584161,-21814909,29534,14191
1735,5063,-15582,8079,-1347,441258394,-21867944,29085,15090
1736,5550,-15415,8081,-1341,441728115,-21874326,28609,15976
1737,6031,-15233,8082,-1335,442184445,-21927264,28105,16846
1738,6507,-15036,8082,-1330,442607828,-21980086,27575,17700
1739,6976,-14824,8083,-1324,443084925,-22032550,26905,18703
1740,7438,-14598,8076,-1367,439747856,-22085723,26319,19519
1741,7893,-14357,8077,-1361,440209444,-22091805,25708,20317
1742,8340,-14102,8078,-1355,440673912,-22144481,25072,21096
1743,8779,-13833,8079,-1349,441110672,-22197242,24279,22005
1744,9209,-13550,8072,-1393,437783478,-22249710,23592,22739
1745,9630,-13255,8073,-1387,438220329,-22255703,22884,23452
1746,10042,-12946,8074,-1381,438686840,-22307863,22005,24279
1747,10443,-12624,8067,-1425,435344724,-22360436,21250,24942
1748,10835,-12289,8067,-1419,435775248,-22365986,20475,25582
1749,11215,-11943,8068,-1412,436267672,-22417807,19680,26198
1750,11585,-11585,8069,-1407,436677296,-22470439,18703,26905
1751,11943,-11215,8062,-1450,433348510,-22522101,17869,27466
1752,12289,-10835,8063,-1444,433805550,-22527601,16846,28105
1753,12624,-10443,8055,-1488,430411574,-22579537,15976,28609
1754,12946,-10042,8056,-1482,430914621,-22583925,15090,29085
1755,13255,-9630,8057,-1476,431351760,-22636116,14010,29621
1756,13550,-9209,8049,-1519,427994975,-22687546,13094,30037
1757,13833,-8779,8050,-1514,428396963,-22692131,12167,30424
1758,14102,-8340,8051,-1508,428883100,-22742815,11039,30852
1759,14357,-7893,8043,-1551,425506462,-22794582,10087,31176
1760,14598,-7438,8044,-1545,425957414,-22798658,8933,31526
1761,14824,-6976,8036,-1589,422573748,-22849681,7962,31785
1762,15036,-6507,8037,-1583,423020280,-22853358,6786,32057
1763,15233,-6031,8028,-1626,419604951,-22904013,5800,32250
1764,15415,-5550,8029,-1620,420095700,-22906985,4808,32412
1765,15582,-5063,8030,-1614,420544100,-22957870,3612,32567
1766,15733,-4571,8022,-1658,417142013,-23008284,2611,32663
1767,15869,-4074,8023,-1652,417598150,-23011155,1407,32737
1768,15989,-3574,8014,-1695,414192716,-23061349,402,32765
1769,16093,-3070,8015,-1689,414641801,-23063864,-603,32761
1770,16182,-2563,8016,-1683,415091214,-23113656,-1608,32728
1771,16254,-2053,8018,-1677,415580672,-23163500,-2811,32646
1772,16311,-1542,8008,-1720,412144869,-23213887,-3811,32545
1773,16351,-1029,8010,-1715,412619322,-23215811,-5007,32382
1774,16375,-515,8000,-1758,409135344,-23265697,-5998,32213
1775,16384,0,8001,-1752,409591960,-23266709,-7179,31971
1776,16375,515,7992,-1795,406192128,-23316053,-8157,31736
1777,16351,1029,7993,-1789,406651020,-23317782,-9319,31414
1778,16311,1542,7984,-1832,403189602,-23366840,-10469,31050
1779,16254,2053,7974,-1876,399718989,-23367494,-11417,30714
1780,16182,2563,7975,-1870,400148381,-23367664,-12539,30273
1781,16093,3070,7965,-1913,396698744,-23415666,-13462,29874
1782,15989,3574,7966,-1907,397159836,-23415771,-14553,29358
1783,15869,4074,7956,-1950,393655059,-23463842,-15446,28898
1784,15733,4571,7957,-1944,394127244,-23462946,-16499,28310
1785,15582,5063,7947,-1987,390644402,-23510829,-17530,27683
1786,15415,5550,7936,-2030,387117465,-23509880,-18371,27133
1787,15233,6031,7937,-2024,387613430,-23508014,-19357,26438
1788,15036,6507,7926,-2067,384054518,-23555493,-20159,25832
1789,14824,6976,7928,-2061,384562665,-23552908,-21096,25072
1790,14598,7438,7916,-2104,381008192,-23600210,-22005,24279
1791,14357,7893,7905,-2147,377456244,-23597354,-22739,23592
1792,14102,8340,7906,-2141,377937104,-23594150,-23592,22739
1793,13833,8779,7895,-2183,374371534,-23640410,-24279,22005
1794,13550,9209,7897,-2177,374870994,-23636709,-25072,21096
1795,13255,9630,7884,-2220,371286312,-23682870,-25832,20159
1796,12946,10042,7873,-2263,367697715,-23678606,-26438,19357
1797,12624,10443,7874,-2257,368202764,-23673910,-27133,18371
1798,12289,10835,7862,-2300,364586784,-23719427,-27790,17360
1799,11943,11215,7849,-2341,361025980,-23714064,-28310,16499
1800,11585,11585,7851,-2336,361474162,-23708996,-28898,15446
1801,11215,11943,7838,-2378,357883820,-23753098,-29447,14372
1802,10835,12289,7825,-2421,354264192,-23747333,-29874,13462
1803,10443,12624,7827,-2415,354732084,-23740822,-30349,12353
1804,10042,12946,7814,-2457,351137820,-23784445,-30783,11228
1805,9630,13255,7801,-2499,347503096,-23777911,-31113,10278
1806,9209,13550,7803,-2494,347996655,-23770493,-31470,9126
1807,8779,13833,7788,-2536,344309904,-23813711,-31785,7962
1808,8340,14102,7775,-2578,340678134,-23805315,-32014,6983
1809,7893,14357,7777,-2572,341177154,-23797204,-32250,5800
1810,7438,14598,7763,-2614,337514000,-23839761,-32441,4609
1811,6976,14824,7749,-2656,333841484,-23830928,-32567,3612
1812,6507,15036,7751,-2650,334327416,-23821588,-32678,2410
1813,6031,15233,7736,-2692,330629292,-23863253,-32745,1206
1814,5550,15415,7722,-2734,326963874,-23853256,-32766,201
1815,5063,15582,7724,-2728,327450555,-23843268,-32745,-1206
1816,4571,15733,7692,-2817,319546785,-23884207,-32678,-2410
1817,4074,15869,7676,-2858,315819196,-23821495,-32589,-3412
1818,3574,15989,7679,-2853,316341739,-23809555,-32441,-4609
1819,3070,16093,7663,-2894,312589148,-23849747,-32250,-5800
1820,2563,16182,7647,-2935,308846350,-23837156,-32057,-6786
1821,2053,16254,7650,-2930,309380713,-23824285,-31785,-7962
1822,1542,16311,7633,-2971,305618451,-23863878,-31470,-9126
1823,1029,16351,7617,-3012,301853952,-23850424,-31176,-10087
1824,515,16375,7619,-3007,302366612,-23836540,-30783,-11228
1825,0,16384,7603,-3048,298577460,-23875118,-30349,-12353
1826,-515,16375,7587,-3089,294846464,-23860582,-29874,-13462
1827,-1029,16351,7570,-3129,291064540,-23846360,-29447,-14372
1828,-1542,16311,7572,-3124,291581076,-23831110,-28898,-15446
1829,-2053,16254,7555,-3165,287794020,-23868584,-28310,-16499
1830,-2563,16182,7538,-3206,283968871,-23852922,-27790,-17360
1831,-3070,16093,7540,-3200,284497710,-23836385,-27133,-18371
1832,-3574,15989,7523,-3241,280704146,-23873253,-26438,-19357
1833,-4074,15869,7505,-3281,276889439,-23856754,-25832,-20159
1834,-4571,15733,7508,-3276,277392171,-23839589,-25072,-21096
1835,-5063,15582,7490,-3316,273588336,-23875378,-24279,-22005
1836,-5550,15415,7472,-3357,269769360,-23857993,-23592,-22739
1837,-6031,15233,7474,-3351,270286045,-23840015,-22739,-23592
1838,-6507,15036,7456,-3392,266428512,-23875216,-21856,-24413
1839,-6976,14824,7438,-3432,262625331,-23856409,-21096,-25072
1840,-7438,14598,7440,-3426,263127744,-23837861,-20159,-25832
1841,-7893,14357,7422,-3467,259266604,-23872123,-19195,-26556
1842,-8340,14102,7403,-3506,255430766,-23852506,-18204,-27245
1843,-8779,13833,7384,-3546,251548478,-23832790,-17360,-27790
1844,-9209,13550,7386,-3541,252093660,-23812090,-16325,-28411
1845,-9630,13255,7367,-3581,248208524,-23845697,-15269,-28992
1846,-10042,12946,7348,-3621,244335065,-23824605,-14372,-29447
1847,-10443,12624,7351,-3615,244869448,-23803243,-13279,-29956
1848,-10835,12289,7331,-3655,240972657,-23835946,-12167,-30424
1849,-11215,11943,7311,-3694,237113212,-23813939,-11228,-30783
1850,-11585,11585,7313,-3689,237608000,-23791977,-10087,-31176
1851,-11943,11215,7294,-3728,233715790,-23823419,-8933,-31526
1852,-12289,10835,7273,-3768,229821342,-23800693,-7962,-31785
1853,-12624,10443,7276,-3762,230328678,-23777523,-6786,-32057
1854,-12946,10042,7256,-3802,226448979,-23808342,-5602,-32285
1855,-13255,9630,7235,-3841,222534416,-23784993,-4609,-32441
1856,-13550,9209,7238,-3835,223075590,-23760798,-3412,-32589
1857,-13833,8779,7217,-3874,219122557,-23791256,-2210,-32692
1858,-14102,8340,7196,-3913,215197888,-23766226,-1206,-32745
1859,-14357,7893,7199,-3908,215741742,-23741124,0,-32767
1860,-14598,7438,7178,-3947,211805888,-23770832,1005,-32752
1861,-14824,6976,7181,-3942,212358140,-23745231,2009,-32705
1862,-15036,6507,7183,-3936,212872640,-23774680,3212,-32609
1863,-15233,6031,7162,-3975,208926045,-23803722,4410,-32469
1864,-15415,5550,7141,-4014,205005498,-23777681,5404,-32318
1865,-15582,5063,7144,-4008,205522210,-23751541,6590,-32098
1866,-15733,4571,7122,-4047,201588312,-23779825,7767,-31833
1867,-15869,4074,7100,-4085,197618778,-23753156,8739,-31580
1868,-15989,3574,7103,-4080,198204223,-23725627,9896,-31237
1869,-16093,3070,7081,-4118,194211907,-23753971,11039,-30852
1870,-16182,2563,7058,-4156,190245239,-23725798,11980,-30498
1871,-16254,2053,7061,-4151,190787162,-23697516,13094,-30037
1872,-16311,1542,7039,-4189,186843579,-23724535,14191,-29534
1873,-16351,1029,7016,-4227,182835723,-23696173,15090,-29085
1874,-16375,515,7019,-4222,183376170,-23666595,16151,-28510
1875,-16384,0,6996,-4260,179378210,-23692804,17189,-27896
1876,-16375,-515,6974,-4298,175423488,-23662978,18037,-27356
1877,-16351,-1029,6976,-4292,175976020,-23633259,19032,-26674
1878,-16311,-1542,6953,-4330,171985816,-23658826,20000,-25955
1879,-16254,-2053,6930,-4368,167994615,-23628305,20787,-25329
1880,-16182,-2563,6933,-4363,168501816,-23597346,21705,-24547
1881,-16093,-3070,6909,-4400,164533120,-23621559,22594,-23731
1882,-15989,-3574,6885,-4437,160515491,-23590506,23311,-23027
1883,-15869,-4074,6889,-4432,161071136,-23558424,24143,-22154
1884,-15733,-4571,6865,-4469,157050537,-23582437,24811,-21403
1885,-15582,-5063,6868,-4464,157626130,-23549949,25582,-20475
1886,-15415,-5550,6844,-4501,153609317,-23573838,26319,-19519
1887,-15233,-6031,6820,-4538,149578900,-23541029,26905,-18703
1888,-15036,-6507,6823,-4533,150120782,-23507622,27575,-17700
1889,-14824,-6976,6798,-4570,146123925,-23530297,28105,-16846
1890,-14598,-7438,6802,-4565,146674760,-23496932,28706,-15800
1891,-14357,-7893,6777,-4601,142633840,-23519348,29268,-14732
1892,-14102,-8340,6752,-4638,138598648,-23485071,29706,-13828
1893,-13833,-8779,6755,-4633,139162004,-23450433,30195,-12725
1894,-13550,-9209,6730,-4669,135132170,-23472200,30571,-11793
1895,-13255,-9630,6734,-4664,135688176,-23437257,30985,-10659
1896,-12946,-10042,6708,-4701,131610590,-23458563,31356,-9512
1897,-12624,-10443,6683,-4737,127604032,-23422659,31633,-8545
1898,-12289,-10835,6686,-4732,128115942,-23387197,31926,-7375
1899,-11943,-11215,6661,-4768,124119096,-23407154,32137,-6393
1900,-11585,-11585,6664,-4763,124653358,-23371439,32351,-5205
1901,-11215,-11943,6638,-4799,120599850,-23391300,32521,-4011
1902,-10835,-12289,6612,-4835,116562026,-23354515,32628,-3012
1903,-10443,-12624,6616,-4830,117090600,-23317491,32717,-1809
1904,-10042,-12946,6590,-4865,113083980,-23336475,32757,-804
1905,-9630,-13255,6594,-4861,113608680,-23299462,32761,603
1906,-9209,-13550,6537,-4936,104958970,-23318026,32728,1608
1907,-8779,-13833,6540,-4932,105475776,-23223254,32646,2811
1908,-8340,-14102,6514,-4967,101430552,-23240853,32521,4011
1909,-7893,-14357,6487,-5002,97371140,-23202122,32382,5007
1910,-7438,-14598,6490,-4997,97911498,-23162784,32176,6195
1911,-6976,-14824,6464,-5032,93867140,-23179863,31971,7179
1912,-6507,-15036,6467,-5028,94406208,-23140335,31685,8351
1913,-6031,-15233,6440,-5062,90335772,-23157024,31414,9319
1914,-5550,-15415,6444,-5057,90912412,-23116799,31050,10469
1915,-5063,-15582,6416,-5092,86825665,-23133575,30714,11417
1916,-4571,-15733,6420,-5088,87376601,-23092775,30273,12539
1917,-4074,-15869,6392,-5122,83315370,-23108859,29874,13462
1918,-3574,-15989,6396,-5117,83891164,-23067997,29358,14553
1919,-3070,-16093,6368,-5152,79779231,-23084013,28898,15446
1920,-2563,-16182,6372,-5147,80346956,-23042152,28310,16499
1921,-2053,-16254,6344,-5182,76280135,-23057691,27790,17360
1922,-1542,-16311,6348,-5177,76836270,-23016009,27133,18371
1923,-1029,-16351,6320,-5211,72749814,-23031031,26556,19195
1924,-515,-16375,6324,-5207,73281932,-22988731,25832,20159
1925,0,-16384,6296,-5240,69210010,-23003079,25201,20942
1926,515,-16375,6300,-5236,69779456,-22960579,24413,21856
1927,1029,-16351,6271,-5270,65699410,-22975010,23731,22594
1928,1542,-16311,6275,-5265,66259512,-22932036,22884,23452
1929,2053,-16254,6247,-5299,62185464,-22945977,22154,24143
1930,2563,-16182,6250,-5294,62718535,-22902701,21250,24942
1931,3070,-16093,6222,-5328,58646152,-22915932,20475,25582
1932,3574,-15989,6226,-5323,59208039,-22872298,19519,26319
1933,4074,-15869,6197,-5357,55099812,-22885507,18703,26905
1934,4571,-15733,6201,-5353,55649454,-22841055,17700,27575
1935,5063,-15582,6172,-5386,51588650,-22853734,16846,28105
1936,5550,-15415,6176,-5381,52149175,-22809489,15976,28609
1937,6031,-15233,6180,-5377,52709055,-22821928,14912,29177
1938,6507,-15036,6151,-5410,48602014,-22834419,14010,29621
1939,6976,-14824,6155,-5405,49179921,-22789288,12910,30117
1940,7438,-14598,6126,-5439,45079784,-22801622,11980,30498
1941,7893,-14357,6129,-5434,45625600,-22756199,10849,30919
1942,8340,-14102,6100,-5467,41529834,-22767761,9896,31237
1943,8779,-13833,6104,-5463,42098438,-22722013,8933,31526
1944,9209,-13550,6108,-5458,42660592,-22733477,7767,31833
1945,9630,-13255,6078,-5491,38582100,-22744922,6786,32057
1946,10042,-12946,6083,-5487,39090985,-22699071,5602,32285
1947,10443,-12624,6053,-5520,35023136,-22709482,4609,32441
1948,10835,-12289,6057,-5515,35561982,-22663381,3412,32589
1949,11215,-11943,6027,-5547,31514682,-22673782,2410,32678
1950,11585,-11585,6031,-5543,32021196,-22627558,1407,32737
1951,11943,-11215,6035,-5539,32600190,-22637185,201,32766
1952,12289,-10835,6005,-5571,28508406,-22647762,-603,32761
1953,12624,-10443,6043,-5530,33690722,-22600672,-1809,32717
1954,12946,-10042,6013,-5562,29627574,-22667769,-2811,32646
1955,13255,-9630,6018,-5558,30184716,-22621149,-3811,32545
1956,13550,-9209,6022,-5554,30760890,-22631200,-5007,32382
1957,13833,-8779,5991,-5586,26615949,-22641546,-5998,32213
1958,14102,-8340,5995,-5582,27177726,-22593602,-7179,31971
1959,14357,-7893,5965,-5614,23105784,-22603389,-8157,31736
1960,14598,-7438,5970,-5610,23648254,-22555965,-9126,31470
1961,14824,-6976,5974,-5605,24224664,-22565138,-10278,31113
1962,15036,-6507,5943,-5637,20114424,-22574789,-11228,30783
1963,15233,-6031,5947,-5633,20663403,-22526576,-12353,30349
1964,15415,-5550,5917,-5665,16597306,-22535510,-13279,29956
1965,15582,-5063,5921,-5661,17121705,-22487462,-14191,29534
1966,15733,-4571,5925,-5656,17694951,-22495717,-15269,28992
1967,15869,-4074,5895,-5688,13586928,-22504631,-16151,28510
1968,15989,-3574,5899,-5684,14176057,-22455748,-17018,28001
1969,16093,-3070,5903,-5679,14709281,-22464481,-18037,27356
1970,16182,-2563,5872,-5711,10614157,-22472586,-18868,26790
1971,16254,-2053,5877,-5707,11172350,-22423543,-19680,26198
1972,16311,-1542,5881,-5702,11756038,-22431576,-20631,25456
1973,16351,-1029,5850,-5734,7634421,-22439984,-21403,24811
1974,16375,-515,5854,-5730,8170002,-22390299,-22154,24143
1975,16384,0,5858,-5726,8726920,-22397735,-23027,23311
1976,16375,515,5827,-5757,4653056,-22405491,-23731,22594
1977,16351,1029,5831,-5752,5239000,-22356072,-24547,21705
1978,16311,1542,5800,-5784,1123766,-22363812,-25201,20942
1979,16254,2053,5805,-5780,1683957,-22313509,-25832,20159
1980,16182,2563,5808,-5776,2210581,-22320553,-26556,19195
1981,16093,3070,5778,-5807,-1855889,-22327242,-27133,18371
1982,15989,3574,5782,-5803,-1309586,-22277219,-27683,17530
1983,15869,4074,5786,-5798,-745055,-22283773,-28208,16673
1984,15733,4571,5790,-5794,-203721,-22290611,-28803,15623
1985,15582,5063,5759,-5825,-4289694,-22297223,-29268,14732
1986,15415,5550,5763,-5821,-3727952,-22246701,-29706,13828
1987,15233,6031,5768,-5817,-3145670,-22253186,-30195,12725
1988,15036,6507,5736,-5848,-7269990,-22259985,-30571,11793
1989,14824,6976,5741,-5844,-6683460,-22208674,-30919,10849
1990,14598,7438,5745,-5839,-6144112,-22215147,-31297,9704
1991,14357,7893,5713,-5870,-10249176,-22221100,-31580,8739
1992,14102,8340,5717,-5866,-9690370,-22169707,-31833,7767
1993,13833,8779,5722,-5862,-9114732,-22175519,-32098,6590
1994,13550,9209,5690,-5893,-13210212,-22181599,-32285,5602
1995,13255,9630,5694,-5888,-12653267,-22130007,-32441,4609
1996,12946,10042,5699,-5885,-12121660,-22135480,-32567,3612
1997,12624,10443,5703,-5880,-11541912,-22140699,-32678,2410
1998,12289,10835,5671,-5911,-15679248,-22146570,-32737,1407
1999,11943,11215,5676,-5907,-15064130,-22094202,-32765,402
2000,11585,11585,5680,-5903,-14543404,-22100130,-32752,-1005
2001,11215,11943,5612,-5968,-23285850,-22104957,-32705,-2009
2002,10835,12289,5616,-5963,-22715182,-21995351,-32628,-3012
2003,10443,12624,5620,-5960,-22208376,-21999918,-32521,-4011
2004,10042,12946,5625,-5955,-21593436,-22003756,-32351,-5205
2005,9630,13255,5593,-5986,-25705236,-22008985,-32176,-6195
2006,9209,13550,5597,-5981,-25134575,-21955859,-31971,-7179
2007,8779,13833,5601,-5977,-24600750,-21960167,-31736,-8157
2008,8340,14102,5605,-5973,-24052340,-21964081,-31414,-9319
2009,7893,14357,5573,-6003,-28129530,-21968232,-31113,-10278
2010,7438,14598,5578,-5999,-27571068,-21915271,-30783,-11228
2011,6976,14824,5582,-5995,-27013928,-21919169,-30424,-12167
2012,6507,15036,5586,-5991,-26473048,-21923111,-30037,-13094
2013,6031,15233,5591,-5987,-25898469,-21926911,-29534,-14191
2014,5550,15415,5558,-6017,-29985556,-21931185,-29085,-15090
2015,5063,15582,5563,-6013,-29438325,-21877904,-28609,-15976
2016,4571,15733,5567,-6009,-28886449,-21881465,-28105,-16846
2017,4074,15869,5572,-6005,-28333174,-21885142,-27466,-17869
2018,3574,15989,5539,-6035,-32399997,-21888895,-26905,-18703
2019,3070,16093,5544,-6031,-31861214,-21835605,-26319,-19519
2020,2563,16182,5548,-6026,-31290260,-21838804,-25708,-20317
2021,2053,16254,5553,-6023,-30724913,-21842458,-25072,-21096
2022,1542,16311,5557,-6018,-30157000,-21846104,-24279,-22005
2023,1029,16351,5524,-6049,-34278714,-21849842,-23592,-22739
2024,515,16375,5529,-6044,-33727196,-21795679,-22884,-23452
2025,0,16384,5533,-6040,-33164040,-21798835,-22154,-24143
2026,-515,16375,5538,-6036,-32587776,-21802193,-21403,-24811
2027,-1029,16351,5542,-6032,-32005790,-21805774,-20475,-25582
2028,-1542,16311,5510,-6062,-36111904,-21809487,-19680,-26198
2029,-2053,16254,5514,-6058,-35571222,-21755319,-18868,-26790
2030,-2563,16182,5518,-6054,-35028314,-21758145,-18037,-27356
2031,-3070,16093,5523,-6050,-34457799,-21761056,-17189,-27896
2032,-3574,15989,5527,-6045,-33896801,-21764366,-16151,-28510
2033,-4074,15869,5495,-6075,-37989637,-21767620,-15269,-28992
2034,-4571,15733,5499,-6071,-37450973,-21713414,-14372,-29447
2035,-5063,15582,5504,-6067,-36878326,-21716014,-13462,-29874
2036,-5550,15415,5508,-6063,-36321616,-21719092,-12539,-30273
2037,-6031,15233,5513,-6059,-35763010,-21722034,-11417,-30714
2038,-6507,15036,5480,-6089,-39859140,-21725059,-10469,-31050
2039,-6976,14824,5484,-6085,-39291783,-21670613,-9512,-31356
2040,-7438,14598,5489,-6081,-38720288,-21673368,-8545,-31633
2041,-7893,14357,5493,-6077,-38194660,-21676235,-7571,-31880
2042,-8340,14102,5498,-6073,-37617570,-21678596,-6590,-32098
2043,-8779,13833,5502,-6069,-37055896,-21681649,-5404,-32318
2044,-9209,13550,5469,-6098,-41139924,-21684574,-4410,-32469
2045,-9630,13255,5474,-6094,-40580739,-21630139,-3412,-32589
2046,-10042,12946,5478,-6090,-40051505,-21632657,-2410,-32678
2047,-10443,12624,5483,-6086,-39495832,-21634864,-1407,-32737
2048,-10835,12289,5487,-6082,-38944128,-21637454,-402,-32765
2049,-11215,11943,5492,-6078,-38344462,-21640055,603,-32761
2050,-11585,11585,5496,-6074,-37814282,-21643307,1608,-32728
2051,-11943,11215,5501,-6070,-37257360,-21645765,2611,-32663
2052,-12289,10835,5505,-6066,-36686874,-21648610,3612,-32567
2053,-12624,10443,5509,-6062,-36171470,-21651682,4609,-32441
2054,-12946,10042,5514,-6058,-35561982,-21654134,5602,-32285
2055,-13255,9630,5519,-6054,-35023136,-21657804,6786,-32057
2056,-13550,9209,5486,-6084,-39090985,-21660666,7767,-31833
2057,-13833,8779,5490,-6079,-38582100,-21606649,8739,-31580
2058,-14102,8340,5495,-6075,-38000948,-21608764,9704,-31297
2059,-14357,7893,5499,-6071,-37443854,-21611826,10659,-30985
2060,-14598,7438,5504,-6067,-36875710,-21614653,11605,-30643
2061,-14824,6976,5508,-6063,-36323900,-21617676,12725,-30195
2062,-15036,6507,5475,-6093,-40434640,-21620558,13645,-29791
2063,-15233,6031,5480,-6089,-39866796,-21565872,14553,-29358
2064,-15415,5550,5484,-6085,-39302676,-21568572,15446,-28898
2065,-15582,5063,5489,-6081,-38746620,-21571287,16325,-28411
2066,-15733,4571,5493,-6077,-38174316,-21573962,17189,-27896
2067,-15869,4074,5497,-6073,-37630304,-21576897,18037,-27356
2068,-15989,3574,5502,-6069,-37047871,-21579544,19032,-26674
2069,-16093,3070,5469,-6098,-41165306,-21582724,19841,-26077
2070,-16182,2563,5474,-6094,-40612312,-21527877,20631,-25456
2071,-16254,2053,5478,-6090,-40042831,-21530315,21403,-24811
2072,-16311,1542,5483,-6086,-39483710,-21533016,22154,-24143
2073,-16351,1029,5487,-6082,-38947395,-21535650,22884,-23452
2074,-16375,515,5491,-6078,-38392376,-21538062,23592,-22739
2075,-16384,0,5496,-6074,-37828340,-21540762,24413,-21856
2076,-16375,-515,5464,-6104,-41893888,-21543633,25072,-21096
2077,-16351,-1029,5468,-6099,-41330480,-21489344,25708,-20317
2078,-16311,-1542,5472,-6096,-40788516,-21491833,26319,-19519
2079,-16254,-2053,5477,-6092,-40232604,-21494117,26905,-18703
2080,-16182,-2563,5481,-6087,-39682084,-21496632,27466,-17869
2081,-16093,-3070,5486,-6084,-39105049,-21499139,28001,-17018
2082,-15989,-3574,5490,-6079,-38541089,-21502033,28510,-16151
2083,-15869,-4074,5495,-6075,-37989637,-21504827,29085,-15090
2084,-15733,-4571,5461,-6105,-42117705,-21507527,29534,-14191
2085,-15582,-5063,5466,-6101,-41524444,-21452448,29956,-13279
2086,-15415,-5550,5471,-6097,-40962209,-21455282,30349,-12353
2087,-15233,-6031,5475,-6093,-40412240,-21457796,30714,-11417
2088,-15036,-6507,5480,-6089,-39859140,-21460219,31050,-10469
2089,-14824,-6976,5484,-6085,-39291783,-21462739,31356,-9512
2090,-14598,-7438,5489,-6081,-38720288,-21465494,31633,-8545
2091,-14357,-7893,5493,-6077,-38194660,-21468361,31880,-7571
2092,-14102,-8340,5498,-6073,-37617570,-21470722,32137,-6393
2093,-13833,-8779,5465,-6102,-41701688,-21473775,32318,-5404
2094,-13550,-9209,5469,-6098,-41139924,-21419279,32469,-4410
2095,-13255,-9630,5474,-6094,-40580739,-21421768,32589,-3412
2096,-12946,-10042,5478,-6090,-40051505,-21424286,32678,-2410
2097,-12624,-10443,5483,-6086,-39495832,-21426493,32737,-1407
2098,-12289,-10835,5487,-6082,-38944128,-21429083,32765,-402
2099,-11943,-11215,5492,-6078,-38344462,-21431684,32757,804
2100,-11585,-11585,5459,-6108,-42466128,-21434936,32705,2009
2101,-11215,-11943,5426,-6137,-46548530,-21379899,32628,3012
2102,-10835,-12289,5430,-6133,-45998712,-21324907,32521,4011
2103,-10443,-12624,5435,-6129,-45464830,-21326731,32382,5007
2104,-10042,-12946,5439,-6125,-44871327,-21328417,32213,5998
2105,-9630,-13255,5444,-6121,-44335472,-21330897,32014,6983
2106,-9209,-13550,5448,-6117,-43755205,-21332728,31785,7962
2107,-8779,-13833,5452,-6113,-43228473,-21335165,31526,8933
2108,-8340,-14102,5457,-6109,-42660592,-21337002,31237,9896
2109,-7893,-14357,5462,-6105,-42098438,-21339404,30919,10849
2110,-7438,-14598,5466,-6101,-41529834,-21341796,30571,11793
2111,-6976,-14824,5471,-6097,-40982188,-21344328,30117,12910
2112,-6507,-15036,5438,-6127,-45079784,-21346661,29706,13828
2113,-6031,-15233,5442,-6123,-44534130,-21291639,29268,14732
2114,-5550,-15415,5447,-6118,-43937112,-21293569,28803,15623
2115,-5063,-15582,5451,-6114,-43394600,-21296192,28310,16499
2116,-4571,-15733,5456,-6110,-42828965,-21298205,27790,17360
2117,-4074,-15869,5460,-6106,-42285460,-21300561,27245,18204
2118,-3574,-15989,5465,-6102,-41687597,-21302704,26674,19032
2119,-3070,-16093,5469,-6098,-41165306,-21305577,26077,19841
2120,-2563,-16182,5474,-6094,-40612312,-21307580,25456,20631
2121,-2053,-16254,5478,-6090,-40042831,-21310018,24811,21403
2122,-1542,-16311,5483,-6086,-39483710,-21312719,24143,22154
2123,-1029,-16351,5487,-6082,-38947395,-21315353,23452,22884
2124,-515,-16375,5491,-6078,-38392376,-21317765,22594,23731
2125,0,-16384,5458,-6108,-42475750,-21320465,21856,24413
2126,515,-16375,5464,-6104,-41893888,-21265896,21096,25072
2127,1029,-16351,5468,-6099,-41330480,-21268551,20317,25708
2128,1542,-16311,5472,-6096,-40788516,-21271040,19519,26319
2129,2053,-16254,5477,-6092,-40232604,-21273324,18703,26905
2130,2563,-16182,5481,-6087,-39682084,-21275839,17869,27466
2131,3070,-16093,5486,-6084,-39105049,-21278346,17018,28001
2132,3574,-15989,5490,-6079,-38541089,-21281240,16151,28510
2133,4074,-15869,5495,-6075,-37989637,-21284034,15269,28992
2134,4571,-15733,5499,-6071,-37450973,-21286734,14372,29447
2135,5063,-15582,5504,-6067,-36878326,-21289334,13462,29874
2136,5550,-15415,5508,-6063,-36321616,-21292412,12539,30273
2137,6031,-15233,5513,-6059,-35763010,-21295354,11417,30714
2138,6507,-15036,5480,-6089,-39859140,-21298379,10469,31050
2139,6976,-14824,5484,-6085,-39291783,-21243933,9512,31356
2140,7438,-14598,5489,-6081,-38720288,-21246688,8545,31633
2141,7893,-14357,5493,-6077,-38194660,-21249555,7571,31880
2142,8340,-14102,5498,-6073,-37617570,-21251916,6590,32098
2143,8779,-13833,5502,-6069,-37055896,-21254969,5602,32285
2144,9209,-13550,5507,-6065,-36495966,-21257894,4609,32441
2145,9630,-13255,5511,-6060,-35930150,-21260857,3612,32567
2146,10042,-12946,5516,-6057,-35394755,-21263953,2611,32663
2147,10443,-12624,5520,-6053,-34831684,-21266733,1608,32728
2148,10835,-12289,5524,-6049,-34288032,-21269912,603,32761
2149,11215,-11943,5529,-6044,-33690722,-21272911,-201,32766
2150,11585,-11585,5570,-6006,-28508406,-21276632,-1206,32745
2151,11943,-11215,5575,-6002,-27943020,-21337085,-2410,32678
2152,12289,-10835,5542,-6032,-32021196,-21341028,-3412,32589
2153,12624,-10443,5546,-6028,-31514682,-21287639,-4410,32469
2154,12946,-10042,5551,-6024,-30910581,-21290480,-5404,32318
2155,13255,-9630,5556,-6020,-30375680,-21294581,-6393,32137
2156,13550,-9209,5560,-6016,-29807180,-21297891,-7375,31926
2157,13833,-8779,5564,-6012,-29256859,-21301673,-8351,31685
2158,14102,-8340,5569,-6008,-28696822,-21305292,-9319,31414
2159,14357,-7893,5573,-6003,-28129530,-21309089,-10278,31113
2160,14598,-7438,5578,-5999,-27571068,-21313036,-11228,30783
2161,14824,-6976,5582,-5995,-27013928,-21316934,-12167,30424
2162,15036,-6507,5586,-5991,-26473048,-21320876,-13094,30037
2163,15233,-6031,5591,-5987,-25898469,-21324676,-14010,29621
2164,15415,-5550,5595,-5983,-25336198,-21328950,-15090,29085
2165,15582,-5063,5563,-6013,-29438325,-21333134,-15976,28609
2166,15733,-4571,5567,-6009,-28886449,-21279728,-16846,28105
2167,15869,-4074,5572,-6005,-28333174,-21283405,-17700,27575
2168,15989,-3574,5576,-6001,-27743975,-21287158,-18537,27019
2169,16093,-3070,5580,-5997,-27198446,-21291414,-19357,26438
2170,16182,-2563,5585,-5992,-26636117,-21295194,-20159,25832
2171,16254,-2053,5589,-5988,-26074447,-21299240,-20942,25201
2172,16311,-1542,5594,-5984,-25505793,-21303337,-21705,24547
2173,16351,-1029,5598,-5980,-24964722,-21307581,-22448,23870
2174,16375,-515,5603,-5976,-24410100,-21311545,-23170,23170
2175,16384,0,5607,-5972,-23865100,-21315734,-23870,22448
2176,16375,515,5612,-5968,-23298048,-21319863,-24680,21554
2177,16351,1029,5579,-5998,-27377740,-21324323,-25329,20787
2178,16311,1542,5583,-5994,-26812878,-21271412,-25955,20000
2179,16254,2053,5588,-5990,-26269395,-21275470,-26556,19195
2180,16182,2563,5592,-5986,-25718891,-21279324,-27133,18371
2181,16093,3070,5597,-5982,-25159932,-21283323,-27683,17530
2182,15989,3574,5601,-5977,-24588319,-21287485,-28208,16673
2183,15869,4074,5606,-5973,-24028421,-21291863,-28706,15800
2184,15733,4571,5610,-5969,-23487870,-21296157,-29177,14912
2185,15582,5063,5614,-5965,-22900426,-21300272,-29621,14010
2186,15415,5550,5619,-5961,-22346849,-21305024,-30037,13094
2187,15233,6031,5623,-5957,-21799295,-21309420,-30424,12167
2188,15036,6507,5627,-5952,-21242560,-21313801,-30783,11228
2189,14824,6976,5632,-5948,-20663403,-21318354,-31176,10087
2190,14598,7438,5600,-5979,-24772648,-21323244,-31470,9126
2191,14357,7893,5604,-5975,-24224664,-21270249,-31736,8157
2192,14102,8340,5609,-5971,-23648254,-21274376,-31971,7179
2193,13833,8779,5613,-5966,-23105784,-21278913,-32176,6195
2194,13550,9209,5617,-5962,-22536164,-21283092,-32351,5205
2195,13255,9630,5622,-5958,-21975096,-21287665,-32495,4210
2196,12946,10042,5626,-5954,-21448525,-21292193,-32609,3212
2197,12624,10443,5631,-5950,-20859080,-21296355,-32692,2210
2198,12289,10835,5635,-5946,-20323182,-21301350,-32745,1206
2199,11943,11215,5639,-5941,-19723686,-21305746,-32766,201
2200,11585,11585,5643,-5937,-19198890,-21310985,-32752,-1005
2201,11215,11943,5612,-5968,-23285850,-21315365,-32705,-2009
2202,10835,12289,5616,-5963,-22715182,-21262802,-32609,-3212
2203,10443,12624,5583,-5994,-26860802,-21267369,-32495,-4210
2204,10042,12946,5588,-5989,-26240475,-21213705,-32351,-5205
2205,9630,13255,5593,-5986,-25705236,-21218503,-32176,-6195
2206,9209,13550,5597,-5981,-25134575,-21222316,-31971,-7179
2207,8779,13833,5601,-5977,-24600750,-21226624,-31736,-8157
2208,8340,14102,5605,-5973,-24052340,-21230538,-31470,-9126
2209,7893,14357,5610,-5969,-23475552,-21234689,-31176,-10087
2210,7438,14598,5614,-5965,-22914086,-21239249,-30852,-11039
2211,6976,14824,5619,-5961,-22355084,-21243682,-30498,-11980
2212,6507,15036,5623,-5957,-21815696,-21248144,-30117,-12910
2213,6031,15233,5627,-5953,-21252237,-21252423,-29706,-13828
2214,5550,15415,5632,-5948,-20683980,-21257057,-29268,-14732
2215,5063,15582,5636,-5944,-20127560,-21261811,-28803,-15623
2216,4571,15733,5641,-5940,-19558078,-21266479,-28310,-16499
2217,4074,15869,5645,-5936,-18999476,-21271368,-27683,-17530
2218,3574,15989,5613,-5966,-23079805,-21276184,-27133,-18371
2219,3070,16093,5617,-5962,-22535678,-21223724,-26556,-19195
2220,2563,16182,5621,-5958,-21994997,-21227985,-25955,-20000
2221,2053,16254,5626,-5954,-21418855,-21232261,-25329,-20787
2222,1542,16311,5630,-5949,-20850480,-21237033,-24680,-21554
2223,1029,16351,5635,-5946,-20304642,-21241771,-24007,-22301
2224,515,16375,5639,-5941,-19756126,-21246291,-23311,-23027
2225,0,16384,5643,-5937,-19213570,-21250902,-22594,-23731
2226,-515,16375,5648,-5933,-18628608,-21255498,-21856,-24413
2227,-1029,16351,5652,-5929,-18042340,-21260676,-21096,-25072
2228,-1542,16311,5657,-5925,-17504704,-21265933,-20317,-25708
2229,-2053,16254,5661,-5921,-16962051,-21270651,-19519,-26319
2230,-2563,16182,5665,-5917,-16421786,-21275489,-18703,-26905
2231,-3070,16093,5670,-5912,-15831460,-21280355,-17869,-27466
2232,-3574,15989,5674,-5908,-15266071,-21285898,-16846,-28105
2233,-4074,15869,5642,-5939,-19365277,-21291196,-15976,-28609
2234,-4571,15733,5646,-5935,-18833787,-21238901,-15090,-29085
2235,-5063,15582,5651,-5930,-18259410,-21243402,-14191,-29534
2236,-5550,15415,5655,-5926,-17694951,-21248490,-13279,-29956
2237,-6031,15233,5660,-5922,-17121705,-21253517,-12353,-30349
2238,-6507,15036,5664,-5918,-16597306,-21258713,-11417,-30714
2239,-6976,14824,5668,-5914,-16003275,-21263366,-10469,-31050
2240,-7438,14598,5673,-5910,-15456200,-21268936,-9512,-31356
2241,-7893,14357,5677,-5905,-14902528,-21273989,-8545,-31633
2242,-8340,14102,5681,-5901,-14349462,-21279182,-7571,-31880
2243,-8779,13833,5686,-5897,-13784178,-21284426,-6590,-32098
2244,-9209,13550,5690,-5893,-13210212,-21289881,-5602,-32285
2245,-9630,13255,5694,-5888,-12653267,-21295503,-4609,-32441
2246,-10042,12946,5699,-5885,-12121660,-21300976,-3412,-32589
2247,-10443,12624,5667,-5915,-16203400,-21306195,-2410,-32678
2248,-10835,12289,5671,-5911,-15679248,-21254452,-1407,-32737
2249,-11215,11943,5676,-5907,-15064130,-21259200,-402,-32765
2250,-11585,11585,5680,-5903,-14543404,-21265128,402,-32765
2251,-11943,11215,5720,-5864,-9314340,-21269955,1407,-32737
2252,-12289,10835,5725,-5859,-8750770,-21333031,2410,-32678
2253,-12624,10443,5729,-5855,-8215028,-21339002,3412,-32589
2254,-12946,10042,5733,-5851,-7627995,-21344689,4410,-32469
2255,-13255,9630,5738,-5847,-7087104,-21351068,5404,-32318
2256,-13550,9209,5742,-5842,-6517790,-21356939,6393,-32137
2257,-13833,8779,5746,-5838,-5991570,-21363219,7375,-31926
2258,-14102,8340,5750,-5834,-5409496,-21369027,8351,-31685
2259,-14357,7893,5755,-5830,-4844172,-21375582,9512,-31356
2260,-14598,7438,5723,-5861,-8956816,-21381992,10469,-31050
2261,-14824,6976,5728,-5856,-8376884,-21330644,11417,-30714
2262,-15036,6507,5732,-5852,-7847128,-21336856,12353,-30349
2263,-15233,6031,5736,-5848,-7274058,-21342509,13279,-29956
2264,-15415,5550,5740,-5844,-6709544,-21348754,14191,-29534
2265,-15582,5063,5745,-5840,-6161405,-21354955,15090,-29085
2266,-15733,4571,5749,-5835,-5587935,-21361014,15976,-28609
2267,-15869,4074,5753,-5831,-5043046,-21367444,16846,-28105
2268,-15989,3574,5758,-5827,-4461303,-21373582,17700,-27575
2269,-16093,3070,5762,-5823,-3921475,-21380234,18537,-27019
2270,-16182,2563,5766,-5818,-3356094,-21386430,19519,-26319
2271,-16254,2053,5735,-5849,-7445194,-21393000,20317,-25708
2272,-16311,1542,5739,-5845,-6864011,-21342102,21096,-25072
2273,-16351,1029,5743,-5841,-6338520,-21348490,21856,-24413
2274,-16375,515,5747,-5837,-5801294,-21354252,22594,-23731
2275,-16384,0,5751,-5832,-5239000,-21360215,23311,-23027
2276,-16375,-515,5756,-5828,-4653056,-21366546,24007,-22301
2277,-16351,-1029,5760,-5824,-4087130,-21373229,24680,-21554
2278,-16311,-1542,5765,-5820,-3538440,-21379727,25329,-20787
2279,-16254,-2053,5769,-5815,-2973690,-21386073,25955,-20000
2280,-16182,-2563,5773,-5811,-2446955,-21392676,26674,-19032
2281,-16093,-3070,5742,-5842,-6518366,-21398869,27245,-18204
2282,-15989,-3574,5746,-5838,-5968383,-21348287,27790,-17360
2283,-15869,-4074,5750,-5834,-5399170,-21354389,28310,-16499
2284,-15733,-4571,5754,-5830,-4876893,-21360787,28803,-15623
2285,-15582,-5063,5759,-5825,-4289694,-21366666,29268,-14732
2286,-15415,-5550,5763,-5821,-3727952,-21373403,29706,-13828
2287,-15233,-6031,5768,-5817,-3145670,-21379888,30117,-12910
2288,-15036,-6507,5772,-5813,-2618394,-21386687,30498,-11980
2289,-14824,-6976,5776,-5808,-2032302,-21392868,30852,-11039
2290,-14598,-7438,5781,-5804,-1476296,-21399833,31176,-10087
2291,-14357,-7893,5785,-5800,-943028,-21406488,31526,-8933
2292,-14102,-8340,5753,-5831,-5024814,-21412922,31785,-7962
2293,-13833,-8779,5758,-5827,-4461966,-21362372,32014,-6983
2294,-13550,-9209,5762,-5822,-3899160,-21368792,32213,-5998
2295,-13255,-9630,5766,-5818,-3328151,-21375272,32382,-5007
2296,-12946,-10042,5770,-5814,-2799555,-21381913,32521,-4011
2297,-12624,-10443,5775,-5810,-2236116,-21388091,32628,-3012
2298,-12289,-10835,5779,-5806,-1683864,-21394756,32705,-2009
2299,-11943,-11215,5783,-5801,-1096954,-21401343,32752,-1005
2300,-11585,-11585,5787,-5797,-569666,-21408418,32766,201
2301,-11215,-11943,5756,-5828,-4657170,-21414818,32737,1407
2302,-10835,-12289,5725,-5859,-8750770,-21364238,32678,2410
2303,-10443,-12624,5729,-5855,-8215028,-21313146,32589,3412
2304,-10042,-12946,5733,-5851,-7627995,-21318833,32469,4410
2305,-9630,-13255,5738,-5847,-7087104,-21325212,32318,5404
2306,-9209,-13550,5742,-5842,-6517790,-21331083,32137,6393
2307,-8779,-13833,5746,-5838,-5991570,-21337363,31926,7375
2308,-8340,-14102,5750,-5834,-5409496,-21343171,31685,8351
2309,-7893,-14357,5755,-5830,-4844172,-21349726,31414,9319
2310,-7438,-14598,5759,-5825,-4287654,-21356136,31113,10278
2311,-6976,-14824,5763,-5821,-3716928,-21362497,30783,11228
2312,-6507,-15036,5767,-5817,-3185416,-21369093,30349,12353
2313,-6031,-15233,5736,-5848,-7274058,-21375266,29956,13279
2314,-5550,-15415,5740,-5844,-6709544,-21324392,29534,14191
2315,-5063,-15582,5745,-5840,-6161405,-21330593,29085,15090
2316,-4571,-15733,5749,-5835,-5587935,-21336652,28609,15976
2317,-4074,-15869,5753,-5831,-5043046,-21343082,28105,16846
2318,-3574,-15989,5758,-5827,-4461303,-21349220,27575,17700
2319,-3070,-16093,5762,-5823,-3921475,-21355872,27019,18537
2320,-2563,-16182,5766,-5818,-3356094,-21362068,26438,19357
2321,-2053,-16254,5770,-5814,-2787843,-21368638,25832,20159
2322,-1542,-16311,5775,-5809,-2210581,-21375303,25201,20942
2323,-1029,-16351,5779,-5806,-1683957,-21382140,24413,21856
2324,-515,-16375,5747,-5837,-5801294,-21388413,23731,22594
2325,0,-16384,5751,-5832,-5239000,-21337345,23027,23311
2326,515,-16375,5756,-5828,-4653056,-21343676,22301,24007
2327,1029,-16351,5760,-5824,-4087130,-21350359,21554,24680
2328,1542,-16311,5765,-5820,-3538440,-21356857,20787,25329
2329,2053,-16254,5769,-5815,-2973690,-21363203,20000,25955
2330,2563,-16182,5773,-5811,-2446955,-21369806,19195,26556
2331,3070,-16093,5778,-5807,-1855889,-21375999,18371,27133
2332,3574,-15989,5782,-5803,-1309586,-21383043,17530,27683
2333,4074,-15869,5786,-5798,-745055,-21389597,16499,28310
2334,4571,-15733,5754,-5830,-4876893,-21396435,15623,28803
2335,5063,-15582,5759,-5825,-4289694,-21345288,14732,29268
2336,5550,-15415,5763,-5821,-3727952,-21352025,13828,29706
2337,6031,-15233,5768,-5817,-3145670,-21358510,12910,30117
2338,6507,-15036,5772,-5813,-2618394,-21365309,11980,30498
2339,6976,-14824,5776,-5808,-2032302,-21371490,11039,30852
2340,7438,-14598,5781,-5804,-1476296,-21378455,10087,31176
2341,7893,-14357,5785,-5800,-943028,-21385110,9126,31470
2342,8340,-14102,5789,-5796,-368580,-21391544,8157,31736
2343,8779,-13833,5793,-5791,196562,-21398544,7179,31971
2344,9209,-13550,5798,-5787,750114,-21405490,5998,32213
2345,9630,-13255,5766,-5818,-3328151,-21412353,5007,32382
2346,10042,-12946,5770,-5814,-2799555,-21362028,4011,32521
2347,10443,-12624,5775,-5810,-2236116,-21368206,3012,32628
2348,10835,-12289,5779,-5806,-1683864,-21374871,2009,32705
2349,11215,-11943,5783,-5801,-1096954,-21381458,1005,32752
2350,11585,-11585,5787,-5797,-569666,-21388533,0,32767
2351,11943,-11215,5792,-5793,0,-21394933,-804,32757
2352,12289,-10835,5831,-5753,5228064,-21401914,-1809,32717
2353,12624,-10443,5835,-5749,5739202,-21466531,-2811,32646
2354,12946,-10042,5840,-5744,6359589,-21473407,-4011,32521
2355,13255,-9630,5809,-5776,2236116,-21481688,-5007,32382
2356,13550,-9209,5813,-5771,2799555,-21431403,-5998,32213
2357,13833,-8779,5817,-5767,3328151,-21438606,-6983,32014
2358,14102,-8340,5821,-5763,3899160,-21445439,-7962,31785
2359,14357,-7893,5826,-5759,4461966,-21452852,-8933,31526
2360,14598,-7438,5830,-5754,5024814,-21460225,-9896,31237
2361,14824,-6976,5834,-5750,5588664,-21467659,-10849,30919
2362,15036,-6507,5838,-5746,6144112,-21475165,-11793,30571
2363,15233,-6031,5843,-5742,6683460,-21482628,-12910,30117
2364,15415,-5550,5812,-5773,2618394,-21489951,-13828,29706
2365,15582,-5063,5816,-5769,3145670,-21440423,-14732,29268
2366,15733,-4571,5820,-5764,3727952,-21447220,-15623,28803
2367,15869,-4074,5824,-5760,4289694,-21454753,-16499,28310
2368,15989,-3574,5829,-5755,4876893,-21462095,-17360,27790
2369,16093,-3070,5833,-5751,5399170,-21469811,-18204,27245
2370,16182,-2563,5837,-5747,5968383,-21476788,-19032,26674
2371,16254,-2053,5841,-5743,6518366,-21484400,-20000,25955
2372,16311,-1542,5810,-5774,2446955,-21491836,-20787,25329
2373,16351,-1029,5814,-5770,2973690,-21442212,-21554,24680
2374,16375,-515,5819,-5766,3538440,-21448984,-22301,24007
2375,16384,0,5823,-5761,4087130,-21456282,-23027,23311
2376,16375,515,5827,-5757,4653056,-21463442,-23731,22594
2377,16351,1029,5831,-5752,5239000,-21470874,-24413,21856
2378,16311,1542,5836,-5748,5801294,-21478614,-25072,21096
2379,16254,2053,5840,-5744,6338520,-21486124,-25832,20159
2380,16182,2563,5808,-5776,2210581,-21493384,-26438,19357
2381,16093,3070,5813,-5771,2787843,-21443042,-27019,18537
2382,15989,3574,5817,-5767,3356094,-21450413,-27575,17700
2383,15869,4074,5822,-5763,3921475,-21457735,-28105,16846
2384,15733,4571,5826,-5759,4461303,-21465082,-28609,15976
2385,15582,5063,5830,-5754,5043046,-21472173,-29085,15090
2386,15415,5550,5834,-5750,5587935,-21479840,-29534,14191
2387,15233,6031,5839,-5746,6161405,-21487114,-29956,13279
2388,15036,6507,5843,-5741,6709544,-21494799,-30424,12167
2389,14824,6976,5812,-5773,2627385,-21502232,-30783,11228
2390,14598,7438,5816,-5768,3185416,-21452495,-31113,10278
2391,14357,7893,5820,-5764,3716928,-21459673,-31414,9319
2392,14102,8340,5824,-5760,4287654,-21466583,-31685,8351
2393,13833,8779,5829,-5756,4844172,-21474034,-31926,7375
2394,13550,9209,5833,-5751,5409496,-21481371,-32137,6393
2395,13255,9630,5837,-5747,5991570,-21488876,-32318,5404
2396,12946,10042,5841,-5743,6517790,-21496649,-32495,4210
2397,12624,10443,5810,-5774,2414000,-21503793,-32609,3212
2398,12289,10835,5814,-5770,2970975,-21453768,-32692,2210
2399,11943,11215,5819,-5765,3569872,-21460910,-32745,1206
2400,11585,11585,5823,-5761,4090188,-21468630,-32766,201
2401,11215,11943,5827,-5757,4657170,-21475443,-32752,-1005
2402,10835,12289,5796,-5788,569666,-21482888,-32705,-2009
2403,10443,12624,5800,-5784,1096954,-21432866,-32628,-3012
2404,10042,12946,5805,-5780,1683864,-21439444,-32495,-4210
2405,9630,13255,5773,-5811,-2414000,-21446816,-32351,-5205
2406,9209,13550,5778,-5807,-1844050,-21396348,-32176,-6195
2407,8779,13833,5782,-5803,-1315989,-21403135,-31971,-7179
2408,8340,14102,5786,-5799,-750114,-21409465,-31736,-8157
2409,7893,14357,5790,-5794,-196562,-21416319,-31470,-9126
2410,7438,14598,5795,-5790,368580,-21423081,-31176,-10087
2411,6976,14824,5799,-5786,943028,-21430045,-30852,-11039
2412,6507,15036,5803,-5782,1476296,-21437185,-30498,-11980
2413,6031,15233,5807,-5777,2032302,-21443877,-30117,-12910
2414,5550,15415,5812,-5773,2618394,-21450907,-29621,-14010
2415,5063,15582,5780,-5804,-1508485,-21458368,-29177,-14912
2416,4571,15733,5785,-5800,-945377,-21407642,-28706,-15800
2417,4074,15869,5789,-5796,-386828,-21414441,-28208,-16673
2418,3574,15989,5793,-5791,203721,-21421244,-27683,-17530
2419,3070,16093,5797,-5787,745055,-21428502,-27133,-18371
2420,2563,16182,5802,-5783,1309586,-21435215,-26556,-19195
2421,2053,16254,5806,-5779,1855889,-21442272,-25955,-20000
2422,1542,16311,5810,-5774,2446955,-21449164,-25329,-20787
2423,1029,16351,5814,-5770,2973690,-21456668,-24547,-21705
2424,515,16375,5783,-5801,-1123766,-21463440,-23870,-22448
2425,0,16384,5787,-5797,-568520,-21413115,-23170,-23170
2426,-515,16375,5792,-5793,0,-21419858,-22448,-23870
2427,-1029,16351,5796,-5788,568520,-21426824,-21705,-24547
2428,-1542,16311,5800,-5784,1123766,-21433851,-20942,-25201
2429,-2053,16254,5805,-5780,1683957,-21440775,-20159,-25832
2430,-2563,16182,5808,-5776,2210581,-21447819,-19357,-26438
2431,-3070,16093,5813,-5771,2787843,-21454508,-18537,-27019
2432,-3574,15989,5817,-5767,3356094,-21461879,-17530,-27683
2433,-4074,15869,5786,-5798,-745055,-21469201,-16673,-28208
2434,-4571,15733,5790,-5794,-203721,-21418871,-15800,-28706
2435,-5063,15582,5795,-5790,386828,-21425483,-14912,-29177
2436,-5550,15415,5799,-5786,945377,-21432761,-14010,-29621
2437,-6031,15233,5803,-5781,1508485,-21439706,-13094,-30037
2438,-6507,15036,5807,-5777,2030342,-21446767,-12167,-30424
2439,-6976,14824,5812,-5773,2627385,-21453379,-11228,-30783
2440,-7438,14598,5816,-5768,3185416,-21460976,-10278,-31113
2441,-7893,14357,5820,-5764,3716928,-21468154,-9126,-31470
2442,-8340,14102,5789,-5796,-368580,-21475064,-8157,-31736
2443,-8779,13833,5793,-5791,196562,-21424966,-7179,-31971
2444,-9209,13550,5798,-5787,750114,-21431912,-6195,-32176
2445,-9630,13255,5802,-5783,1315989,-21438775,-5205,-32351
2446,-10042,12946,5806,-5779,1844050,-21445850,-4210,-32495
2447,-10443,12624,5810,-5774,2414000,-21452518,-3212,-32609
2448,-10835,12289,5814,-5770,2970975,-21459760,-2210,-32692
2449,-11215,11943,5819,-5765,3569872,-21466902,-1005,-32752
2450,-11585,11585,5787,-5797,-569666,-21474622,0,-32767
2451,-11943,11215,5792,-5793,0,-21423841,804,-32757
2452,-12289,10835,5831,-5753,5228064,-21430822,1809,-32717
2453,-12624,10443,5835,-5749,5739202,-21495439,2811,-32646
2454,-12946,10042,5840,-5744,6359589,-21502315,3811,-32545
2455,-13255,9630,5844,-5740,6903412,-21510596,4808,-32412
2456,-13550,9209,5848,-5736,7462420,-21517997,5800,-32250
2457,-13833,8779,5852,-5731,7995050,-21525644,6786,-32057
2458,-14102,8340,5857,-5727,8571046,-21533025,7962,-31785
2459,-14357,7893,5826,-5759,4461966,-21540999,8933,-31526
2460,-14598,7438,5830,-5754,5024814,-21491128,9896,-31237
2461,-14824,6976,5834,-5750,5588664,-21498562,10849,-30919
2462,-15036,6507,5838,-5746,6144112,-21506068,11793,-30571
2463,-15233,6031,5843,-5742,6683460,-21513531,12725,-30195
2464,-15415,5550,5847,-5737,7269990,-21520854,13645,-29791
2465,-15582,5063,5851,-5733,7820790,-21528818,14553,-29358
2466,-15733,4571,5855,-5729,8370117,-21536403,15623,-28803
2467,-15869,4074,5824,-5760,4289694,-21544028,16499,-28310
2468,-15989,3574,5829,-5755,4876893,-21494490,17360,-27790
2469,-16093,3070,5833,-5751,5399170,-21502206,18204,-27245
2470,-16182,2563,5837,-5747,5968383,-21509183,19032,-26674
2471,-16254,2053,5841,-5743,6518366,-21516795,19841,-26077
2472,-16311,1542,5845,-5738,7090290,-21524231,20631,-25456
2473,-16351,1029,5850,-5734,7634421,-21531996,21554,-24680
2474,-16375,515,5819,-5766,3538440,-21539479,22301,-24007
2475,-16384,0,5823,-5761,4087130,-21489670,23027,-23311
2476,-16375,-515,5827,-5757,4653056,-21496830,23731,-22594
2477,-16351,-1029,5831,-5752,5239000,-21504262,24413,-21856
2478,-16311,-1542,5836,-5748,5801294,-21512002,25072,-21096
2479,-16254,-2053,5840,-5744,6338520,-21519512,25708,-20317
2480,-16182,-2563,5844,-5740,6864011,-21526772,26319,-19519
2481,-16093,-3070,5848,-5736,7445194,-21533944,27019,-18537
2482,-15989,-3574,5817,-5767,3356094,-21541861,27575,-17700
2483,-15869,-4074,5822,-5763,3921475,-21492117,28105,-16846
2484,-15733,-4571,5826,-5759,4461303,-21499464,28609,-15976
2485,-15582,-5063,5830,-5754,5043046,-21506555,29085,-15090
2486,-15415,-5550,5834,-5750,5587935,-21514222,29534,-14191
2487,-15233,-6031,5839,-5746,6161405,-21521496,29956,-13279
2488,-15036,-6507,5843,-5741,6709544,-21529181,30349,-12353
2489,-14824,-6976,5847,-5737,7274058,-21536614,30783,-11228
2490,-14598,-7438,5816,-5768,3185416,-21544308,31113,-10278
2491,-14357,-7893,5820,-5764,3716928,-21494551,31414,-9319
2492,-14102,-8340,5824,-5760,4287654,-21501461,31685,-8351
2493,-13833,-8779,5829,-5756,4844172,-21508912,31926,-7375
2494,-13550,-9209,5833,-5751,5409496,-21516249,32137,-6393
2495,-13255,-9630,5837,-5747,5991570,-21523754,32318,-5404
2496,-12946,-10042,5841,-5743,6517790,-21531527,32495,-4210
2497,-12624,-10443,5810,-5774,2414000,-21538671,32609,-3212
2498,-12289,-10835,5814,-5770,2970975,-21488646,32692,-2210
2499,-11943,-11215,5819,-5765,3569872,-21495788,32745,-1206
2500,-11585,-11585,5823,-5761,4090188,-21503508,32766,-201
2501,-11215,-11943,5827,-5757,4657170,-21510321,32752,1005
2502,-10835,-12289,5796,-5788,569666,-21517766,32705,2009
2503,-10443,-12624,5800,-5784,1096954,-21467744,32628,3012
2504,-10042,-12946,5805,-5780,1683864,-21474322,32495,4210
2505,-9630,-13255,5773,-5811,-2414000,-21481694,32351,5205
2506,-9209,-13550,5778,-5807,-1844050,-21431226,32176,6195
2507,-8779,-13833,5782,-5803,-1315989,-21438013,31971,7179
2508,-8340,-14102,5786,-5799,-750114,-21444343,31736,8157
2509,-7893,-14357,5790,-5794,-196562,-21451197,31470,9126
2510,-7438,-14598,5795,-5790,368580,-21457959,31176,10087
2511,-6976,-14824,5799,-5786,943028,-21464923,30852,11039
2512,-6507,-15036,5803,-5782,1476296,-21472063,30498,11980
2513,-6031,-15233,5807,-5777,2032302,-21478755,30037,13094
2514,-5550,-15415,5776,-5808,-2030342,-21485785,29621,14010
2515,-5063,-15582,5780,-5804,-1508485,-21435790,29177,14912
2516,-4571,-15733,5785,-5800,-945377,-21442024,28706,15800
2517,-4074,-15869,5789,-5796,-386828,-21448823,28208,16673
2518,-3574,-15989,5793,-5791,203721,-21455626,27683,17530
2519,-3070,-16093,5797,-5787,745055,-21462884,27133,18371
2520,-2563,-16182,5802,-5783,1309586,-21469597,26556,19195
2521,-2053,-16254,5806,-5779,1855889,-21476654,25832,20159
2522,-1542,-16311,5775,-5809,-2210581,-21483546,25201,20942
2523,-1029,-16351,5779,-5806,-1683957,-21433485,24547,21705
2524,-515,-16375,5783,-5801,-1123766,-21439758,23870,22448
2525,0,-16384,5787,-5797,-568520,-21446502,23170,23170
2526,515,-16375,5792,-5793,0,-21453245,22448,23870
2527,1029,-16351,5796,-5788,568520,-21460211,21705,24547
2528,1542,-16311,5800,-5784,1123766,-21467238,20942,25201
2529,2053,-16254,5805,-5780,1683957,-21474162,20159,25832
2530,2563,-16182,5808,-5776,2210581,-21481206,19195,26556
2531,3070,-16093,5778,-5807,-1855889,-21487895,18371,27133
2532,3574,-15989,5782,-5803,-1309586,-21437872,17530,27683
2533,4074,-15869,5786,-5798,-745055,-21444426,16673,28208
2534,4571,-15733,5790,-5794,-203721,-21451264,15800,28706
2535,5063,-15582,5795,-5790,386828,-21457876,14912,29177
2536,5550,-15415,5799,-5786,945377,-21465154,14010,29621
2537,6031,-15233,5803,-5781,1508485,-21472099,13094,30037
2538,6507,-15036,5807,-5777,2030342,-21479160,11980,30498
2539,6976,-14824,5776,-5808,-2032302,-21485772,11039,30852
2540,7438,-14598,5781,-5804,-1476296,-21435777,10087,31176
2541,7893,-14357,5785,-5800,-943028,-21442432,9126,31470
2542,8340,-14102,5789,-5796,-368580,-21448866,8157,31736
2543,8779,-13833,5793,-5791,196562,-21455866,7179,31971
2544,9209,-13550,5798,-5787,750114,-21462812,6195,32176
2545,9630,-13255,5802,-5783,1315989,-21469675,5205,32351
2546,10042,-12946,5806,-5779,1844050,-21476750,4210,32495
2547,10443,-12624,5810,-5774,2414000,-21483418,3012,32628
2548,10835,-12289,5779,-5806,-1683864,-21490660,2009,32705
2549,11215,-11943,5783,-5801,-1096954,-21440270,1005,32752
2550,11585,-11585,5787,-5797,-569666,-21447345,0,32767
2551,11943,-11215,5792,-5793,0,-21453745,-804,32757
2552,12289,-10835,5831,-5753,5228064,-21460726,-1809,32717
2553,12624,-10443,5835,-5749,5739202,-21525343,-2811,32646
2554,12946,-10042,5840,-5744,6359589,-21532219,-3811,32545
2555,13255,-9630,5844,-5740,6903412,-21540500,-5007,32382
2556,13550,-9209,5813,-5771,2799555,-21547901,-5998,32213
2557,13833,-8779,5817,-5767,3328151,-21497917,-6983,32014
2558,14102,-8340,5821,-5763,3899160,-21504750,-7962,31785
2559,14357,-7893,5826,-5759,4461966,-21512163,-8933,31526
2560,14598,-7438,5830,-5754,5024814,-21519536,-9896,31237
2561,14824,-6976,5834,-5750,5588664,-21526970,-10849,30919
2562,15036,-6507,5838,-5746,6144112,-21534476,-11793,30571
2563,15233,-6031,5843,-5742,6683460,-21541939,-12910,30117
2564,15415,-5550,5812,-5773,2618394,-21549262,-13828,29706
2565,15582,-5063,5816,-5769,3145670,-21499734,-14732,29268
2566,15733,-4571,5820,-5764,3727952,-21506531,-15623,28803
2567,15869,-4074,5824,-5760,4289694,-21514064,-16499,28310
2568,15989,-3574,5829,-5755,4876893,-21521406,-17360,27790
2569,16093,-3070,5833,-5751,5399170,-21529122,-18204,27245
2570,16182,-2563,5837,-5747,5968383,-21536099,-19032,26674
2571,16254,-2053,5841,-5743,6518366,-21543711,-20000,25955
2572,16311,-1542,5810,-5774,2446955,-21551147,-20787,25329
2573,16351,-1029,5814,-5770,2973690,-21501523,-21554,24680
2574,16375,-515,5819,-5766,3538440,-21508295,-22301,24007
2575,16384,0,5823,-5761,4087130,-21515593,-23027,23311
2576,16375,515,5827,-5757,4653056,-21522753,-23731,22594
2577,16351,1029,5831,-5752,5239000,-21530185,-24413,21856
2578,16311,1542,5836,-5748,5801294,-21537925,-25201,20942
2579,16254,2053,5805,-5780,1683957,-21545435,-25832,20159
2580,16182,2563,5808,-5776,2210581,-21495166,-26438,19357
2581,16093,3070,5813,-5771,2787843,-21501855,-27019,18537
2582,15989,3574,5817,-5767,3356094,-21509226,-27575,17700
2583,15869,4074,5822,-5763,3921475,-21516548,-28105,16846
2584,15733,4571,5826,-5759,4461303,-21523895,-28609,15976
2585,15582,5063,5830,-5754,5043046,-21530986,-29085,15090
2586,15415,5550,5834,-5750,5587935,-21538653,-29621,14010
2587,15233,6031,5803,-5781,1508485,-21545927,-30037,13094
2588,15036,6507,5807,-5777,2030342,-21496104,-30424,12167
2589,14824,6976,5812,-5773,2627385,-21502716,-30783,11228
2590,14598,7438,5816,-5768,3185416,-21510313,-31113,10278
2591,14357,7893,5820,-5764,3716928,-21517491,-31414,9319
2592,14102,8340,5824,-5760,4287654,-21524401,-31685,8351
2593,13833,8779,5829,-5756,4844172,-21531852,-31971,7179
2594,13550,9209,5798,-5787,750114,-21539189,-32176,6195
2595,13255,9630,5802,-5783,1315989,-21489106,-32351,5205
2596,12946,10042,5806,-5779,1844050,-21496181,-32495,4210
2597,12624,10443,5810,-5774,2414000,-21502849,-32609,3212
2598,12289,10835,5814,-5770,2970975,-21510091,-32692,2210
2599,11943,11215,5819,-5765,3569872,-21517233,-32745,1206
2600,11585,11585,5823,-5761,4090188,-21524953,-32766,201
2601,11215,11943,5827,-5757,4657170,-21531766,-32745,-1206
2602,10835,12289,5760,-5824,-4090188,-21539211,-32692,-2210
2603,10443,12624,5764,-5820,-3569872,-21431595,-32609,-3212
2604,10042,12946,5769,-5815,-2970975,-21437590,-32495,-4210
2605,9630,13255,5773,-5811,-2414000,-21444611,-32351,-5205
2606,9209,13550,5778,-5807,-1844050,-21451178,-32176,-6195
2607,8779,13833,5782,-5803,-1315989,-21457965,-31971,-7179
2608,8340,14102,5786,-5799,-750114,-21464295,-31736,-8157
2609,7893,14357,5790,-5794,-196562,-21471149,-31414,-9319
2610,7438,14598,5759,-5825,-4287654,-21477911,-31113,-10278
2611,6976,14824,5763,-5821,-3716928,-21427326,-30783,-11228
2612,6507,15036,5767,-5817,-3185416,-21433922,-30424,-12167
2613,6031,15233,5772,-5813,-2627385,-21440095,-30037,-13094
2614,5550,15415,5776,-5808,-2030342,-21446652,-29621,-14010
2615,5063,15582,5780,-5804,-1508485,-21453751,-29177,-14912
2616,4571,15733,5785,-5800,-945377,-21459985,-28706,-15800
2617,4074,15869,5789,-5796,-386828,-21466784,-28208,-16673
2618,3574,15989,5793,-5791,203721,-21473587,-27575,-17700
2619,3070,16093,5762,-5823,-3921475,-21480845,-27019,-18537
2620,2563,16182,5766,-5818,-3356094,-21429881,-26438,-19357
2621,2053,16254,5770,-5814,-2787843,-21436451,-25832,-20159
2622,1542,16311,5775,-5809,-2210581,-21443116,-25201,-20942
2623,1029,16351,5779,-5806,-1683957,-21449953,-24547,-21705
2624,515,16375,5783,-5801,-1123766,-21456226,-23870,-22448
2625,0,16384,5787,-5797,-568520,-21462970,-23170,-23170
2626,-515,16375,5792,-5793,0,-21469713,-22448,-23870
2627,-1029,16351,5796,-5788,568520,-21476679,-21554,-24680
2628,-1542,16311,5765,-5820,-3538440,-21483706,-20787,-25329
2629,-2053,16254,5769,-5815,-2973690,-21433007,-20000,-25955
2630,-2563,16182,5773,-5811,-2446955,-21439610,-19195,-26556
2631,-3070,16093,5778,-5807,-1855889,-21445803,-18371,-27133
2632,-3574,15989,5782,-5803,-1309586,-21452847,-17530,-27683
2633,-4074,15869,5786,-5798,-745055,-21459401,-16673,-28208
2634,-4571,15733,5790,-5794,-203721,-21466239,-15800,-28706
2635,-5063,15582,5795,-5790,386828,-21472851,-14732,-29268
2636,-5550,15415,5763,-5821,-3727952,-21480129,-13828,-29706
2637,-6031,15233,5768,-5817,-3145670,-21429314,-12910,-30117
2638,-6507,15036,5772,-5813,-2618394,-21436113,-11980,-30498
2639,-6976,14824,5776,-5808,-2032302,-21442294,-11039,-30852
2640,-7438,14598,5781,-5804,-1476296,-21449259,-10087,-31176
2641,-7893,14357,5785,-5800,-943028,-21455914,-9126,-31470
2642,-8340,14102,5789,-5796,-368580,-21462348,-8157,-31736
2643,-8779,13833,5793,-5791,196562,-21469348,-7179,-31971
2644,-9209,13550,5798,-5787,750114,-21476294,-5998,-32213
2645,-9630,13255,5766,-5818,-3328151,-21483157,-5007,-32382
2646,-10042,12946,5770,-5814,-2799555,-21432832,-4011,-32521
2647,-10443,12624,5775,-5810,-2236116,-21439010,-3012,-32628
2648,-10835,12289,5779,-5806,-1683864,-21445675,-2009,-32705
2649,-11215,11943,5783,-5801,-1096954,-21452262,-1005,-32752
2650,-11585,11585,5787,-5797,-569666,-21459337,0,-32767
2651,-11943,11215,5792,-5793,0,-21465737,804,-32757
2652,-12289,10835,5831,-5753,5228064,-21472718,1809,-32717
2653,-12624,10443,5835,-5749,5739202,-21537335,3012,-32628
2654,-12946,10042,5805,-5780,1683864,-21544211,4011,-32521
2655,-13255,9630,5809,-5776,2236116,-21494702,5007,-32382
2656,-13550,9209,5813,-5771,2799555,-21501708,5998,-32213
2657,-13833,8779,5817,-5767,3328151,-21508911,6983,-32014
2658,-14102,8340,5821,-5763,3899160,-21515744,7962,-31785
2659,-14357,7893,5826,-5759,4461966,-21523157,8933,-31526
2660,-14598,7438,5830,-5754,5024814,-21530530,9896,-31237
2661,-14824,6976,5834,-5750,5588664,-21537964,11039,-30852
2662,-15036,6507,5803,-5782,1476296,-21545470,11980,-30498
2663,-15233,6031,5807,-5777,2032302,-21495240,12910,-30117
2664,-15415,5550,5812,-5773,2618394,-21502270,13828,-29706
2665,-15582,5063,5816,-5769,3145670,-21509731,14732,-29268
2666,-15733,4571,5820,-5764,3727952,-21516528,15623,-28803
2667,-15869,4074,5824,-5760,4289694,-21524061,16499,-28310
2668,-15989,3574,5829,-5755,4876893,-21531403,17530,-27683
2669,-16093,3070,5797,-5787,745055,-21539119,18371,-27133
2670,-16182,2563,5802,-5783,1309586,-21488572,19195,-26556
2671,-16254,2053,5806,-5779,1855889,-21495629,20000,-25955
2672,-16311,1542,5810,-5774,2446955,-21502521,20787,-25329
2673,-16351,1029,5814,-5770,2973690,-21510025,21554,-24680
2674,-16375,515,5819,-5766,3538440,-21516797,22301,-24007
2675,-16384,0,5823,-5761,4087130,-21524095,23027,-23311
2676,-16375,-515,5827,-5757,4653056,-21531255,23870,-22448
2677,-16351,-1029,5796,-5788,568520,-21538687,24547,-21705
2678,-16311,-1542,5800,-5784,1123766,-21488701,25201,-20942
2679,-16254,-2053,5805,-5780,1683957,-21495625,25832,-20159
2680,-16182,-2563,5808,-5776,2210581,-21502669,26438,-19357
2681,-16093,-3070,5813,-5771,2787843,-21509358,27019,-18537
2682,-15989,-3574,5817,-5767,3356094,-21516729,27575,-17700
2683,-15869,-4074,5822,-5763,3921475,-21524051,28105,-16846
2684,-15733,-4571,5826,-5759,4461303,-21531398,28706,-15800
2685,-15582,-5063,5795,-5790,386828,-21538489,29177,-14912
2686,-15415,-5550,5799,-5786,945377,-21488607,29621,-14010
2687,-15233,-6031,5803,-5781,1508485,-21495552,30037,-13094
2688,-15036,-6507,5807,-5777,2030342,-21502613,30424,-12167
2689,-14824,-6976,5812,-5773,2627385,-21509225,30783,-11228
2690,-14598,-7438,5816,-5768,3185416,-21516822,31113,-10278
2691,-14357,-7893,5820,-5764,3716928,-21524000,31470,-9126
2692,-14102,-8340,5789,-5796,-368580,-21530910,31736,-8157
2693,-13833,-8779,5793,-5791,196562,-21480812,31971,-7179
2694,-13550,-9209,5798,-5787,750114,-21487758,32176,-6195
2695,-13255,-9630,5802,-5783,1315989,-21494621,32351,-5205
2696,-12946,-10042,5806,-5779,1844050,-21501696,32495,-4210
2697,-12624,-10443,5810,-5774,2414000,-21508364,32609,-3212
2698,-12289,-10835,5814,-5770,2970975,-21515606,32692,-2210
2699,-11943,-11215,5819,-5765,3569872,-21522748,32752,-1005
2700,-11585,-11585,5787,-5797,-569666,-21530468,32766,201
2701,-11215,-11943,5756,-5828,-4657170,-21479687,32745,1206
2702,-10835,-12289,5760,-5824,-4090188,-21429107,32692,2210
2703,-10443,-12624,5764,-5820,-3569872,-21435618,32609,3212
2704,-10042,-12946,5769,-5815,-2970975,-21441613,32495,4210
2705,-9630,-13255,5773,-5811,-2414000,-21448634,32351,5205
2706,-9209,-13550,5778,-5807,-1844050,-21455201,32176,6195
2707,-8779,-13833,5782,-5803,-1315989,-21461988,31971,7179
2708,-8340,-14102,5786,-5799,-750114,-21468318,31685,8351
2709,-7893,-14357,5755,-5830,-4844172,-21475172,31414,9319
2710,-7438,-14598,5759,-5825,-4287654,-21424491,31113,10278
2711,-6976,-14824,5763,-5821,-3716928,-21430852,30783,11228
2712,-6507,-15036,5767,-5817,-3185416,-21437448,30424,12167
2713,-6031,-15233,5772,-5813,-2627385,-21443621,30037,13094
2714,-5550,-15415,5776,-5808,-2030342,-21450178,29621,14010
2715,-5063,-15582,5780,-5804,-1508485,-21457277,29177,14912
2716,-4571,-15733,5785,-5800,-945377,-21463511,28609,15976
2717,-4074,-15869,5753,-5831,-5043046,-21470310,28105,16846
2718,-3574,-15989,5758,-5827,-4461303,-21419564,27575,17700
2719,-3070,-16093,5762,-5823,-3921475,-21426216,27019,18537
2720,-2563,-16182,5766,-5818,-3356094,-21432412,26438,19357
2721,-2053,-16254,5770,-5814,-2787843,-21438982,25832,20159
2722,-1542,-16311,5775,-5809,-2210581,-21445647,25201,20942
2723,-1029,-16351,5779,-5806,-1683957,-21452484,24547,21705
2724,-515,-16375,5783,-5801,-1123766,-21458757,23870,22448
2725,0,-16384,5787,-5797,-568520,-21465501,23027,23311
2726,515,-16375,5756,-5828,-4653056,-21472244,22301,24007
2727,1029,-16351,5760,-5824,-4087130,-21421700,21554,24680
2728,1542,-16311,5765,-5820,-3538440,-21428198,20787,25329
2729,2053,-16254,5769,-5815,-2973690,-21434544,20000,25955
2730,2563,-16182,5773,-5811,-2446955,-21441147,19195,26556
2731,3070,-16093,5778,-5807,-1855889,-21447340,18371,27133
2732,3574,-15989,5782,-5803,-1309586,-21454384,17530,27683
2733,4074,-15869,5786,-5798,-745055,-21460938,16673,28208
2734,4571,-15733,5790,-5794,-203721,-21467776,15623,28803
2735,5063,-15582,5759,-5825,-4289694,-21474388,14732,29268
2736,5550,-15415,5763,-5821,-3727952,-21423866,13828,29706
2737,6031,-15233,5768,-5817,-3145670,-21430351,12910,30117
2738,6507,-15036,5772,-5813,-2618394,-21437150,11980,30498
2739,6976,-14824,5776,-5808,-2032302,-21443331,11039,30852
2740,7438,-14598,5781,-5804,-1476296,-21450296,10087,31176
2741,7893,-14357,5785,-5800,-943028,-21456951,9126,31470
2742,8340,-14102,5789,-5796,-368580,-21463385,8157,31736
2743,8779,-13833,5793,-5791,196562,-21470385,6983,32014
2744,9209,-13550,5762,-5822,-3899160,-21477331,5998,32213
2745,9630,-13255,5766,-5818,-3328151,-21426731,5007,32382
2746,10042,-12946,5770,-5814,-2799555,-21433372,4011,32521
2747,10443,-12624,5775,-5810,-2236116,-21439550,3012,32628
2748,10835,-12289,5779,-5806,-1683864,-21446215,2009,32705
2749,11215,-11943,5783,-5801,-1096954,-21452802,1005,32752
2750,11585,-11585,5787,-5797,-569666,-21459877,0,32767
2751,11943,-11215,5792,-5793,0,-21466277,-804,32757
2752,12289,-10835,5831,-5753,5228064,-21473258,-2009,32705
2753,12624,-10443,5800,-5784,1096954,-21537875,-3012,32628
2754,12946,-10042,5805,-5780,1683864,-21487375,-4011,32521
2755,13255,-9630,5809,-5776,2236116,-21494747,-5007,32382
2756,13550,-9209,5813,-5771,2799555,-21501753,-5998,32213
2757,13833,-8779,5817,-5767,3328151,-21508956,-6983,32014
2758,14102,-8340,5821,-5763,3899160,-21515789,-7962,31785
2759,14357,-7893,5826,-5759,4461966,-21523202,-8933,31526
2760,14598,-7438,5830,-5754,5024814,-21530575,-10087,31176
2761,14824,-6976,5799,-5786,943028,-21538009,-11039,30852
2762,15036,-6507,5803,-5782,1476296,-21488097,-11980,30498
2763,15233,-6031,5807,-5777,2032302,-21494789,-12910,30117
2764,15415,-5550,5812,-5773,2618394,-21501819,-13828,29706
2765,15582,-5063,5816,-5769,3145670,-21509280,-14732,29268
2766,15733,-4571,5820,-5764,3727952,-21516077,-15623,28803
2767,15869,-4074,5824,-5760,4289694,-21523610,-16673,28208
2768,15989,-3574,5793,-5791,203721,-21530952,-17530,27683
2769,16093,-3070,5797,-5787,745055,-21480910,-18371,27133
2770,16182,-2563,5802,-5783,1309586,-21487623,-19195,26556
2771,16254,-2053,5806,-5779,1855889,-21494680,-20000,25955
2772,16311,-1542,5810,-5774,2446955,-21501572,-20787,25329
2773,16351,-1029,5814,-5770,2973690,-21509076,-21554,24680
2774,16375,-515,5819,-5766,3538440,-21515848,-22301,24007
2775,16384,0,5823,-5761,4087130,-21523146,-23170,23170
2776,16375,515,5792,-5793,0,-21530306,-23870,22448
2777,16351,1029,5796,-5788,568520,-21480228,-24547,21705
2778,16311,1542,5800,-5784,1123766,-21487255,-25201,20942
2779,16254,2053,5805,-5780,1683957,-21494179,-25832,20159
2780,16182,2563,5808,-5776,2210581,-21501223,-26438,19357
2781,16093,3070,5813,-5771,2787843,-21507912,-27019,18537
2782,15989,3574,5817,-5767,3356094,-21515283,-27575,17700
2783,15869,4074,5822,-5763,3921475,-21522605,-28208,16673
2784,15733,4571,5790,-5794,-203721,-21529952,-28706,15800
2785,15582,5063,5795,-5790,386828,-21479386,-29177,14912
2786,15415,5550,5799,-5786,945377,-21486664,-29621,14010
2787,15233,6031,5803,-5781,1508485,-21493609,-30037,13094
2788,15036,6507,5807,-5777,2030342,-21500670,-30424,12167
2789,14824,6976,5812,-5773,2627385,-21507282,-30783,11228
2790,14598,7438,5816,-5768,3185416,-21514879,-31113,10278
2791,14357,7893,5820,-5764,3716928,-21522057,-31470,9126
2792,14102,8340,5789,-5796,-368580,-21528967,-31736,8157
2793,13833,8779,5793,-5791,196562,-21478869,-31971,7179
2794,13550,9209,5798,-5787,750114,-21485815,-32176,6195
2795,13255,9630,5802,-5783,1315989,-21492678,-32351,5205
2796,12946,10042,5806,-5779,1844050,-21499753,-32495,4210
2797,12624,10443,5810,-5774,2414000,-21506421,-32609,3212
2798,12289,10835,5814,-5770,2970975,-21513663,-32692,2210
2799,11943,11215,5819,-5765,3569872,-21520805,-32752,1005
2800,11585,11585,5787,-5797,-569666,-21528525,-32766,-201
2801,11215,11943,5756,-5828,-4657170,-21477744,-32745,-1206
2802,10835,12289,5760,-5824,-4090188,-21427164,-32692,-2210
2803,10443,12624,5764,-5820,-3569872,-21433675,-32609,-3212
2804,10042,12946,5769,-5815,-2970975,-21439670,-32495,-4210
2805,9630,13255,5773,-5811,-2414000,-21446691,-32351,-5205
2806,9209,13550,5778,-5807,-1844050,-21453258,-32176,-6195
2807,8779,13833,5782,-5803,-1315989,-21460045,-31926,-7375
2808,8340,14102,5750,-5834,-5409496,-21466375,-31685,-8351
2809,7893,14357,5755,-5830,-4844172,-21415641,-31414,-9319
2810,7438,14598,5759,-5825,-4287654,-21422051,-31113,-10278
2811,6976,14824,5763,-5821,-3716928,-21428412,-30783,-11228
2812,6507,15036,5767,-5817,-3185416,-21435008,-30424,-12167
2813,6031,15233,5772,-5813,-2627385,-21441181,-30037,-13094
2814,5550,15415,5776,-5808,-2030342,-21447738,-29621,-14010
2815,5063,15582,5780,-5804,-1508485,-21454837,-29177,-14912
2816,4571,15733,5785,-5800,-945377,-21461071,-28609,-15976
2817,4074,15869,5753,-5831,-5043046,-21467870,-28105,-16846
2818,3574,15989,5758,-5827,-4461303,-21417124,-27575,-17700
2819,3070,16093,5762,-5823,-3921475,-21423776,-27019,-18537
2820,2563,16182,5766,-5818,-3356094,-21429972,-26438,-19357
2821,2053,16254,5770,-5814,-2787843,-21436542,-25832,-20159
2822,1542,16311,5775,-5809,-2210581,-21443207,-25201,-20942
2823,1029,16351,5779,-5806,-1683957,-21450044,-24547,-21705
2824,515,16375,5783,-5801,-1123766,-21456317,-23870,-22448
2825,0,16384,5787,-5797,-568520,-21463061,-23027,-23311
2826,-515,16375,5756,-5828,-4653056,-21469804,-22301,-24007
2827,-1029,16351,5760,-5824,-4087130,-21419260,-21554,-24680
2828,-1542,16311,5765,-5820,-3538440,-21425758,-20787,-25329
2829,-2053,16254,5769,-5815,-2973690,-21432104,-20000,-25955
2830,-2563,16182,5773,-5811,-2446955,-21438707,-19195,-26556
2831,-3070,16093,5778,-5807,-1855889,-21444900,-18371,-27133
2832,-3574,15989,5782,-5803,-1309586,-21451944,-17530,-27683
2833,-4074,15869,5786,-5798,-745055,-21458498,-16673,-28208
2834,-4571,15733,5790,-5794,-203721,-21465336,-15623,-28803
2835,-5063,15582,5759,-5825,-4289694,-21471948,-14732,-29268
2836,-5550,15415,5763,-5821,-3727952,-21421426,-13828,-29706
2837,-6031,15233,5768,-5817,-3145670,-21427911,-12910,-30117
2838,-6507,15036,5772,-5813,-2618394,-21434710,-11980,-30498
2839,-6976,14824,5776,-5808,-2032302,-21440891,-11039,-30852
2840,-7438,14598,5781,-5804,-1476296,-21447856,-10087,-31176
2841,-7893,14357,5785,-5800,-943028,-21454511,-9126,-31470
2842,-8340,14102,5789,-5796,-368580,-21460945,-8157,-31736
2843,-8779,13833,5793,-5791,196562,-21467945,-6983,-32014
2844,-9209,13550,5762,-5822,-3899160,-21474891,-5998,-32213
2845,-9630,13255,5766,-5818,-3328151,-21424291,-5007,-32382
2846,-10042,12946,5770,-5814,-2799555,-21430932,-4011,-32521
2847,-10443,12624,5775,-5810,-2236116,-21437110,-3012,-32628
2848,-10835,12289,5779,-5806,-1683864,-21443775,-2009,-32705
2849,-11215,11943,5783,-5801,-1096954,-21450362,-1005,-32752
2850,-11585,11585,5787,-5797,-569666,-21457437,0,-32767
2851,-11943,11215,5792,-5793,0,-21463837,1005,-32752
2852,-12289,10835,5796,-5788,569666,-21470818,2009,-32705
2853,-12624,10443,5800,-5784,1096954,-21477859,3012,-32628
2854,-12946,10042,5805,-5780,1683864,-21484437,4011,-32521
2855,-13255,9630,5809,-5776,2236116,-21491809,5007,-32382
2856,-13550,9209,5813,-5771,2799555,-21498815,5998,-32213
2857,-13833,8779,5817,-5767,3328151,-21506018,6983,-32014
2858,-14102,8340,5821,-5763,3899160,-21512851,7962,-31785
2859,-14357,7893,5826,-5759,4461966,-21520264,8933,-31526
2860,-14598,7438,5830,-5754,5024814,-21527637,10087,-31176
2861,-14824,6976,5799,-5786,943028,-21535071,11039,-30852
2862,-15036,6507,5803,-5782,1476296,-21485159,11980,-30498
2863,-15233,6031,5807,-5777,2032302,-21491851,12910,-30117
2864,-15415,5550,5812,-5773,2618394,-21498881,13828,-29706
2865,-15582,5063,5816,-5769,3145670,-21506342,14732,-29268
2866,-15733,4571,5820,-5764,3727952,-21513139,15623,-28803
2867,-15869,4074,5824,-5760,4289694,-21520672,16673,-28208
2868,-15989,3574,5793,-5791,203721,-21528014,17530,-27683
2869,-16093,3070,5797,-5787,745055,-21477972,18371,-27133
2870,-16182,2563,5802,-5783,1309586,-21484685,19195,-26556
2871,-16254,2053,5806,-5779,1855889,-21491742,20000,-25955
2872,-16311,1542,5810,-5774,2446955,-21498634,20787,-25329
2873,-16351,1029,5814,-5770,2973690,-21506138,21554,-24680
2874,-16375,515,5819,-5766,3538440,-21512910,22301,-24007
2875,-16384,0,5823,-5761,4087130,-21520208,23170,-23170
2876,-16375,-515,5792,-5793,0,-21527368,23870,-22448
2877,-16351,-1029,5796,-5788,568520,-21477290,24547,-21705
2878,-16311,-1542,5800,-5784,1123766,-21484317,25201,-20942
2879,-16254,-2053,5805,-5780,1683957,-21491241,25832,-20159
2880,-16182,-2563,5808,-5776,2210581,-21498285,26438,-19357
2881,-16093,-3070,5813,-5771,2787843,-21504974,27019,-18537
2882,-15989,-3574,5817,-5767,3356094,-21512345,27575,-17700
2883,-15869,-4074,5822,-5763,3921475,-21519667,28208,-16673
2884,-15733,-4571,5790,-5794,-203721,-21527014,28706,-15800
2885,-15582,-5063,5795,-5790,386828,-21476448,29177,-14912
2886,-15415,-5550,5799,-5786,945377,-21483726,29621,-14010
2887,-15233,-6031,5803,-5781,1508485,-21490671,30037,-13094
2888,-15036,-6507,5807,-5777,2030342,-21497732,30424,-12167
2889,-14824,-6976,5812,-5773,2627385,-21504344,30783,-11228
2890,-14598,-7438,5816,-5768,3185416,-21511941,31113,-10278
2891,-14357,-7893,5820,-5764,3716928,-21519119,31470,-9126
2892,-14102,-8340,5789,-5796,-368580,-21526029,31736,-8157
2893,-13833,-8779,5793,-5791,196562,-21475931,31971,-7179
2894,-13550,-9209,5798,-5787,750114,-21482877,32176,-6195
2895,-13255,-9630,5802,-5783,1315989,-21489740,32351,-5205
2896,-12946,-10042,5806,-5779,1844050,-21496815,32495,-4210
2897,-12624,-10443,5810,-5774,2414000,-21503483,32609,-3212
2898,-12289,-10835,5814,-5770,2970975,-21510725,32692,-2210
2899,-11943,-11215,5819,-5765,3569872,-21517867,32752,-1005
2900,-11585,-11585,5787,-5797,-569666,-21525587,32766,201
2901,-11215,-11943,5756,-5828,-4657170,-21474806,32745,1206
2902,-10835,-12289,5760,-5824,-4090188,-21424226,32692,2210
2903,-10443,-12624,5764,-5820,-3569872,-21430737,32609,3212
2904,-10042,-12946,5769,-5815,-2970975,-21436732,32495,4210
2905,-9630,-13255,5773,-5811,-2414000,-21443753,32351,5205
2906,-9209,-13550,5778,-5807,-1844050,-21450320,32176,6195
2907,-8779,-13833,5782,-5803,-1315989,-21457107,31926,7375
2908,-8340,-14102,5750,-5834,-5409496,-21463437,31685,8351
2909,-7893,-14357,5755,-5830,-4844172,-21412703,31414,9319
2910,-7438,-14598,5759,-5825,-4287654,-21419113,31113,10278
2911,-6976,-14824,5763,-5821,-3716928,-21425474,30783,11228
2912,-6507,-15036,5767,-5817,-3185416,-21432070,30424,12167
2913,-6031,-15233,5772,-5813,-2627385,-21438243,30037,13094
2914,-5550,-15415,5776,-5808,-2030342,-21444800,29621,14010
2915,-5063,-15582,5780,-5804,-1508485,-21451899,29177,14912
2916,-4571,-15733,5785,-5800,-945377,-21458133,28609,15976
2917,-4074,-15869,5753,-5831,-5043046,-21464932,28105,16846
2918,-3574,-15989,5758,-5827,-4461303,-21414186,27575,17700
2919,-3070,-16093,5762,-5823,-3921475,-21420838,27019,18537
2920,-2563,-16182,5766,-5818,-3356094,-21427034,26438,19357
2921,-2053,-16254,5770,-5814,-2787843,-21433604,25832,20159
2922,-1542,-16311,5775,-5809,-2210581,-21440269,25201,20942
2923,-1029,-16351,5779,-5806,-1683957,-21447106,24547,21705
2924,-515,-16375,5783,-5801,-1123766,-21453379,23870,22448
2925,0,-16384,5787,-5797,-568520,-21460123,23027,23311
2926,515,-16375,5756,-5828,-4653056,-21466866,22301,24007
2927,1029,-16351,5760,-5824,-4087130,-21416322,21554,24680
2928,1542,-16311,5765,-5820,-3538440,-21422820,20787,25329
2929,2053,-16254,5769,-5815,-2973690,-21429166,20000,25955
2930,2563,-16182,5773,-5811,-2446955,-21435769,19195,26556
2931,3070,-16093,5778,-5807,-1855889,-21441962,18371,27133
2932,3574,-15989,5782,-5803,-1309586,-21449006,17530,27683
2933,4074,-15869,5786,-5798,-745055,-21455560,16673,28208
2934,4571,-15733,5790,-5794,-203721,-21462398,15623,28803
2935,5063,-15582,5759,-5825,-4289694,-21469010,14732,29268
2936,5550,-15415,5763,-5821,-3727952,-21418488,13828,29706
2937,6031,-15233,5768,-5817,-3145670,-21424973,12910,30117
2938,6507,-15036,5772,-5813,-2618394,-21431772,11980,30498
2939,6976,-14824,5776,-5808,-2032302,-21437953,11039,30852
2940,7438,-14598,5781,-5804,-1476296,-21444918,10087,31176
2941,7893,-14357,5785,-5800,-943028,-21451573,9126,31470
2942,8340,-14102,5789,-5796,-368580,-21458007,8157,31736
2943,8779,-13833,5793,-5791,196562,-21465007,6983,32014
2944,9209,-13550,5762,-5822,-3899160,-21471953,5998,32213
2945,9630,-13255,5766,-5818,-3328151,-21421353,5007,32382
2946,10042,-12946,5770,-5814,-2799555,-21427994,4011,32521
2947,10443,-12624,5775,-5810,-2236116,-21434172,3012,32628
2948,10835,-12289,5779,-5806,-1683864,-21440837,2009,32705
2949,11215,-11943,5783,-5801,-1096954,-21447424,1005,32752
2950,11585,-11585,5787,-5797,-569666,-21454499,0,32767
2951,11943,-11215,5792,-5793,0,-21460899,-804,32757
2952,12289,-10835,5831,-5753,5228064,-21467880,-2009,32705
2953,12624,-10443,5800,-5784,1096954,-21532497,-3012,32628
2954,12946,-10042,5805,-5780,1683864,-21481997,-4011,32521
2955,13255,-9630,5809,-5776,2236116,-21489369,-5007,32382
2956,13550,-9209,5813,-5771,2799555,-21496375,-5998,32213
2957,13833,-8779,5817,-5767,3328151,-21503578,-6983,32014
2958,14102,-8340,5821,-5763,3899160,-21510411,-7962,31785
2959,14357,-7893,5826,-5759,4461966,-21517824,-8933,31526
2960,14598,-7438,5830,-5754,5024814,-21525197,-10087,31176
2961,14824,-6976,5799,-5786,943028,-21532631,-11039,30852
2962,15036,-6507,5803,-5782,1476296,-21482719,-11980,30498
2963,15233,-6031,5807,-5777,2032302,-21489411,-12910,30117
2964,15415,-5550,5812,-5773,2618394,-21496441,-13828,29706
2965,15582,-5063,5816,-5769,3145670,-21503902,-14732,29268
2966,15733,-4571,5820,-5764,3727952,-21510699,-15623,28803
2967,15869,-4074,5824,-5760,4289694,-21518232,-16499,28310
2968,15989,-3574,5829,-5755,4876893,-21525574,-17530,27683
2969,16093,-3070,5797,-5787,745055,-21533290,-18371,27133
2970,16182,-2563,5802,-5783,1309586,-21482743,-19195,26556
2971,16254,-2053,5806,-5779,1855889,-21489800,-20000,25955
2972,16311,-1542,5810,-5774,2446955,-21496692,-20787,25329
2973,16351,-1029,5814,-5770,2973690,-21504196,-21554,24680
2974,16375,-515,5819,-5766,3538440,-21510968,-22301,24007
2975,16384,0,5823,-5761,4087130,-21518266,-23027,23311
2976,16375,515,5827,-5757,4653056,-21525426,-23870,22448
2977,16351,1029,5796,-5788,568520,-21532858,-24547,21705
2978,16311,1542,5800,-5784,1123766,-21482872,-25201,20942
2979,16254,2053,5805,-5780,1683957,-21489796,-25832,20159
2980,16182,2563,5808,-5776,2210581,-21496840,-26438,19357
2981,16093,3070,5813,-5771,2787843,-21503529,-27019,18537
2982,15989,3574,5817,-5767,3356094,-21510900,-27575,17700
2983,15869,4074,5822,-5763,3921475,-21518222,-28105,16846
2984,15733,4571,5826,-5759,4461303,-21525569,-28706,15800
2985,15582,5063,5795,-5790,386828,-21532660,-29177,14912
2986,15415,5550,5799,-5786,945377,-21482778,-29621,14010
2987,15233,6031,5803,-5781,1508485,-21489723,-30037,13094
2988,15036,6507,5807,-5777,2030342,-21496784,-30424,12167
2989,14824,6976,5812,-5773,2627385,-21503396,-30783,11228
2990,14598,7438,5816,-5768,3185416,-21510993,-31113,10278
2991,14357,7893,5820,-5764,3716928,-21518171,-31470,9126
2992,14102,8340,5789,-5796,-368580,-21525081,-31736,8157
2993,13833,8779,5793,-5791,196562,-21474983,-31971,7179
2994,13550,9209,5798,-5787,750114,-21481929,-32176,6195
2995,13255,9630,5802,-5783,1315989,-21488792,-32351,5205
2996,12946,10042,5806,-5779,1844050,-21495867,-32495,4210
2997,12624,10443,5810,-5774,2414000,-21502535,-32609,3212
2998,12289,10835,5814,-5770,2970975,-21509777,-32692,2210
2999,11943,11215,5819,-5765,3569872,-21516919,-32752,1005
3000,11585,11585,5787,-5797,-569666,-21524639,-32766,-201
3001,11215,11943,5756,-5828,-4657170,-21473858,-32745,-1206
3002,10835,12289,5760,-5824,-4090188,-21423278,-32692,-2210
3003,10443,12624,5764,-5820,-3569872,-21429789,-32609,-3212
3004,10042,12946,5769,-5815,-2970975,-21435784,-32495,-4210
3005,9630,13255,5773,-5811,-2414000,-21442805,-32351,-5205
3006,9209,13550,5778,-5807,-1844050,-21449372,-32176,-6195
3007,8779,13833,5782,-5803,-1315989,-21456159,-31971,-7179
3008,8340,14102,5786,-5799,-750114,-21462489,-31685,-8351
3009,7893,14357,5755,-5830,-4844172,-21469343,-31414,-9319
3010,7438,14598,5759,-5825,-4287654,-21418662,-31113,-10278
3011,6976,14824,5763,-5821,-3716928,-21425023,-30783,-11228
3012,6507,15036,5767,-5817,-3185416,-21431619,-30424,-12167
3013,6031,15233,5772,-5813,-2627385,-21437792,-30037,-13094
3014,5550,15415,5776,-5808,-2030342,-21444349,-29621,-14010
3015,5063,15582,5780,-5804,-1508485,-21451448,-29177,-14912
3016,4571,15733,5785,-5800,-945377,-21457682,-28706,-15800
3017,4074,15869,5789,-5796,-386828,-21464481,-28105,-16846
3018,3574,15989,5758,-5827,-4461303,-21471284,-27575,-17700
3019,3070,16093,5762,-5823,-3921475,-21420884,-27019,-18537
3020,2563,16182,5766,-5818,-3356094,-21427080,-26438,-19357
3021,2053,16254,5770,-5814,-2787843,-21433650,-25832,-20159
3022,1542,16311,5775,-5809,-2210581,-21440315,-25201,-20942
3023,1029,16351,5779,-5806,-1683957,-21447152,-24547,-21705
3024,515,16375,5783,-5801,-1123766,-21453425,-23870,-22448
3025,0,16384,5787,-5797,-568520,-21460169,-23170,-23170
3026,-515,16375,5792,-5793,0,-21466912,-22301,-24007
3027,-1029,16351,5760,-5824,-4087130,-21473878,-21554,-24680
3028,-1542,16311,5765,-5820,-3538440,-21423363,-20787,-25329
3029,-2053,16254,5769,-5815,-2973690,-21429709,-20000,-25955
3030,-2563,16182,5773,-5811,-2446955,-21436312,-19195,-26556
3031,-3070,16093,5778,-5807,-1855889,-21442505,-18371,-27133
3032,-3574,15989,5782,-5803,-1309586,-21449549,-17530,-27683
3033,-4074,15869,5786,-5798,-745055,-21456103,-16673,-28208
3034,-4571,15733,5790,-5794,-203721,-21462941,-15623,-28803
3035,-5063,15582,5759,-5825,-4289694,-21469553,-14732,-29268
3036,-5550,15415,5763,-5821,-3727952,-21419031,-13828,-29706
3037,-6031,15233,5768,-5817,-3145670,-21425516,-12910,-30117
3038,-6507,15036,5772,-5813,-2618394,-21432315,-11980,-30498
3039,-6976,14824,5776,-5808,-2032302,-21438496,-11039,-30852
3040,-7438,14598,5781,-5804,-1476296,-21445461,-10087,-31176
3041,-7893,14357,5785,-5800,-943028,-21452116,-9126,-31470
3042,-8340,14102,5789,-5796,-368580,-21458550,-8157,-31736
3043,-8779,13833,5793,-5791,196562,-21465550,-6983,-32014
3044,-9209,13550,5762,-5822,-3899160,-21472496,-5998,-32213
3045,-9630,13255,5766,-5818,-3328151,-21421896,-5007,-32382
3046,-10042,12946,5770,-5814,-2799555,-21428537,-4011,-32521
3047,-10443,12624,5775,-5810,-2236116,-21434715,-3012,-32628
3048,-10835,12289,5779,-5806,-1683864,-21441380,-2009,-32705
3049,-11215,11943,5783,-5801,-1096954,-21447967,-1005,-32752
3050,-11585,11585,5787,-5797,-569666,-21455042,0,-32767
3051,-11943,11215,5792,-5793,0,-21461442,804,-32757
3052,-12289,10835,5831,-5753,5228064,-21468423,2009,-32705
3053,-12624,10443,5800,-5784,1096954,-21533040,3012,-32628
3054,-12946,10042,5805,-5780,1683864,-21482540,4011,-32521
3055,-13255,9630,5809,-5776,2236116,-21489912,5007,-32382
3056,-13550,9209,5813,-5771,2799555,-21496918,5998,-32213
3057,-13833,8779,5817,-5767,3328151,-21504121,6983,-32014
3058,-14102,8340,5821,-5763,3899160,-21510954,7962,-31785
3059,-14357,7893,5826,-5759,4461966,-21518367,8933,-31526
3060,-14598,7438,5830,-5754,5024814,-21525740,10087,-31176
3061,-14824,6976,5799,-5786,943028,-21533174,11039,-30852
3062,-15036,6507,5803,-5782,1476296,-21483262,11980,-30498
3063,-15233,6031,5807,-5777,2032302,-21489954,12910,-30117
3064,-15415,5550,5812,-5773,2618394,-21496984,13828,-29706
3065,-15582,5063,5816,-5769,3145670,-21504445,14732,-29268
3066,-15733,4571,5820,-5764,3727952,-21511242,15623,-28803
3067,-15869,4074,5824,-5760,4289694,-21518775,16499,-28310
3068,-15989,3574,5829,-5755,4876893,-21526117,17530,-27683
3069,-16093,3070,5797,-5787,745055,-21533833,18371,-27133
3070,-16182,2563,5802,-5783,1309586,-21483286,19195,-26556
3071,-16254,2053,5806,-5779,1855889,-21490343,20000,-25955
3072,-16311,1542,5810,-5774,2446955,-21497235,20787,-25329
3073,-16351,1029,5814,-5770,2973690,-21504739,21554,-24680
3074,-16375,515,5819,-5766,3538440,-21511511,22301,-24007
3075,-16384,0,5823,-5761,4087130,-21518809,23027,-23311
3076,-16375,-515,5827,-5757,4653056,-21525969,23870,-22448
3077,-16351,-1029,5796,-5788,568520,-21533401,24547,-21705
3078,-16311,-1542,5800,-5784,1123766,-21483415,25201,-20942
3079,-16254,-2053,5805,-5780,1683957,-21490339,25832,-20159
3080,-16182,-2563,5808,-5776,2210581,-21497383,26438,-19357
3081,-16093,-3070,5813,-5771,2787843,-21504072,27019,-18537
3082,-15989,-3574,5817,-5767,3356094,-21511443,27575,-17700
3083,-15869,-4074,5822,-5763,3921475,-21518765,28105,-16846
3084,-15733,-4571,5826,-5759,4461303,-21526112,28706,-15800
3085,-15582,-5063,5795,-5790,386828,-21533203,29177,-14912
3086,-15415,-5550,5799,-5786,945377,-21483321,29621,-14010
3087,-15233,-6031,5803,-5781,1508485,-21490266,30037,-13094
3088,-15036,-6507,5807,-5777,2030342,-21497327,30424,-12167
3089,-14824,-6976,5812,-5773,2627385,-21503939,30783,-11228
3090,-14598,-7438,5816,-5768,3185416,-21511536,31113,-10278
3091,-14357,-7893,5820,-5764,3716928,-21518714,31470,-9126
3092,-14102,-8340,5789,-5796,-368580,-21525624,31736,-8157
3093,-13833,-8779,5793,-5791,196562,-21475526,31971,-7179
3094,-13550,-9209,5798,-5787,750114,-21482472,32176,-6195
3095,-13255,-9630,5802,-5783,1315989,-21489335,32351,-5205
3096,-12946,-10042,5806,-5779,1844050,-21496410,32495,-4210
3097,-12624,-10443,5810,-5774,2414000,-21503078,32609,-3212
3098,-12289,-10835,5814,-5770,2970975,-21510320,32692,-2210
3099,-11943,-11215,5819,-5765,3569872,-21517462,32752,-1005
3100,-11585,-11585,5787,-5797,-569666,-21525182,32766,201
3101,-11215,-11943,5756,-5828,-4657170,-21474401,32745,1206
3102,-10835,-12289,5760,-5824,-4090188,-21423821,32692,2210
3103,-10443,-12624,5764,-5820,-3569872,-21430332,32609,3212
3104,-10042,-12946,5769,-5815,-2970975,-21436327,32495,4210
3105,-9630,-13255,5773,-5811,-2414000,-21443348,32351,5205
3106,-9209,-13550,5778,-5807,-1844050,-21449915,32176,6195
3107,-8779,-13833,5782,-5803,-1315989,-21456702,31971,7179
3108,-8340,-14102,5786,-5799,-750114,-21463032,31685,8351
3109,-7893,-14357,5755,-5830,-4844172,-21469886,31414,9319
3110,-7438,-14598,5759,-5825,-4287654,-21419205,31113,10278
3111,-6976,-14824,5763,-5821,-3716928,-21425566,30783,11228
3112,-6507,-15036,5767,-5817,-3185416,-21432162,30424,12167
3113,-6031,-15233,5772,-5813,-2627385,-21438335,30037,13094
3114,-5550,-15415,5776,-5808,-2030342,-21444892,29621,14010
3115,-5063,-15582,5780,-5804,-1508485,-21451991,29177,14912
3116,-4571,-15733,5785,-5800,-945377,-21458225,28706,15800
3117,-4074,-15869,5789,-5796,-386828,-21465024,28105,16846
3118,-3574,-15989,5758,-5827,-4461303,-21471827,27575,17700
3119,-3070,-16093,5762,-5823,-3921475,-21421427,27019,18537
3120,-2563,-16182,5766,-5818,-3356094,-21427623,26438,19357
3121,-2053,-16254,5770,-5814,-2787843,-21434193,25832,20159
3122,-1542,-16311,5775,-5809,-2210581,-21440858,25201,20942
3123,-1029,-16351,5779,-5806,-1683957,-21447695,24547,21705
3124,-515,-16375,5783,-5801,-1123766,-21453968,23870,22448
3125,0,-16384,5787,-5797,-568520,-21460712,23027,23311
3126,515,-16375,5756,-5828,-4653056,-21467455,22301,24007
3127,1029,-16351,5760,-5824,-4087130,-21416911,21554,24680
3128,1542,-16311,5765,-5820,-3538440,-21423409,20787,25329
3129,2053,-16254,5769,-5815,-2973690,-21429755,20000,25955
3130,2563,-16182,5773,-5811,-2446955,-21436358,19195,26556
3131,3070,-16093,5778,-5807,-1855889,-21442551,18371,27133
3132,3574,-15989,5782,-5803,-1309586,-21449595,17530,27683
3133,4074,-15869,5786,-5798,-745055,-21456149,16673,28208
3134,4571,-15733,5790,-5794,-203721,-21462987,15623,28803
3135,5063,-15582,5759,-5825,-4289694,-21469599,14732,29268
3136,5550,-15415,5763,-5821,-3727952,-21419077,13828,29706
3137,6031,-15233,5768,-5817,-3145670,-21425562,12910,30117
3138,6507,-15036,5772,-5813,-2618394,-21432361,11980,30498
3139,6976,-14824,5776,-5808,-2032302,-21438542,11039,30852
3140,7438,-14598,5781,-5804,-1476296,-21445507,10087,31176
3141,7893,-14357,5785,-5800,-943028,-21452162,9126,31470
3142,8340,-14102,5789,-5796,-368580,-21458596,8157,31736
3143,8779,-13833,5793,-5791,196562,-21465596,6983,32014
3144,9209,-13550,5762,-5822,-3899160,-21472542,5998,32213
3145,9630,-13255,5766,-5818,-3328151,-21421942,5007,32382
3146,10042,-12946,5770,-5814,-2799555,-21428583,4011,32521
3147,10443,-12624,5775,-5810,-2236116,-21434761,3012,32628
3148,10835,-12289,5779,-5806,-1683864,-21441426,2009,32705
3149,11215,-11943,5783,-5801,-1096954,-21448013,1005,32752
3150,11585,-11585,5787,-5797,-569666,-21455088,0,32767
3151,11943,-11215,5792,-5793,0,-21461488,-804,32757
3152,12289,-10835,5831,-5753,5228064,-21468469,-2009,32705
3153,12624,-10443,5800,-5784,1096954,-21533086,-3012,32628
3154,12946,-10042,5805,-5780,1683864,-21482586,-4011,32521
3155,13255,-9630,5809,-5776,2236116,-21489958,-5007,32382
3156,13550,-9209,5813,-5771,2799555,-21496964,-5998,32213
3157,13833,-8779,5817,-5767,3328151,-21504167,-6983,32014
3158,14102,-8340,5821,-5763,3899160,-21511000,-7962,31785
3159,14357,-7893,5826,-5759,4461966,-21518413,-8933,31526
3160,14598,-7438,5830,-5754,5024814,-21525786,-10087,31176
3161,14824,-6976,5799,-5786,943028,-21533220,-11039,30852
3162,15036,-6507,5803,-5782,1476296,-21483308,-11980,30498
3163,15233,-6031,5807,-5777,2032302,-21490000,-12910,30117
3164,15415,-5550,5812,-5773,2618394,-21497030,-13828,29706
3165,15582,-5063,5816,-5769,3145670,-21504491,-14732,29268
3166,15733,-4571,5820,-5764,3727952,-21511288,-15623,28803
3167,15869,-4074,5824,-5760,4289694,-21518821,-16499,28310
3168,15989,-3574,5829,-5755,4876893,-21526163,-17530,27683
3169,16093,-3070,5797,-5787,745055,-21533879,-18371,27133
3170,16182,-2563,5802,-5783,1309586,-21483332,-19195,26556
3171,16254,-2053,5806,-5779,1855889,-21490389,-20000,25955
3172,16311,-1542,5810,-5774,2446955,-21497281,-20787,25329
3173,16351,-1029,5814,-5770,2973690,-21504785,-21554,24680
3174,16375,-515,5819,-5766,3538440,-21511557,-22301,24007
3175,16384,0,5823,-5761,4087130,-21518855,-23027,23311
3176,16375,515,5827,-5757,4653056,-21526015,-23870,22448
3177,16351,1029,5796,-5788,568520,-21533447,-24547,21705
3178,16311,1542,5800,-5784,1123766,-21483461,-25201,20942
3179,16254,2053,5805,-5780,1683957,-21490385,-25832,20159
3180,16182,2563,5808,-5776,2210581,-21497429,-26438,19357
3181,16093,3070,5813,-5771,2787843,-21504118,-27019,18537
3182,15989,3574,5817,-5767,3356094,-21511489,-27575,17700
3183,15869,4074,5822,-5763,3921475,-21518811,-28105,16846
3184,15733,4571,5826,-5759,4461303,-21526158,-28706,15800
3185,15582,5063,5795,-5790,386828,-21533249,-29177,14912
3186,15415,5550,5799,-5786,945377,-21483367,-29621,14010
3187,15233,6031,5803,-5781,1508485,-21490312,-30037,13094
3188,15036,6507,5807,-5777,2030342,-21497373,-30424,12167
3189,14824,6976,5812,-5773,2627385,-21503985,-30783,11228
3190,14598,7438,5816,-5768,3185416,-21511582,-31113,10278
3191,14357,7893,5820,-5764,3716928,-21518760,-31470,9126
3192,14102,8340,5789,-5796,-368580,-21525670,-31736,8157
3193,13833,8779,5793,-5791,196562,-21475572,-31971,7179
3194,13550,9209,5798,-5787,750114,-21482518,-32176,6195
3195,13255,9630,5802,-5783,1315989,-21489381,-32351,5205
3196,12946,10042,5806,-5779,1844050,-21496456,-32495,4210
3197,12624,10443,5810,-5774,2414000,-21503124,-32609,3212
3198,12289,10835,5814,-5770,2970975,-21510366,-32692,2210
3199,11943,11215,5819,-5765,3569872,-21517508,-32752,1005
3200,11585,11585,5787,-5797,-569666,-21525228,-32766,-201
3201,11215,11943,5756,-5828,-4657170,-21474447,-32745,-1206
3202,10835,12289,5760,-5824,-4090188,-21423867,-32692,-2210
3203,10443,12624,5764,-5820,-3569872,-21430378,-32609,-3212
3204,10042,12946,5769,-5815,-2970975,-21436373,-32495,-4210
3205,9630,13255,5773,-5811,-2414000,-21443394,-32351,-5205
3206,9209,13550,5778,-5807,-1844050,-21449961,-32176,-6195
3207,8779,13833,5782,-5803,-1315989,-21456748,-31971,-7179
3208,8340,14102,5786,-5799,-750114,-21463078,-31685,-8351
3209,7893,14357,5755,-5830,-4844172,-21469932,-31414,-9319
3210,7438,14598,5759,-5825,-4287654,-21419251,-31113,-10278
3211,6976,14824,5763,-5821,-3716928,-21425612,-30783,-11228
3212,6507,15036,5767,-5817,-3185416,-21432208,-30424,-12167
3213,6031,15233,5772,-5813,-2627385,-21438381,-30037,-13094
3214,5550,15415,5776,-5808,-2030342,-21444938,-29621,-14010
3215,5063,15582,5780,-5804,-1508485,-21452037,-29177,-14912
3216,4571,15733,5785,-5800,-945377,-21458271,-28706,-15800
3217,4074,15869,5789,-5796,-386828,-21465070,-28105,-16846
3218,3574,15989,5758,-5827,-4461303,-21471873,-27575,-17700
3219,3070,16093,5762,-5823,-3921475,-21421473,-27019,-18537
3220,2563,16182,5766,-5818,-3356094,-21427669,-26438,-19357
3221,2053,16254,5770,-5814,-2787843,-21434239,-25832,-20159
3222,1542,16311,5775,-5809,-2210581,-21440904,-25201,-20942
3223,1029,16351,5779,-5806,-1683957,-21447741,-24547,-21705
3224,515,16375,5783,-5801,-1123766,-21454014,-23870,-22448
3225,0,16384,5787,-5797,-568520,-21460758,-23027,-23311
3226,-515,16375,5756,-5828,-4653056,-21467501,-22301,-24007
3227,-1029,16351,5760,-5824,-4087130,-21416957,-21554,-24680
3228,-1542,16311,5765,-5820,-3538440,-21423455,-20787,-25329
3229,-2053,16254,5769,-5815,-2973690,-21429801,-20000,-25955
3230,-2563,16182,5773,-5811,-2446955,-21436404,-19195,-26556
3231,-3070,16093,5778,-5807,-1855889,-21442597,-18371,-27133
3232,-3574,15989,5782,-5803,-1309586,-21449641,-17530,-27683
3233,-4074,15869,5786,-5798,-745055,-21456195,-16673,-28208
3234,-4571,15733,5790,-5794,-203721,-21463033,-15623,-28803
3235,-5063,15582,5759,-5825,-4289694,-21469645,-14732,-29268
3236,-5550,15415,5763,-5821,-3727952,-21419123,-13828,-29706
3237,-6031,15233,5768,-5817,-3145670,-21425608,-12910,-30117
3238,-6507,15036,5772,-5813,-2618394,-21432407,-11980,-30498
3239,-6976,14824,5776,-5808,-2032302,-21438588,-11039,-30852
3240,-7438,14598,5781,-5804,-1476296,-21445553,-10087,-31176
3241,-7893,14357,5785,-5800,-943028,-21452208,-9126,-31470
3242,-8340,14102,5789,-5796,-368580,-21458642,-8157,-31736
3243,-8779,13833,5793,-5791,196562,-21465642,-6983,-32014
3244,-9209,13550,5762,-5822,-3899160,-21472588,-5998,-32213
3245,-9630,13255,5766,-5818,-3328151,-21421988,-5007,-32382
3246,-10042,12946,5770,-5814,-2799555,-21428629,-4011,-32521
3247,-10443,12624,5775,-5810,-2236116,-21434807,-3012,-32628
3248,-10835,12289,5779,-5806,-1683864,-21441472,-2009,-32705
3249,-11215,11943,5783,-5801,-1096954,-21448059,-1005,-32752
3250,-11585,11585,5787,-5797,-569666,-21455134,0,-32767
3251,-11943,11215,5792,-5793,0,-21461534,804,-32757
3252,-12289,10835,5831,-5753,5228064,-21468515,2009,-32705
3253,-12624,10443,5800,-5784,1096954,-21533132,3012,-32628
3254,-12946,10042,5805,-5780,1683864,-21482632,4011,-32521
3255,-13255,9630,5809,-5776,2236116,-21490004,5007,-32382
3256,-13550,9209,5813,-5771,2799555,-21497010,5998,-32213
3257,-13833,8779,5817,-5767,3328151,-21504213,6983,-32014
3258,-14102,8340,5821,-5763,3899160,-21511046,7962,-31785
3259,-14357,7893,5826,-5759,4461966,-21518459,8933,-31526
3260,-14598,7438,5830,-5754,5024814,-21525832,10087,-31176
3261,-14824,6976,5799,-5786,943028,-21533266,11039,-30852
3262,-15036,6507,5803,-5782,1476296,-21483354,11980,-30498
3263,-15233,6031,5807,-5777,2032302,-21490046,12910,-30117
3264,-15415,5550,5812,-5773,2618394,-21497076,13828,-29706
3265,-15582,5063,5816,-5769,3145670,-21504537,14732,-29268
3266,-15733,4571,5820,-5764,3727952,-21511334,15623,-28803
3267,-15869,4074,5824,-5760,4289694,-21518867,16499,-28310
3268,-15989,3574,5829,-5755,4876893,-21526209,17530,-27683
3269,-16093,3070,5797,-5787,745055,-21533925,18371,-27133
3270,-16182,2563,5802,-5783,1309586,-21483378,19195,-26556
3271,-16254,2053,5806,-5779,1855889,-21490435,20000,-25955
3272,-16311,1542,5810,-5774,2446955,-21497327,20787,-25329
3273,-16351,1029,5814,-5770,2973690,-21504831,21554,-24680
3274,-16375,515,5819,-5766,3538440,-21511603,22301,-24007
3275,-16384,0,5823,-5761,4087130,-21518901,23027,-23311
3276,-16375,-515,5827,-5757,4653056,-21526061,23870,-22448
3277,-16351,-1029,5796,-5788,568520,-21533493,24547,-21705
3278,-16311,-1542,5800,-5784,1123766,-21483507,25201,-20942
3279,-16254,-2053,5805,-5780,1683957,-21490431,25832,-20159
3280,-16182,-2563,5808,-5776,2210581,-21497475,26438,-19357
3281,-16093,-3070,5813,-5771,2787843,-21504164,27019,-18537
3282,-15989,-3574,5817,-5767,3356094,-21511535,27575,-17700
3283,-15869,-4074,5822,-5763,3921475,-21518857,28105,-16846
3284,-15733,-4571,5826,-5759,4461303,-21526204,28706,-15800
3285,-15582,-5063,5795,-5790,386828,-21533295,29177,-14912
3286,-15415,-5550,5799,-5786,945377,-21483413,29621,-14010
3287,-15233,-6031,5803,-5781,1508485,-21490358,30037,-13094
3288,-15036,-6507,5807,-5777,2030342,-21497419,30424,-12167
3289,-14824,-6976,5812,-5773,2627385,-21504031,30783,-11228
3290,-14598,-7438,5816,-5768,3185416,-21511628,31113,-10278
3291,-14357,-7893,5820,-5764,3716928,-21518806,31470,-9126
3292,-14102,-8340,5789,-5796,-368580,-21525716,31736,-8157
3293,-13833,-8779,5793,-5791,196562,-21475618,31971,-7179
3294,-13550,-9209,5798,-5787,750114,-21482564,32176,-6195
3295,-13255,-9630,5802,-5783,1315989,-21489427,32351,-5205
3296,-12946,-10042,5806,-5779,1844050,-21496502,32495,-4210
3297,-12624,-10443,5810,-5774,2414000,-21503170,32609,-3212
3298,-12289,-10835,5814,-5770,2970975,-21510412,32692,-2210
3299,-11943,-11215,5819,-5765,3569872,-21517554,32752,-1005
3300,-11585,-11585,5787,-5797,-569666,-21525274,32766,201
3301,-11215,-11943,5756,-5828,-4657170,-21474493,32745,1206
3302,-10835,-12289,5760,-5824,-4090188,-21423913,32692,2210
3303,-10443,-12624,5764,-5820,-3569872,-21430424,32609,3212
3304,-10042,-12946,5769,-5815,-2970975,-21436419,32495,4210
3305,-9630,-13255,5773,-5811,-2414000,-21443440,32351,5205
3306,-9209,-13550,5778,-5807,-1844050,-21450007,32176,6195
3307,-8779,-13833,5782,-5803,-1315989,-21456794,31971,7179
3308,-8340,-14102,5786,-5799,-750114,-21463124,31685,8351
3309,-7893,-14357,5755,-5830,-4844172,-21469978,31414,9319
3310,-7438,-14598,5759,-5825,-4287654,-21419297,31113,10278
3311,-6976,-14824,5763,-5821,-3716928,-21425658,30783,11228
3312,-6507,-15036,5767,-5817,-3185416,-21432254,30424,12167
3313,-6031,-15233,5772,-5813,-2627385,-21438427,30037,13094
3314,-5550,-15415,5776,-5808,-2030342,-21444984,29621,14010
3315,-5063,-15582,5780,-5804,-1508485,-21452083,29177,14912
3316,-4571,-15733,5785,-5800,-945377,-21458317,28706,15800
3317,-4074,-15869,5789,-5796,-386828,-21465116,28105,16846
3318,-3574,-15989,5758,-5827,-4461303,-21471919,27575,17700
3319,-3070,-16093,5762,-5823,-3921475,-21421519,27019,18537
3320,-2563,-16182,5766,-5818,-3356094,-21427715,26438,19357
3321,-2053,-16254,5770,-5814,-2787843,-21434285,25832,20159
3322,-1542,-16311,5775,-5809,-2210581,-21440950,25201,20942
3323,-1029,-16351,5779,-5806,-1683957,-21447787,24547,21705
3324,-515,-16375,5783,-5801,-1123766,-21454060,23870,22448
3325,0,-16384,5787,-5797,-568520,-21460804,23027,23311
3326,515,-16375,5756,-5828,-4653056,-21467547,22301,24007
3327,1029,-16351,5760,-5824,-4087130,-21417003,21554,24680
3328,1542,-16311,5765,-5820,-3538440,-21423501,20787,25329
3329,2053,-16254,5769,-5815,-2973690,-21429847,20000,25955
3330,2563,-16182,5773,-5811,-2446955,-21436450,19195,26556
3331,3070,-16093,5778,-5807,-1855889,-21442643,18371,27133
3332,3574,-15989,5782,-5803,-1309586,-21449687,17530,27683
3333,4074,-15869,5786,-5798,-745055,-21456241,16673,28208
3334,4571,-15733,5790,-5794,-203721,-21463079,15623,28803
3335,5063,-15582,5759,-5825,-4289694,-21469691,14732,29268
3336,5550,-15415,5763,-5821,-3727952,-21419169,13828,29706
3337,6031,-15233,5768,-5817,-3145670,-21425654,12910,30117
3338,6507,-15036,5772,-5813,-2618394,-21432453,11980,30498
3339,6976,-14824,5776,-5808,-2032302,-21438634,11039,30852
3340,7438,-14598,5781,-5804,-1476296,-21445599,10087,31176
3341,7893,-14357,5785,-5800,-943028,-21452254,9126,31470
3342,8340,-14102,5789,-5796,-368580,-21458688,8157,31736
3343,8779,-13833,5793,-5791,196562,-21465688,6983,32014
3344,9209,-13550,5762,-5822,-3899160,-21472634,5998,32213
3345,9630,-13255,5766,-5818,-3328151,-21422034,5007,32382
3346,10042,-12946,5770,-5814,-2799555,-21428675,4011,32521
3347,10443,-12624,5775,-5810,-2236116,-21434853,3012,32628
3348,10835,-12289,5779,-5806,-1683864,-21441518,2009,32705
3349,11215,-11943,5783,-5801,-1096954,-21448105,1005,32752
3350,11585,-11585,5787,-5797,-569666,-21455180,0,32767
3351,11943,-11215,5792,-5793,0,-21461580,-804,32757
3352,12289,-10835,5831,-5753,5228064,-21468561,-2009,32705
3353,12624,-10443,5800,-5784,1096954,-21533178,-3012,32628
3354,12946,-10042,5805,-5780,1683864,-21482678,-4011,32521
3355,13255,-9630,5809,-5776,2236116,-21490050,-5007,32382
3356,13550,-9209,5813,-5771,2799555,-21497056,-5998,32213
3357,13833,-8779,5817,-5767,3328151,-21504259,-6983,32014
3358,14102,-8340,5821,-5763,3899160,-21511092,-7962,31785
3359,14357,-7893,5826,-5759,4461966,-21518505,-8933,31526
3360,14598,-7438,5830,-5754,5024814,-21525878,-10087,31176
3361,14824,-6976,5799,-5786,943028,-21533312,-11039,30852
3362,15036,-6507,5803,-5782,1476296,-21483400,-11980,30498
3363,15233,-6031,5807,-5777,2032302,-21490092,-12910,30117
3364,15415,-5550,5812,-5773,2618394,-21497122,-13828,29706
3365,15582,-5063,5816,-5769,3145670,-21504583,-14732,29268
3366,15733,-4571,5820,-5764,3727952,-21511380,-15623,28803
3367,15869,-4074,5824,-5760,4289694,-21518913,-16499,28310
3368,15989,-3574,5829,-5755,4876893,-21526255,-17530,27683
3369,16093,-3070,5797,-5787,745055,-21533971,-18371,27133
3370,16182,-2563,5802,-5783,1309586,-21483424,-19195,26556
3371,16254,-2053,5806,-5779,1855889,-21490481,-20000,25955
3372,16311,-1542,5810,-5774,2446955,-21497373,-20787,25329
3373,16351,-1029,5814,-5770,2973690,-21504877,-21554,24680
3374,16375,-515,5819,-5766,3538440,-21511649,-22301,24007
3375,16384,0,5823,-5761,4087130,-21518947,-23027,23311
3376,16375,515,5827,-5757,4653056,-21526107,-23870,22448
3377,16351,1029,5796,-5788,568520,-21533539,-24547,21705
3378,16311,1542,5800,-5784,1123766,-21483553,-25201,20942
3379,16254,2053,5805,-5780,1683957,-21490477,-25832,20159
3380,16182,2563,5808,-5776,2210581,-21497521,-26438,19357
3381,16093,3070,5813,-5771,2787843,-21504210,-27019,18537
3382,15989,3574,5817,-5767,3356094,-21511581,-27575,17700
3383,15869,4074,5822,-5763,3921475,-21518903,-28208,16673
3384,15733,4571,5790,-5794,-203721,-21526250,-28706,15800
3385,15582,5063,5795,-5790,386828,-21475684,-29177,14912
3386,15415,5550,5799,-5786,945377,-21482962,-29621,14010
3387,15233,6031,5803,-5781,1508485,-21489907,-30037,13094
3388,15036,6507,5807,-5777,2030342,-21496968,-30424,12167
3389,14824,6976,5812,-5773,2627385,-21503580,-30783,11228
3390,14598,7438,5816,-5768,3185416,-21511177,-31113,10278
3391,14357,7893,5820,-5764,3716928,-21518355,-31470,9126
3392,14102,8340,5789,-5796,-368580,-21525265,-31736,8157
3393,13833,8779,5793,-5791,196562,-21475167,-31971,7179
3394,13550,9209,5798,-5787,750114,-21482113,-32176,6195
3395,13255,9630,5802,-5783,1315989,-21488976,-32351,5205
3396,12946,10042,5806,-5779,1844050,-21496051,-32495,4210
3397,12624,10443,5810,-5774,2414000,-21502719,-32609,3212
3398,12289,10835,5814,-5770,2970975,-21509961,-32692,2210
3399,11943,11215,5819,-5765,3569872,-21517103,-32752,1005
3400,11585,11585,5787,-5797,-569666,-21524823,-32766,-201
3401,11215,11943,5756,-5828,-4657170,-21474042,-32745,-1206
3402,10835,12289,5760,-5824,-4090188,-21423462,-32692,-2210
3403,10443,12624,5764,-5820,-3569872,-21429973,-32609,-3212
3404,10042,12946,5769,-5815,-2970975,-21435968,-32495,-4210
3405,9630,13255,5773,-5811,-2414000,-21442989,-32351,-5205
3406,9209,13550,5778,-5807,-1844050,-21449556,-32176,-6195
3407,8779,13833,5782,-5803,-1315989,-21456343,-31971,-7179
3408,8340,14102,5786,-5799,-750114,-21462673,-31685,-8351
3409,7893,14357,5755,-5830,-4844172,-21469527,-31414,-9319
3410,7438,14598,5759,-5825,-4287654,-21418846,-31113,-10278
3411,6976,14824,5763,-5821,-3716928,-21425207,-30783,-11228
3412,6507,15036,5767,-5817,-3185416,-21431803,-30424,-12167
3413,6031,15233,5772,-5813,-2627385,-21437976,-30037,-13094
3414,5550,15415,5776,-5808,-2030342,-21444533,-29621,-14010
3415,5063,15582,5780,-5804,-1508485,-21451632,-29177,-14912
3416,4571,15733,5785,-5800,-945377,-21457866,-28706,-15800
3417,4074,15869,5789,-5796,-386828,-21464665,-28105,-16846
3418,3574,15989,5758,-5827,-4461303,-21471468,-27575,-17700
3419,3070,16093,5762,-5823,-3921475,-21421068,-27019,-18537
3420,2563,16182,5766,-5818,-3356094,-21427264,-26438,-19357
3421,2053,16254,5770,-5814,-2787843,-21433834,-25832,-20159
3422,1542,16311,5775,-5809,-2210581,-21440499,-25201,-20942
3423,1029,16351,5779,-5806,-1683957,-21447336,-24547,-21705
3424,515,16375,5783,-5801,-1123766,-21453609,-23870,-22448
3425,0,16384,5787,-5797,-568520,-21460353,-23027,-23311
3426,-515,16375,5756,-5828,-4653056,-21467096,-22301,-24007
3427,-1029,16351,5760,-5824,-4087130,-21416552,-21554,-24680
3428,-1542,16311,5765,-5820,-3538440,-21423050,-20787,-25329
3429,-2053,16254,5769,-5815,-2973690,-21429396,-20000,-25955
3430,-2563,16182,5773,-5811,-2446955,-21435999,-19195,-26556
3431,-3070,16093,5778,-5807,-1855889,-21442192,-18371,-27133
3432,-3574,15989,5782,-5803,-1309586,-21449236,-17530,-27683
3433,-4074,15869,5786,-5798,-745055,-21455790,-16673,-28208
3434,-4571,15733,5790,-5794,-203721,-21462628,-15623,-28803
3435,-5063,15582,5759,-5825,-4289694,-21469240,-14732,-29268
3436,-5550,15415,5763,-5821,-3727952,-21418718,-13828,-29706
3437,-6031,15233,5768,-5817,-3145670,-21425203,-12910,-30117
3438,-6507,15036,5772,-5813,-2618394,-21432002,-11980,-30498
3439,-6976,14824,5776,-5808,-2032302,-21438183,-11039,-30852
3440,-7438,14598,5781,-5804,-1476296,-21445148,-10087,-31176
3441,-7893,14357,5785,-5800,-943028,-21451803,-9126,-31470
3442,-8340,14102,5789,-5796,-368580,-21458237,-8157,-31736
3443,-8779,13833,5793,-5791,196562,-21465237,-6983,-32014
3444,-9209,13550,5762,-5822,-3899160,-21472183,-5998,-32213
3445,-9630,13255,5766,-5818,-3328151,-21421583,-5007,-32382
3446,-10042,12946,5770,-5814,-2799555,-21428224,-4011,-32521
3447,-10443,12624,5775,-5810,-2236116,-21434402,-3012,-32628
3448,-10835,12289,5779,-5806,-1683864,-21441067,-2009,-32705
3449,-11215,11943,5783,-5801,-1096954,-21447654,-1005,-32752
3450,-11585,11585,5787,-5797,-569666,-21454729,0,-32767
3451,-11943,11215,5792,-5793,0,-21461129,804,-32757
3452,-12289,10835,5831,-5753,5228064,-21468110,2009,-32705
3453,-12624,10443,5800,-5784,1096954,-21532727,3012,-32628
3454,-12946,10042,5805,-5780,1683864,-21482227,4011,-32521
3455,-13255,9630,5809,-5776,2236116,-21489599,5007,-32382
3456,-13550,9209,5813,-5771,2799555,-21496605,5998,-32213
3457,-13833,8779,5817,-5767,3328151,-21503808,6983,-32014
3458,-14102,8340,5821,-5763,3899160,-21510641,7962,-31785
3459,-14357,7893,5826,-5759,4461966,-21518054,8933,-31526
3460,-14598,7438,5830,-5754,5024814,-21525427,10087,-31176
3461,-14824,6976,5799,-5786,943028,-21532861,11039,-30852
3462,-15036,6507,5803,-5782,1476296,-21482949,11980,-30498
3463,-15233,6031,5807,-5777,2032302,-21489641,12910,-30117
3464,-15415,5550,5812,-5773,2618394,-21496671,13828,-29706
3465,-15582,5063,5816,-5769,3145670,-21504132,14732,-29268
3466,-15733,4571,5820,-5764,3727952,-21510929,15623,-28803
3467,-15869,4074,5824,-5760,4289694,-21518462,16499,-28310
3468,-15989,3574,5829,-5755,4876893,-21525804,17530,-27683
3469,-16093,3070,5797,-5787,745055,-21533520,18371,-27133
3470,-16182,2563,5802,-5783,1309586,-21482973,19195,-26556
3471,-16254,2053,5806,-5779,1855889,-21490030,20000,-25955
3472,-16311,1542,5810,-5774,2446955,-21496922,20787,-25329
3473,-16351,1029,5814,-5770,2973690,-21504426,21554,-24680
3474,-16375,515,5819,-5766,3538440,-21511198,22301,-24007
3475,-16384,0,5823,-5761,4087130,-21518496,23027,-23311
3476,-16375,-515,5827,-5757,4653056,-21525656,23870,-22448
3477,-16351,-1029,5796,-5788,568520,-21533088,24547,-21705
3478,-16311,-1542,5800,-5784,1123766,-21483102,25201,-20942
3479,-16254,-2053,5805,-5780,1683957,-21490026,25832,-20159
3480,-16182,-2563,5808,-5776,2210581,-21497070,26438,-19357
3481,-16093,-3070,5813,-5771,2787843,-21503759,27019,-18537
3482,-15989,-3574,5817,-5767,3356094,-21511130,27575,-17700
3483,-15869,-4074,5822,-5763,3921475,-21518452,28105,-16846
3484,-15733,-4571,5826,-5759,4461303,-21525799,28706,-15800
3485,-15582,-5063,5795,-5790,386828,-21532890,29177,-14912
3486,-15415,-5550,5799,-5786,945377,-21483008,29621,-14010
3487,-15233,-6031,5803,-5781,1508485,-21489953,30037,-13094
3488,-15036,-6507,5807,-5777,2030342,-21497014,30424,-12167
3489,-14824,-6976,5812,-5773,2627385,-21503626,30783,-11228
3490,-14598,-7438,5816,-5768,3185416,-21511223,31113,-10278
3491,-14357,-7893,5820,-5764,3716928,-21518401,31470,-9126
3492,-14102,-8340,5789,-5796,-368580,-21525311,31736,-8157
3493,-13833,-8779,5793,-5791,196562,-21475213,31971,-7179
3494,-13550,-9209,5798,-5787,750114,-21482159,32176,-6195
3495,-13255,-9630,5802,-5783,1315989,-21489022,32351,-5205
3496,-12946,-10042,5806,-5779,1844050,-21496097,32495,-4210
3497,-12624,-10443,5810,-5774,2414000,-21502765,32609,-3212
3498,-12289,-10835,5814,-5770,2970975,-21510007,32692,-2210
3499,-11943,-11215,5819,-5765,3569872,-21517149,32752,-1005
3500,-11585,-11585,5787,-5797,-569666,-21524869,32766,201
3501,-11215,-11943,5756,-5828,-4657170,-21474088,32745,1206
3502,-10835,-12289,5760,-5824,-4090188,-21423508,32692,2210
3503,-10443,-12624,5764,-5820,-3569872,-21430019,32609,3212
3504,-10042,-12946,5769,-5815,-2970975,-21436014,32495,4210
3505,-9630,-13255,5773,-5811,-2414000,-21443035,32351,5205
3506,-9209,-13550,5778,-5807,-1844050,-21449602,32176,6195
3507,-8779,-13833,5782,-5803,-1315989,-21456389,31971,7179
3508,-8340,-14102,5786,-5799,-750114,-21462719,31685,8351
3509,-7893,-14357,5755,-5830,-4844172,-21469573,31414,9319
3510,-7438,-14598,5759,-5825,-4287654,-21418892,31113,10278
3511,-6976,-14824,5763,-5821,-3716928,-21425253,30783,11228
3512,-6507,-15036,5767,-5817,-3185416,-21431849,30424,12167
3513,-6031,-15233,5772,-5813,-2627385,-21438022,30037,13094
3514,-5550,-15415,5776,-5808,-2030342,-21444579,29621,14010
3515,-5063,-15582,5780,-5804,-1508485,-21451678,29177,14912
3516,-4571,-15733,5785,-5800,-945377,-21457912,28706,15800
3517,-4074,-15869,5789,-5796,-386828,-21464711,28105,16846
3518,-3574,-15989,5758,-5827,-4461303,-21471514,27575,17700
3519,-3070,-16093,5762,-5823,-3921475,-21421114,27019,18537
3520,-2563,-16182,5766,-5818,-3356094,-21427310,26438,19357
3521,-2053,-16254,5770,-5814,-2787843,-21433880,25832,20159
3522,-1542,-16311,5775,-5809,-2210581,-21440545,25201,20942
3523,-1029,-16351,5779,-5806,-1683957,-21447382,24547,21705
3524,-515,-16375,5783,-5801,-1123766,-21453655,23870,22448
3525,0,-16384,5787,-5797,-568520,-21460399,23170,23170
3526,515,-16375,5792,-5793,0,-21467142,22301,24007
3527,1029,-16351,5760,-5824,-4087130,-21474108,21554,24680
3528,1542,-16311,5765,-5820,-3538440,-21423593,20787,25329
3529,2053,-16254,5769,-5815,-2973690,-21429939,20000,25955
3530,2563,-16182,5773,-5811,-2446955,-21436542,19195,26556
3531,3070,-16093,5778,-5807,-1855889,-21442735,18371,27133
3532,3574,-15989,5782,-5803,-1309586,-21449779,17530,27683
3533,4074,-15869,5786,-5798,-745055,-21456333,16673,28208
3534,4571,-15733,5790,-5794,-203721,-21463171,15623,28803
3535,5063,-15582,5759,-5825,-4289694,-21469783,14732,29268
3536,5550,-15415,5763,-5821,-3727952,-21419261,13828,29706
3537,6031,-15233,5768,-5817,-3145670,-21425746,12910,30117
3538,6507,-15036,5772,-5813,-2618394,-21432545,11980,30498
3539,6976,-14824,5776,-5808,-2032302,-21438726,11039,30852
3540,7438,-14598,5781,-5804,-1476296,-21445691,10087,31176
3541,7893,-14357,5785,-5800,-943028,-21452346,9126,31470
3542,8340,-14102,5789,-5796,-368580,-21458780,8157,31736
3543,8779,-13833,5793,-5791,196562,-21465780,6983,32014
3544,9209,-13550,5762,-5822,-3899160,-21472726,5998,32213
3545,9630,-13255,5766,-5818,-3328151,-21422126,5007,32382
3546,10042,-12946,5770,-5814,-2799555,-21428767,4011,32521
3547,10443,-12624,5775,-5810,-2236116,-21434945,3012,32628
3548,10835,-12289,5779,-5806,-1683864,-21441610,2009,32705
3549,11215,-11943,5783,-5801,-1096954,-21448197,1005,32752
3550,11585,-11585,5787,-5797,-569666,-21455272,0,32767
3551,11943,-11215,5792,-5793,0,-21461672,-804,32757
3552,12289,-10835,5831,-5753,5228064,-21468653,-2009,32705
3553,12624,-10443,5800,-5784,1096954,-21533270,-3012,32628
3554,12946,-10042,5805,-5780,1683864,-21482770,-4011,32521
3555,13255,-9630,5809,-5776,2236116,-21490142,-5007,32382
3556,13550,-9209,5813,-5771,2799555,-21497148,-5998,32213
3557,13833,-8779,5817,-5767,3328151,-21504351,-6983,32014
3558,14102,-8340,5821,-5763,3899160,-21511184,-7962,31785
3559,14357,-7893,5826,-5759,4461966,-21518597,-8933,31526
3560,14598,-7438,5830,-5754,5024814,-21525970,-10087,31176
3561,14824,-6976,5799,-5786,943028,-21533404,-11039,30852
3562,15036,-6507,5803,-5782,1476296,-21483492,-11980,30498
3563,15233,-6031,5807,-5777,2032302,-21490184,-12910,30117
3564,15415,-5550,5812,-5773,2618394,-21497214,-13828,29706
3565,15582,-5063,5816,-5769,3145670,-21504675,-14732,29268
3566,15733,-4571,5820,-5764,3727952,-21511472,-15623,28803
3567,15869,-4074,5824,-5760,4289694,-21519005,-16499,28310
3568,15989,-3574,5829,-5755,4876893,-21526347,-17530,27683
3569,16093,-3070,5797,-5787,745055,-21534063,-18371,27133
3570,16182,-2563,5802,-5783,1309586,-21483516,-19195,26556
3571,16254,-2053,5806,-5779,1855889,-21490573,-20000,25955
3572,16311,-1542,5810,-5774,2446955,-21497465,-20787,25329
3573,16351,-1029,5814,-5770,2973690,-21504969,-21554,24680
3574,16375,-515,5819,-5766,3538440,-21511741,-22301,24007
3575,16384,0,5823,-5761,4087130,-21519039,-23027,23311
3576,16375,515,5827,-5757,4653056,-21526199,-23870,22448
3577,16351,1029,5796,-5788,568520,-21533631,-24547,21705
3578,16311,1542,5800,-5784,1123766,-21483645,-25201,20942
3579,16254,2053,5805,-5780,1683957,-21490569,-25832,20159
3580,16182,2563,5808,-5776,2210581,-21497613,-26438,19357
3581,16093,3070,5813,-5771,2787843,-21504302,-27019,18537
3582,15989,3574,5817,-5767,3356094,-21511673,-27575,17700
3583,15869,4074,5822,-5763,3921475,-21518995,-28105,16846
3584,15733,4571,5826,-5759,4461303,-21526342,-28706,15800
3585,15582,5063,5795,-5790,386828,-21533433,-29177,14912
3586,15415,5550,5799,-5786,945377,-21483551,-29621,14010
3587,15233,6031,5803,-5781,1508485,-21490496,-30037,13094
3588,15036,6507,5807,-5777,2030342,-21497557,-30424,12167
3589,14824,6976,5812,-5773,2627385,-21504169,-30783,11228
3590,14598,7438,5816,-5768,3185416,-21511766,-31113,10278
3591,14357,7893,5820,-5764,3716928,-21518944,-31470,9126
3592,14102,8340,5789,-5796,-368580,-21525854,-31736,8157
3593,13833,8779,5793,-5791,196562,-21475756,-31971,7179
3594,13550,9209,5798,-5787,750114,-21482702,-32176,6195
3595,13255,9630,5802,-5783,1315989,-21489565,-32351,5205
3596,12946,10042,5806,-5779,1844050,-21496640,-32495,4210
3597,12624,10443,5810,-5774,2414000,-21503308,-32609,3212
3598,12289,10835,5814,-5770,2970975,-21510550,-32692,2210
3599,11943,11215,5819,-5765,3569872,-21517692,-32752,1005
3600,11585,11585,5787,-5797,-569666,-21525412,-32766,-201
3601,11215,11943,5756,-5828,-4657170,-21474631,-32745,-1206
3602,10835,12289,5760,-5824,-4090188,-21424051,-32692,-2210
3603,10443,12624,5764,-5820,-3569872,-21430562,-32609,-3212
3604,10042,12946,5769,-5815,-2970975,-21436557,-32495,-4210
3605,9630,13255,5773,-5811,-2414000,-21443578,-32351,-5205
3606,9209,13550,5778,-5807,-1844050,-21450145,-32176,-6195
3607,8779,13833,5782,-5803,-1315989,-21456932,-31971,-7179
3608,8340,14102,5786,-5799,-750114,-21463262,-31685,-8351
3609,7893,14357,5755,-5830,-4844172,-21470116,-31414,-9319
3610,7438,14598,5759,-5825,-4287654,-21419435,-31113,-10278
3611,6976,14824,5763,-5821,-3716928,-21425796,-30783,-11228
3612,6507,15036,5767,-5817,-3185416,-21432392,-30424,-12167
3613,6031,15233,5772,-5813,-2627385,-21438565,-30037,-13094
3614,5550,15415,5776,-5808,-2030342,-21445122,-29621,-14010
3615,5063,15582,5780,-5804,-1508485,-21452221,-29177,-14912
3616,4571,15733,5785,-5800,-945377,-21458455,-28706,-15800
3617,4074,15869,5789,-5796,-386828,-21465254,-28105,-16846
3618,3574,15989,5758,-5827,-4461303,-21472057,-27575,-17700
3619,3070,16093,5762,-5823,-3921475,-21421657,-27019,-18537
3620,2563,16182,5766,-5818,-3356094,-21427853,-26438,-19357
3621,2053,16254,5770,-5814,-2787843,-21434423,-25832,-20159
3622,1542,16311,5775,-5809,-2210581,-21441088,-25201,-20942
3623,1029,16351,5779,-5806,-1683957,-21447925,-24547,-21705
3624,515,16375,5783,-5801,-1123766,-21454198,-23870,-22448
3625,0,16384,5787,-5797,-568520,-21460942,-23027,-23311
3626,-515,16375,5756,-5828,-4653056,-21467685,-22301,-24007
3627,-1029,16351,5760,-5824,-4087130,-21417141,-21554,-24680
3628,-1542,16311,5765,-5820,-3538440,-21423639,-20787,-25329
3629,-2053,16254,5769,-5815,-2973690,-21429985,-20000,-25955
3630,-2563,16182,5773,-5811,-2446955,-21436588,-19195,-26556
3631,-3070,16093,5778,-5807,-1855889,-21442781,-18371,-27133
3632,-3574,15989,5782,-5803,-1309586,-21449825,-17530,-27683
3633,-4074,15869,5786,-5798,-745055,-21456379,-16673,-28208
3634,-4571,15733,5790,-5794,-203721,-21463217,-15623,-28803
3635,-5063,15582,5759,-5825,-4289694,-21469829,-14732,-29268
3636,-5550,15415,5763,-5821,-3727952,-21419307,-13828,-29706
3637,-6031,15233,5768,-5817,-3145670,-21425792,-12910,-30117
3638,-6507,15036,5772,-5813,-2618394,-21432591,-11980,-30498
3639,-6976,14824,5776,-5808,-2032302,-21438772,-11039,-30852
3640,-7438,14598,5781,-5804,-1476296,-21445737,-10087,-31176
3641,-7893,14357,5785,-5800,-943028,-21452392,-9126,-31470
3642,-8340,14102,5789,-5796,-368580,-21458826,-8157,-31736
3643,-8779,13833,5793,-5791,196562,-21465826,-6983,-32014
3644,-9209,13550,5762,-5822,-3899160,-21472772,-5998,-32213
3645,-9630,13255,5766,-5818,-3328151,-21422172,-5007,-32382
3646,-10042,12946,5770,-5814,-2799555,-21428813,-4011,-32521
3647,-10443,12624,5775,-5810,-2236116,-21434991,-3012,-32628
3648,-10835,12289,5779,-5806,-1683864,-21441656,-2009,-32705
3649,-11215,11943,5783,-5801,-1096954,-21448243,-1005,-32752
3650,-11585,11585,5787,-5797,-569666,-21455318,0,-32767
3651,-11943,11215,5792,-5793,0,-21461718,804,-32757
3652,-12289,10835,5831,-5753,5228064,-21468699,2009,-32705
3653,-12624,10443,5800,-5784,1096954,-21533316,3012,-32628
3654,-12946,10042,5805,-5780,1683864,-21482816,4011,-32521
3655,-13255,9630,5809,-5776,2236116,-21490188,5007,-32382
3656,-13550,9209,5813,-5771,2799555,-21497194,5998,-32213
3657,-13833,8779,5817,-5767,3328151,-21504397,6983,-32014
3658,-14102,8340,5821,-5763,3899160,-21511230,7962,-31785
3659,-14357,7893,5826,-5759,4461966,-21518643,8933,-31526
3660,-14598,7438,5830,-5754,5024814,-21526016,10087,-31176
3661,-14824,6976,5799,-5786,943028,-21533450,11039,-30852
3662,-15036,6507,5803,-5782,1476296,-21483538,11980,-30498
3663,-15233,6031,5807,-5777,2032302,-21490230,12910,-30117
3664,-15415,5550,5812,-5773,2618394,-21497260,13828,-29706
3665,-15582,5063,5816,-5769,3145670,-21504721,14732,-29268
3666,-15733,4571,5820,-5764,3727952,-21511518,15623,-28803
3667,-15869,4074,5824,-5760,4289694,-21519051,16499,-28310
3668,-15989,3574,5829,-5755,4876893,-21526393,17530,-27683
3669,-16093,3070,5797,-5787,745055,-21534109,18371,-27133
3670,-16182,2563,5802,-5783,1309586,-21483562,19195,-26556
3671,-16254,2053,5806,-5779,1855889,-21490619,20000,-25955
3672,-16311,1542,5810,-5774,2446955,-21497511,20787,-25329
3673,-16351,1029,5814,-5770,2973690,-21505015,21554,-24680
3674,-16375,515,5819,-5766,3538440,-21511787,22301,-24007
3675,-16384,0,5823,-5761,4087130,-21519085,23027,-23311
3676,-16375,-515,5827,-5757,4653056,-21526245,23870,-22448
3677,-16351,-1029,5796,-5788,568520,-21533677,24547,-21705
3678,-16311,-1542,5800,-5784,1123766,-21483691,25201,-20942
3679,-16254,-2053,5805,-5780,1683957,-21490615,25832,-20159
3680,-16182,-2563,5808,-5776,2210581,-21497659,26438,-19357
3681,-16093,-3070,5813,-5771,2787843,-21504348,27019,-18537
3682,-15989,-3574,5817,-5767,3356094,-21511719,27575,-17700
3683,-15869,-4074,5822,-5763,3921475,-21519041,28105,-16846
3684,-15733,-4571,5826,-5759,4461303,-21526388,28706,-15800
3685,-15582,-5063,5795,-5790,386828,-21533479,29177,-14912
3686,-15415,-5550,5799,-5786,945377,-21483597,29621,-14010
3687,-15233,-6031,5803,-5781,1508485,-21490542,30037,-13094
3688,-15036,-6507,5807,-5777,2030342,-21497603,30424,-12167
3689,-14824,-6976,5812,-5773,2627385,-21504215,30783,-11228
3690,-14598,-7438,5816,-5768,3185416,-21511812,31113,-10278
3691,-14357,-7893,5820,-5764,3716928,-21518990,31470,-9126
3692,-14102,-8340,5789,-5796,-368580,-21525900,31736,-8157
3693,-13833,-8779,5793,-5791,196562,-21475802,31971,-7179
3694,-13550,-9209,5798,-5787,750114,-21482748,32176,-6195
3695,-13255,-9630,5802,-5783,1315989,-21489611,32351,-5205
3696,-12946,-10042,5806,-5779,1844050,-21496686,32495,-4210
3697,-12624,-10443,5810,-5774,2414000,-21503354,32609,-3212
3698,-12289,-10835,5814,-5770,2970975,-21510596,32692,-2210
3699,-11943,-11215,5819,-5765,3569872,-21517738,32752,-1005
3700,-11585,-11585,5787,-5797,-569666,-21525458,32766,201
3701,-11215,-11943,5756,-5828,-4657170,-21474677,32745,1206
3702,-10835,-12289,5760,-5824,-4090188,-21424097,32692,2210
3703,-10443,-12624,5764,-5820,-3569872,-21430608,32609,3212
3704,-10042,-12946,5769,-5815,-2970975,-21436603,32495,4210
3705,-9630,-13255,5773,-5811,-2414000,-21443624,32351,5205
3706,-9209,-13550,5778,-5807,-1844050,-21450191,32176,6195
3707,-8779,-13833,5782,-5803,-1315989,-21456978,31971,7179
3708,-8340,-14102,5786,-5799,-750114,-21463308,31685,8351
3709,-7893,-14357,5755,-5830,-4844172,-21470162,31414,9319
3710,-7438,-14598,5759,-5825,-4287654,-21419481,31113,10278
3711,-6976,-14824,5763,-5821,-3716928,-21425842,30783,11228
3712,-6507,-15036,5767,-5817,-3185416,-21432438,30424,12167
3713,-6031,-15233,5772,-5813,-2627385,-21438611,30037,13094
3714,-5550,-15415,5776,-5808,-2030342,-21445168,29621,14010
3715,-5063,-15582,5780,-5804,-1508485,-21452267,29177,14912
3716,-4571,-15733,5785,-5800,-945377,-21458501,28706,15800
3717,-4074,-15869,5789,-5796,-386828,-21465300,28105,16846
3718,-3574,-15989,5758,-5827,-4461303,-21472103,27575,17700
3719,-3070,-16093,5762,-5823,-3921475,-21421703,27019,18537
3720,-2563,-16182,5766,-5818,-3356094,-21427899,26438,19357
3721,-2053,-16254,5770,-5814,-2787843,-21434469,25832,20159
3722,-1542,-16311,5775,-5809,-2210581,-21441134,25201,20942
3723,-1029,-16351,5779,-5806,-1683957,-21447971,24547,21705
3724,-515,-16375,5783,-5801,-1123766,-21454244,23870,22448
3725,0,-16384,5787,-5797,-568520,-21460988,23027,23311
3726,515,-16375,5756,-5828,-4653056,-21467731,22301,24007
3727,1029,-16351,5760,-5824,-4087130,-21417187,21554,24680
3728,1542,-16311,5765,-5820,-3538440,-21423685,20787,25329
3729,2053,-16254,5769,-5815,-2973690,-21430031,20000,25955
3730,2563,-16182,5773,-5811,-2446955,-21436634,19195,26556
3731,3070,-16093,5778,-5807,-1855889,-21442827,18371,27133
3732,3574,-15989,5782,-5803,-1309586,-21449871,17530,27683
3733,4074,-15869,5786,-5798,-745055,-21456425,16673,28208
3734,4571,-15733,5790,-5794,-203721,-21463263,15623,28803
3735,5063,-15582,5759,-5825,-4289694,-21469875,14732,29268
3736,5550,-15415,5763,-5821,-3727952,-21419353,13828,29706
3737,6031,-15233,5768,-5817,-3145670,-21425838,12910,30117
3738,6507,-15036,5772,-5813,-2618394,-21432637,11980,30498
3739,6976,-14824,5776,-5808,-2032302,-21438818,11039,30852
3740,7438,-14598,5781,-5804,-1476296,-21445783,10087,31176
3741,7893,-14357,5785,-5800,-943028,-21452438,9126,31470
3742,8340,-14102,5789,-5796,-368580,-21458872,8157,31736
3743,8779,-13833,5793,-5791,196562,-21465872,6983,32014
3744,9209,-13550,5762,-5822,-3899160,-21472818,5998,32213
3745,9630,-13255,5766,-5818,-3328151,-21422218,5007,32382
3746,10042,-12946,5770,-5814,-2799555,-21428859,4011,32521
3747,10443,-12624,5775,-5810,-2236116,-21435037,3012,32628
3748,10835,-12289,5779,-5806,-1683864,-21441702,2009,32705
3749,11215,-11943,5783,-5801,-1096954,-21448289,1005,32752
3750,11585,-11585,5787,-5797,-569666,-21455364,0,32767
3751,11943,-11215,5792,-5793,0,-21461764,-804,32757
3752,12289,-10835,5831,-5753,5228064,-21468745,-2009,32705
3753,12624,-10443,5800,-5784,1096954,-21533362,-3012,32628
3754,12946,-10042,5805,-5780,1683864,-21482862,-4011,32521
3755,13255,-9630,5809,-5776,2236116,-21490234,-5007,32382
3756,13550,-9209,5813,-5771,2799555,-21497240,-5998,32213
3757,13833,-8779,5817,-5767,3328151,-21504443,-6983,32014
3758,14102,-8340,5821,-5763,3899160,-21511276,-7962,31785
3759,14357,-7893,5826,-5759,4461966,-21518689,-8933,31526
3760,14598,-7438,5830,-5754,5024814,-21526062,-10087,31176
3761,14824,-6976,5799,-5786,943028,-21533496,-11039,30852
3762,15036,-6507,5803,-5782,1476296,-21483584,-11980,30498
3763,15233,-6031,5807,-5777,2032302,-21490276,-12910,30117
3764,15415,-5550,5812,-5773,2618394,-21497306,-13828,29706
3765,15582,-5063,5816,-5769,3145670,-21504767,-14732,29268
3766,15733,-4571,5820,-5764,3727952,-21511564,-15623,28803
3767,15869,-4074,5824,-5760,4289694,-21519097,-16499,28310
3768,15989,-3574,5829,-5755,4876893,-21526439,-17530,27683
3769,16093,-3070,5797,-5787,745055,-21534155,-18371,27133
3770,16182,-2563,5802,-5783,1309586,-21483608,-19195,26556
3771,16254,-2053,5806,-5779,1855889,-21490665,-20000,25955
3772,16311,-1542,5810,-5774,2446955,-21497557,-20787,25329
3773,16351,-1029,5814,-5770,2973690,-21505061,-21554,24680
3774,16375,-515,5819,-5766,3538440,-21511833,-22301,24007
3775,16384,0,5823,-5761,4087130,-21519131,-23027,23311
3776,16375,515,5827,-5757,4653056,-21526291,-23870,22448
3777,16351,1029,5796,-5788,568520,-21533723,-24547,21705
3778,16311,1542,5800,-5784,1123766,-21483737,-25201,20942
3779,16254,2053,5805,-5780,1683957,-21490661,-25832,20159
3780,16182,2563,5808,-5776,2210581,-21497705,-26438,19357
3781,16093,3070,5813,-5771,2787843,-21504394,-27019,18537
3782,15989,3574,5817,-5767,3356094,-21511765,-27575,17700
3783,15869,4074,5822,-5763,3921475,-21519087,-28208,16673
3784,15733,4571,5790,-5794,-203721,-21526434,-28706,15800
3785,15582,5063,5795,-5790,386828,-21475868,-29177,14912
3786,15415,5550,5799,-5786,945377,-21483146,-29621,14010
3787,15233,6031,5803,-5781,1508485,-21490091,-30037,13094
3788,15036,6507,5807,-5777,2030342,-21497152,-30424,12167
3789,14824,6976,5812,-5773,2627385,-21503764,-30783,11228
3790,14598,7438,5816,-5768,3185416,-21511361,-31113,10278
3791,14357,7893,5820,-5764,3716928,-21518539,-31470,9126
3792,14102,8340,5789,-5796,-368580,-21525449,-31736,8157
3793,13833,8779,5793,-5791,196562,-21475351,-31971,7179
3794,13550,9209,5798,-5787,750114,-21482297,-32176,6195
3795,13255,9630,5802,-5783,1315989,-21489160,-32351,5205
3796,12946,10042,5806,-5779,1844050,-21496235,-32495,4210
3797,12624,10443,5810,-5774,2414000,-21502903,-32609,3212
3798,12289,10835,5814,-5770,2970975,-21510145,-32692,2210
3799,11943,11215,5819,-5765,3569872,-21517287,-32752,1005
3800,11585,11585,5787,-5797,-569666,-21525007,-32766,-201
3801,11215,11943,5756,-5828,-4657170,-21474226,-32745,-1206
3802,10835,12289,5760,-5824,-4090188,-21423646,-32692,-2210
3803,10443,12624,5764,-5820,-3569872,-21430157,-32609,-3212
3804,10042,12946,5769,-5815,-2970975,-21436152,-32495,-4210
3805,9630,13255,5773,-5811,-2414000,-21443173,-32351,-5205
3806,9209,13550,5778,-5807,-1844050,-21449740,-32176,-6195
3807,8779,13833,5782,-5803,-1315989,-21456527,-31971,-7179
3808,8340,14102,5786,-5799,-750114,-21462857,-31685,-8351
3809,7893,14357,5755,-5830,-4844172,-21469711,-31414,-9319
3810,7438,14598,5759,-5825,-4287654,-21419030,-31113,-10278
3811,6976,14824,5763,-5821,-3716928,-21425391,-30783,-11228
3812,6507,15036,5767,-5817,-3185416,-21431987,-30424,-12167
3813,6031,15233,5772,-5813,-2627385,-21438160,-30037,-13094
3814,5550,15415,5776,-5808,-2030342,-21444717,-29621,-14010
3815,5063,15582,5780,-5804,-1508485,-21451816,-29177,-14912
3816,4571,15733,5785,-5800,-945377,-21458050,-28706,-15800
3817,4074,15869,5789,-5796,-386828,-21464849,-28105,-16846
3818,3574,15989,5758,-5827,-4461303,-21471652,-27575,-17700
3819,3070,16093,5762,-5823,-3921475,-21421252,-27019,-18537
3820,2563,16182,5766,-5818,-3356094,-21427448,-26438,-19357
3821,2053,16254,5770,-5814,-2787843,-21434018,-25832,-20159
3822,1542,16311,5775,-5809,-2210581,-21440683,-25201,-20942
3823,1029,16351,5779,-5806,-1683957,-21447520,-24547,-21705
3824,515,16375,5783,-5801,-1123766,-21453793,-23870,-22448
3825,0,16384,5787,-5797,-568520,-21460537,-23027,-23311
3826,-515,16375,5756,-5828,-4653056,-21467280,-22301,-24007
3827,-1029,16351,5760,-5824,-4087130,-21416736,-21554,-24680
3828,-1542,16311,5765,-5820,-3538440,-21423234,-20787,-25329
3829,-2053,16254,5769,-5815,-2973690,-21429580,-20000,-25955
3830,-2563,16182,5773,-5811,-2446955,-21436183,-19195,-26556
3831,-3070,16093,5778,-5807,-1855889,-21442376,-18371,-27133
3832,-3574,15989,5782,-5803,-1309586,-21449420,-17530,-27683
3833,-4074,15869,5786,-5798,-745055,-21455974,-16673,-28208
3834,-4571,15733,5790,-5794,-203721,-21462812,-15623,-28803
3835,-5063,15582,5759,-5825,-4289694,-21469424,-14732,-29268
3836,-5550,15415,5763,-5821,-3727952,-21418902,-13828,-29706
3837,-6031,15233,5768,-5817,-3145670,-21425387,-12910,-30117
3838,-6507,15036,5772,-5813,-2618394,-21432186,-11980,-30498
3839,-6976,14824,5776,-5808,-2032302,-21438367,-11039,-30852
3840,-7438,14598,5781,-5804,-1476296,-21445332,-10087,-31176
3841,-7893,14357,5785,-5800,-943028,-21451987,-9126,-31470
3842,-8340,14102,5789,-5796,-368580,-21458421,-8157,-31736
3843,-8779,13833,5793,-5791,196562,-21465421,-6983,-32014
3844,-9209,13550,5762,-5822,-3899160,-21472367,-5998,-32213
3845,-9630,13255,5766,-5818,-3328151,-21421767,-5007,-32382
3846,-10042,12946,5770,-5814,-2799555,-21428408,-4011,-32521
3847,-10443,12624,5775,-5810,-2236116,-21434586,-3012,-32628
3848,-10835,12289,5779,-5806,-1683864,-21441251,-2009,-32705
3849,-11215,11943,5783,-5801,-1096954,-21447838,-1005,-32752
3850,-11585,11585,5787,-5797,-569666,-21454913,0,-32767
3851,-11943,11215,5792,-5793,0,-21461313,804,-32757
3852,-12289,10835,5831,-5753,5228064,-21468294,2009,-32705
3853,-12624,10443,5800,-5784,1096954,-21532911,3012,-32628
3854,-12946,10042,5805,-5780,1683864,-21482411,4011,-32521
3855,-13255,9630,5809,-5776,2236116,-21489783,5007,-32382
3856,-13550,9209,5813,-5771,2799555,-21496789,5998,-32213
3857,-13833,8779,5817,-5767,3328151,-21503992,6983,-32014
3858,-14102,8340,5821,-5763,3899160,-21510825,7962,-31785
3859,-14357,7893,5826,-5759,4461966,-21518238,8933,-31526
3860,-14598,7438,5830,-5754,5024814,-21525611,10087,-31176
3861,-14824,6976,5799,-5786,943028,-21533045,11039,-30852
3862,-15036,6507,5803,-5782,1476296,-21483133,11980,-30498
3863,-15233,6031,5807,-5777,2032302,-21489825,12910,-30117
3864,-15415,5550,5812,-5773,2618394,-21496855,13828,-29706
3865,-15582,5063,5816,-5769,3145670,-21504316,14732,-29268
3866,-15733,4571,5820,-5764,3727952,-21511113,15623,-28803
3867,-15869,4074,5824,-5760,4289694,-21518646,16499,-28310
3868,-15989,3574,5829,-5755,4876893,-21525988,17530,-27683
3869,-16093,3070,5797,-5787,745055,-21533704,18371,-27133
3870,-16182,2563,5802,-5783,1309586,-21483157,19195,-26556
3871,-16254,2053,5806,-5779,1855889,-21490214,20000,-25955
3872,-16311,1542,5810,-5774,2446955,-21497106,20787,-25329
3873,-16351,1029,5814,-5770,2973690,-21504610,21554,-24680
3874,-16375,515,5819,-5766,3538440,-21511382,22301,-24007
3875,-16384,0,5823,-5761,4087130,-21518680,23027,-23311
3876,-16375,-515,5827,-5757,4653056,-21525840,23870,-22448
3877,-16351,-1029,5796,-5788,568520,-21533272,24547,-21705
3878,-16311,-1542,5800,-5784,1123766,-21483286,25201,-20942
3879,-16254,-2053,5805,-5780,1683957,-21490210,25832,-20159
3880,-16182,-2563,5808,-5776,2210581,-21497254,26438,-19357
3881,-16093,-3070,5813,-5771,2787843,-21503943,27019,-18537
3882,-15989,-3574,5817,-5767,3356094,-21511314,27575,-17700
3883,-15869,-4074,5822,-5763,3921475,-21518636,28105,-16846
3884,-15733,-4571,5826,-5759,4461303,-21525983,28706,-15800
3885,-15582,-5063,5795,-5790,386828,-21533074,29177,-14912
3886,-15415,-5550,5799,-5786,945377,-21483192,29621,-14010
3887,-15233,-6031,5803,-5781,1508485,-21490137,30037,-13094
3888,-15036,-6507,5807,-5777,2030342,-21497198,30424,-12167
3889,-14824,-6976,5812,-5773,2627385,-21503810,30783,-11228
3890,-14598,-7438,5816,-5768,3185416,-21511407,31113,-10278
3891,-14357,-7893,5820,-5764,3716928,-21518585,31470,-9126
3892,-14102,-8340,5789,-5796,-368580,-21525495,31736,-8157
3893,-13833,-8779,5793,-5791,196562,-21475397,31971,-7179
3894,-13550,-9209,5798,-5787,750114,-21482343,32176,-6195
3895,-13255,-9630,5802,-5783,1315989,-21489206,32351,-5205
3896,-12946,-10042,5806,-5779,1844050,-21496281,32495,-4210
3897,-12624,-10443,5810,-5774,2414000,-21502949,32609,-3212
3898,-12289,-10835,5814,-5770,2970975,-21510191,32692,-2210
3899,-11943,-11215,5819,-5765,3569872,-21517333,32752,-1005
3900,-11585,-11585,5787,-5797,-569666,-21525053,32766,201
3901,-11215,-11943,5756,-5828,-4657170,-21474272,32745,1206
3902,-10835,-12289,5760,-5824,-4090188,-21423692,32692,2210
3903,-10443,-12624,5764,-5820,-3569872,-21430203,32609,3212
3904,-10042,-12946,5769,-5815,-2970975,-21436198,32495,4210
3905,-9630,-13255,5773,-5811,-2414000,-21443219,32351,5205
3906,-9209,-13550,5778,-5807,-1844050,-21449786,32176,6195
3907,-8779,-13833,5782,-5803,-1315989,-21456573,31971,7179
3908,-8340,-14102,5786,-5799,-750114,-21462903,31685,8351
3909,-7893,-14357,5755,-5830,-4844172,-21469757,31414,9319
3910,-7438,-14598,5759,-5825,-4287654,-21419076,31113,10278
3911,-6976,-14824,5763,-5821,-3716928,-21425437,30783,11228
3912,-6507,-15036,5767,-5817,-3185416,-21432033,30424,12167
3913,-6031,-15233,5772,-5813,-2627385,-21438206,30037,13094
3914,-5550,-15415,5776,-5808,-2030342,-21444763,29621,14010
3915,-5063,-15582,5780,-5804,-1508485,-21451862,29177,14912
3916,-4571,-15733,5785,-5800,-945377,-21458096,28706,15800
3917,-4074,-15869,5789,-5796,-386828,-21464895,28105,16846
3918,-3574,-15989,5758,-5827,-4461303,-21471698,27575,17700
3919,-3070,-16093,5762,-5823,-3921475,-21421298,27019,18537
3920,-2563,-16182,5766,-5818,-3356094,-21427494,26438,19357
3921,-2053,-16254,5770,-5814,-2787843,-21434064,25832,20159
3922,-1542,-16311,5775,-5809,-2210581,-21440729,25201,20942
3923,-1029,-16351,5779,-5806,-1683957,-21447566,24547,21705
3924,-515,-16375,5783,-5801,-1123766,-21453839,23870,22448
3925,0,-16384,5787,-5797,-568520,-21460583,23027,23311
3926,515,-16375,5756,-5828,-4653056,-21467326,22301,24007
3927,1029,-16351,5760,-5824,-4087130,-21416782,21554,24680
3928,1542,-16311,5765,-5820,-3538440,-21423280,20787,25329
3929,2053,-16254,5769,-5815,-2973690,-21429626,20000,25955
3930,2563,-16182,5773,-5811,-2446955,-21436229,19195,26556
3931,3070,-16093,5778,-5807,-1855889,-21442422,18371,27133
3932,3574,-15989,5782,-5803,-1309586,-21449466,17530,27683
3933,4074,-15869,5786,-5798,-745055,-21456020,16673,28208
3934,4571,-15733,5790,-5794,-203721,-21462858,15623,28803
3935,5063,-15582,5759,-5825,-4289694,-21469470,14732,29268
3936,5550,-15415,5763,-5821,-3727952,-21418948,13828,29706
3937,6031,-15233,5768,-5817,-3145670,-21425433,12910,30117
3938,6507,-15036,5772,-5813,-2618394,-21432232,11980,30498
3939,6976,-14824,5776,-5808,-2032302,-21438413,11039,30852
3940,7438,-14598,5781,-5804,-1476296,-21445378,10087,31176
3941,7893,-14357,5785,-5800,-943028,-21452033,9126,31470
3942,8340,-14102,5789,-5796,-368580,-21458467,8157,31736
3943,8779,-13833,5793,-5791,196562,-21465467,6983,32014
3944,9209,-13550,5762,-5822,-3899160,-21472413,5998,32213
3945,9630,-13255,5766,-5818,-3328151,-21421813,5007,32382
3946,10042,-12946,5770,-5814,-2799555,-21428454,4011,32521
3947,10443,-12624,5775,-5810,-2236116,-21434632,3012,32628
3948,10835,-12289,5779,-5806,-1683864,-21441297,2009,32705
3949,11215,-11943,5783,-5801,-1096954,-21447884,1005,32752
3950,11585,-11585,5787,-5797,-569666,-21454959,0,32767
3951,11943,-11215,5792,-5793,0,-21461359,-804,32757
3952,12289,-10835,5831,-5753,5228064,-21468340,-2009,32705
3953,12624,-10443,5800,-5784,1096954,-21532957,-3012,32628
3954,12946,-10042,5805,-5780,1683864,-21482457,-4011,32521
3955,13255,-9630,5809,-5776,2236116,-21489829,-5007,32382
3956,13550,-9209,5813,-5771,2799555,-21496835,-5998,32213
3957,13833,-8779,5817,-5767,3328151,-21504038,-6983,32014
3958,14102,-8340,5821,-5763,3899160,-21510871,-7962,31785
3959,14357,-7893,5826,-5759,4461966,-21518284,-8933,31526
3960,14598,-7438,5830,-5754,5024814,-21525657,-10087,31176
3961,14824,-6976,5799,-5786,943028,-21533091,-11039,30852
3962,15036,-6507,5803,-5782,1476296,-21483179,-11980,30498
3963,15233,-6031,5807,-5777,2032302,-21489871,-12910,30117
3964,15415,-5550,5812,-5773,2618394,-21496901,-13828,29706
3965,15582,-5063,5816,-5769,3145670,-21504362,-14732,29268
3966,15733,-4571,5820,-5764,3727952,-21511159,-15623,28803
3967,15869,-4074,5824,-5760,4289694,-21518692,-16499,28310
3968,15989,-3574,5829,-5755,4876893,-21526034,-17530,27683
3969,16093,-3070,5797,-5787,745055,-21533750,-18371,27133
3970,16182,-2563,5802,-5783,1309586,-21483203,-19195,26556
3971,16254,-2053,5806,-5779,1855889,-21490260,-20000,25955
3972,16311,-1542,5810,-5774,2446955,-21497152,-20787,25329
3973,16351,-1029,5814,-5770,2973690,-21504656,-21554,24680
3974,16375,-515,5819,-5766,3538440,-21511428,-22301,24007
3975,16384,0,5823,-5761,4087130,-21518726,-23027,23311
3976,16375,515,5827,-5757,4653056,-21525886,-23870,22448
3977,16351,1029,5796,-5788,568520,-21533318,-24547,21705
3978,16311,1542,5800,-5784,1123766,-21483332,-25201,20942
3979,16254,2053,5805,-5780,1683957,-21490256,-25832,20159
3980,16182,2563,5808,-5776,2210581,-21497300,-26438,19357
3981,16093,3070,5813,-5771,2787843,-21503989,-27019,18537
3982,15989,3574,5817,-5767,3356094,-21511360,-27575,17700
3983,15869,4074,5822,-5763,3921475,-21518682,-28105,16846
3984,15733,4571,5826,-5759,4461303,-21526029,-28706,15800
3985,15582,5063,5795,-5790,386828,-21533120,-29177,14912
3986,15415,5550,5799,-5786,945377,-21483238,-29621,14010
3987,15233,6031,5803,-5781,1508485,-21490183,-30037,13094
3988,15036,6507,5807,-5777,2030342,-21497244,-30424,12167
3989,14824,6976,5812,-5773,2627385,-21503856,-30783,11228
3990,14598,7438,5816,-5768,3185416,-21511453,-31113,10278
3991,14357,7893,5820,-5764,3716928,-21518631,-31470,9126
3992,14102,8340,5789,-5796,-368580,-21525541,-31736,8157
3993,13833,8779,5793,-5791,196562,-21475443,-31971,7179
3994,13550,9209,5798,-5787,750114,-21482389,-32176,6195
3995,13255,9630,5802,-5783,1315989,-21489252,-32351,5205
3996,12946,10042,5806,-5779,1844050,-21496327,-32495,4210
3997,12624,10443,5810,-5774,2414000,-21502995,-32609,3212
3998,12289,10835,5814,-5770,2970975,-21510237,-32692,2210
3999,11943,11215,5819,-5765,3569872,-21517379,-32752,1005
4000,11585,11585,5787,-5797,-569666,-21525099,-32766,-201
4001,11215,11943,5756,-5828,-4657170,-21474318,-32745,-1206
4002,10835,12289,5760,-5824,-4090188,-21423738,-32692,-2210
4003,10443,12624,5764,-5820,-3569872,-21430249,-32609,-3212
4004,10042,12946,5769,-5815,-2970975,-21436244,-32495,-4210
4005,9630,13255,5773,-5811,-2414000,-21443265,-32351,-5205
4006,9209,13550,5778,-5807,-1844050,-21449832,-32176,-6195
4007,8779,13833,5782,-5803,-1315989,-21456619,-31971,-7179
4008,8340,14102,5786,-5799,-750114,-21462949,-31685,-8351
4009,7893,14357,5755,-5830,-4844172,-21469803,-31414,-9319
4010,7438,14598,5759,-5825,-4287654,-21419122,-31113,-10278
4011,6976,14824,5763,-5821,-3716928,-21425483,-30783,-11228
4012,6507,15036,5767,-5817,-3185416,-21432079,-30424,-12167
4013,6031,15233,5772,-5813,-2627385,-21438252,-30037,-13094
4014,5550,15415,5776,-5808,-2030342,-21444809,-29621,-14010
4015,5063,15582,5780,-5804,-1508485,-21451908,-29177,-14912
4016,4571,15733,5785,-5800,-945377,-21458142,-28706,-15800
4017,4074,15869,5789,-5796,-386828,-21464941,-28105,-16846
4018,3574,15989,5758,-5827,-4461303,-21471744,-27575,-17700
4019,3070,16093,5762,-5823,-3921475,-21421344,-27019,-18537
4020,2563,16182,5766,-5818,-3356094,-21427540,-26438,-19357
4021,2053,16254,5770,-5814,-2787843,-21434110,-25832,-20159
4022,1542,16311,5775,-5809,-2210581,-21440775,-25201,-20942
4023,1029,16351,5779,-5806,-1683957,-21447612,-24547,-21705
4024,515,16375,5783,-5801,-1123766,-21453885,-23870,-22448
4025,0,16384,5787,-5797,-568520,-21460629,-23027,-23311
4026,-515,16375,5756,-5828,-4653056,-21467372,-22301,-24007
4027,-1029,16351,5760,-5824,-4087130,-21416828,-21554,-24680
4028,-1542,16311,5765,-5820,-3538440,-21423326,-20787,-25329
4029,-2053,16254,5769,-5815,-2973690,-21429672,-20000,-25955
4030,-2563,16182,5773,-5811,-2446955,-21436275,-19195,-26556
4031,-3070,16093,5778,-5807,-1855889,-21442468,-18371,-27133
4032,-3574,15989,5782,-5803,-1309586,-21449512,-17530,-27683
4033,-4074,15869,5786,-5798,-745055,-21456066,-16673,-28208
4034,-4571,15733,5790,-5794,-203721,-21462904,-15623,-28803
4035,-5063,15582,5759,-5825,-4289694,-21469516,-14732,-29268
4036,-5550,15415,5763,-5821,-3727952,-21418994,-13828,-29706
4037,-6031,15233,5768,-5817,-3145670,-21425479,-12910,-30117
4038,-6507,15036,5772,-5813,-2618394,-21432278,-11980,-30498
4039,-6976,14824,5776,-5808,-2032302,-21438459,-11039,-30852
4040,-7438,14598,5781,-5804,-1476296,-21445424,-10087,-31176
4041,-7893,14357,5785,-5800,-943028,-21452079,-9126,-31470
4042,-8340,14102,5789,-5796,-368580,-21458513,-8157,-31736
4043,-8779,13833,5793,-5791,196562,-21465513,-6983,-32014
4044,-9209,13550,5762,-5822,-3899160,-21472459,-5998,-32213
4045,-9630,13255,5766,-5818,-3328151,-21421859,-5007,-32382
4046,-10042,12946,5770,-5814,-2799555,-21428500,-4011,-32521
4047,-10443,12624,5775,-5810,-2236116,-21434678,-3012,-32628
4048,-10835,12289,5779,-5806,-1683864,-21441343,-2009,-32705
4049,-11215,11943,5783,-5801,-1096954,-21447930,-1005,-32752
4050,-11585,11585,5787,-5797,-569666,-21455005,0,-32767
4051,-11943,11215,5792,-5793,0,-21461405,804,-32757
4052,-12289,10835,5831,-5753,5228064,-21468386,2009,-32705
4053,-12624,10443,5800,-5784,1096954,-21533003,3012,-32628
4054,-12946,10042,5805,-5780,1683864,-21482503,4011,-32521
4055,-13255,9630,5809,-5776,2236116,-21489875,5007,-32382
4056,-13550,9209,5813,-5771,2799555,-21496881,5998,-32213
4057,-13833,8779,5817,-5767,3328151,-21504084,6983,-32014
4058,-14102,8340,5821,-5763,3899160,-21510917,7962,-31785
4059,-14357,7893,5826,-5759,4461966,-21518330,8933,-31526
4060,-14598,7438,5830,-5754,5024814,-21525703,10087,-31176
4061,-14824,6976,5799,-5786,943028,-21533137,11039,-30852
4062,-15036,6507,5803,-5782,1476296,-21483225,11980,-30498
4063,-15233,6031,5807,-5777,2032302,-21489917,12910,-30117
4064,-15415,5550,5812,-5773,2618394,-21496947,13828,-29706
4065,-15582,5063,5816,-5769,3145670,-21504408,14732,-29268
4066,-15733,4571,5820,-5764,3727952,-21511205,15623,-28803
4067,-15869,4074,5824,-5760,4289694,-21518738,16499,-28310
4068,-15989,3574,5829,-5755,4876893,-21526080,17530,-27683
4069,-16093,3070,5797,-5787,745055,-21533796,18371,-27133
4070,-16182,2563,5802,-5783,1309586,-21483249,19195,-26556
4071,-16254,2053,5806,-5779,1855889,-21490306,20000,-25955
4072,-16311,1542,5810,-5774,2446955,-21497198,20787,-25329
4073,-16351,1029,5814,-5770,2973690,-21504702,21554,-24680
4074,-16375,515,5819,-5766,3538440,-21511474,22301,-24007
4075,-16384,0,5823,-5761,4087130,-21518772,23027,-23311
4076,-16375,-515,5827,-5757,4653056,-21525932,23870,-22448
4077,-16351,-1029,5796,-5788,568520,-21533364,24547,-21705
4078,-16311,-1542,5800,-5784,1123766,-21483378,25201,-20942
4079,-16254,-2053,5805,-5780,1683957,-21490302,25832,-20159
4080,-16182,-2563,5808,-5776,2210581,-21497346,26438,-19357
4081,-16093,-3070,5813,-5771,2787843,-21504035,27019,-18537
4082,-15989,-3574,5817,-5767,3356094,-21511406,27575,-17700
4083,-15869,-4074,5822,-5763,3921475,-21518728,28105,-16846
4084,-15733,-4571,5826,-5759,4461303,-21526075,28706,-15800
4085,-15582,-5063,5795,-5790,386828,-21533166,29177,-14912
4086,-15415,-5550,5799,-5786,945377,-21483284,29621,-14010
4087,-15233,-6031,5803,-5781,1508485,-21490229,30037,-13094
4088,-15036,-6507,5807,-5777,2030342,-21497290,30424,-12167
4089,-14824,-6976,5812,-5773,2627385,-21503902,30783,-11228
4090,-14598,-7438,5816,-5768,3185416,-21511499,31113,-10278
4091,-14357,-7893,5820,-5764,3716928,-21518677,31470,-9126
4092,-14102,-8340,5789,-5796,-368580,-21525587,31736,-8157
4093,-13833,-8779,5793,-5791,196562,-21475489,31971,-7179
4094,-13550,-9209,5798,-5787,750114,-21482435,32176,-6195
4095,-13255,-9630,5802,-5783,1315989,-21489298,32351,-5205
4096,-12946,-10042,5806,-5779,1844050,-21496373,32495,-4210
4097,-12624,-10443,5810,-5774,2414000,-21503041,32609,-3212
4098,-12289,-10835,5814,-5770,2970975,-21510283,32692,-2210
4099,-11943,-11215,5819,-5765,3569872,-21517425,32752,-1005
4100,-11585,-11585,5787,-5797,-569666,-21525145,32766,201
4101,-11215,-11943,5756,-5828,-4657170,-21474364,32745,1206
4102,-10835,-12289,5760,-5824,-4090188,-21423784,32692,2210
4103,-10443,-12624,5764,-5820,-3569872,-21430295,32609,3212
4104,-10042,-12946,5769,-5815,-2970975,-21436290,32495,4210
4105,-9630,-13255,5773,-5811,-2414000,-21443311,32351,5205
4106,-9209,-13550,5778,-5807,-1844050,-21449878,32176,6195
4107,-8779,-13833,5782,-5803,-1315989,-21456665,31971,7179
4108,-8340,-14102,5786,-5799,-750114,-21462995,31685,8351
4109,-7893,-14357,5755,-5830,-4844172,-21469849,31414,9319
4110,-7438,-14598,5759,-5825,-4287654,-21419168,31113,10278
4111,-6976,-14824,5763,-5821,-3716928,-21425529,30783,11228
4112,-6507,-15036,5767,-5817,-3185416,-21432125,30424,12167
4113,-6031,-15233,5772,-5813,-2627385,-21438298,30037,13094
4114,-5550,-15415,5776,-5808,-2030342,-21444855,29621,14010
4115,-5063,-15582,5780,-5804,-1508485,-21451954,29177,14912
4116,-4571,-15733,5785,-5800,-945377,-21458188,28706,15800
4117,-4074,-15869,5789,-5796,-386828,-21464987,28105,16846
4118,-3574,-15989,5758,-5827,-4461303,-21471790,27575,17700
4119,-3070,-16093,5762,-5823,-3921475,-21421390,27019,18537
4120,-2563,-16182,5766,-5818,-3356094,-21427586,26438,19357
4121,-2053,-16254,5770,-5814,-2787843,-21434156,25832,20159
4122,-1542,-16311,5775,-5809,-2210581,-21440821,25201,20942
4123,-1029,-16351,5779,-5806,-1683957,-21447658,24547,21705
4124,-515,-16375,5783,-5801,-1123766,-21453931,23870,22448
4125,0,-16384,5787,-5797,-568520,-21460675,23027,23311
4126,515,-16375,5756,-5828,-4653056,-21467418,22301,24007
4127,1029,-16351,5760,-5824,-4087130,-21416874,21554,24680
4128,1542,-16311,5765,-5820,-3538440,-21423372,20787,25329
4129,2053,-16254,5769,-5815,-2973690,-21429718,20000,25955
4130,2563,-16182,5773,-5811,-2446955,-21436321,19195,26556
4131,3070,-16093,5778,-5807,-1855889,-21442514,18371,27133
4132,3574,-15989,5782,-5803,-1309586,-21449558,17530,27683
4133,4074,-15869,5786,-5798,-745055,-21456112,16673,28208
4134,4571,-15733,5790,-5794,-203721,-21462950,15623,28803
4135,5063,-15582,5759,-5825,-4289694,-21469562,14732,29268
4136,5550,-15415,5763,-5821,-3727952,-21419040,13828,29706
4137,6031,-15233,5768,-5817,-3145670,-21425525,12910,30117
4138,6507,-15036,5772,-5813,-2618394,-21432324,11980,30498
4139,6976,-14824,5776,-5808,-2032302,-21438505,11039,30852
4140,7438,-14598,5781,-5804,-1476296,-21445470,10087,31176
4141,7893,-14357,5785,-5800,-943028,-21452125,9126,31470
4142,8340,-14102,5789,-5796,-368580,-21458559,8157,31736
4143,8779,-13833,5793,-5791,196562,-21465559,6983,32014
4144,9209,-13550,5762,-5822,-3899160,-21472505,5998,32213
4145,9630,-13255,5766,-5818,-3328151,-21421905,5007,32382
4146,10042,-12946,5770,-5814,-2799555,-21428546,4011,32521
4147,10443,-12624,5775,-5810,-2236116,-21434724,3012,32628
4148,10835,-12289,5779,-5806,-1683864,-21441389,2009,32705
4149,11215,-11943,5783,-5801,-1096954,-21447976,1005,32752
4150,11585,-11585,5787,-5797,-569666,-21455051,0,32767
4151,11943,-11215,5792,-5793,0,-21461451,-804,32757
4152,12289,-10835,5831,-5753,5228064,-21468432,-2009,32705
4153,12624,-10443,5800,-5784,1096954,-21533049,-3012,32628
4154,12946,-10042,5805,-5780,1683864,-21482549,-4011,32521
4155,13255,-9630,5809,-5776,2236116,-21489921,-5007,32382
4156,13550,-9209,5813,-5771,2799555,-21496927,-5998,32213
4157,13833,-8779,5817,-5767,3328151,-21504130,-6983,32014
4158,14102,-8340,5821,-5763,3899160,-21510963,-7962,31785
4159,14357,-7893,5826,-5759,4461966,-21518376,-8933,31526
4160,14598,-7438,5830,-5754,5024814,-21525749,-10087,31176
4161,14824,-6976,5799,-5786,943028,-21533183,-11039,30852
4162,15036,-6507,5803,-5782,1476296,-21483271,-11980,30498
4163,15233,-6031,5807,-5777,2032302,-21489963,-12910,30117
4164,15415,-5550,5812,-5773,2618394,-21496993,-13828,29706
4165,15582,-5063,5816,-5769,3145670,-21504454,-14732,29268
4166,15733,-4571,5820,-5764,3727952,-21511251,-15623,28803
4167,15869,-4074,5824,-5760,4289694,-21518784,-16499,28310
4168,15989,-3574,5829,-5755,4876893,-21526126,-17530,27683
4169,16093,-3070,5797,-5787,745055,-21533842,-18371,27133
4170,16182,-2563,5802,-5783,1309586,-21483295,-19195,26556
4171,16254,-2053,5806,-5779,1855889,-21490352,-20000,25955
4172,16311,-1542,5810,-5774,2446955,-21497244,-20787,25329
4173,16351,-1029,5814,-5770,2973690,-21504748,-21554,24680
4174,16375,-515,5819,-5766,3538440,-21511520,-22301,24007
4175,16384,0,5823,-5761,4087130,-21518818,-23027,23311
4176,16375,515,5827,-5757,4653056,-21525978,-23870,22448
4177,16351,1029,5796,-5788,568520,-21533410,-24547,21705
4178,16311,1542,5800,-5784,1123766,-21483424,-25201,20942
4179,16254,2053,5805,-5780,1683957,-21490348,-25832,20159
4180,16182,2563,5808,-5776,2210581,-21497392,-26438,19357
4181,16093,3070,5813,-5771,2787843,-21504081,-27019,18537
4182,15989,3574,5817,-5767,3356094,-21511452,-27575,17700
4183,15869,4074,5822,-5763,3921475,-21518774,-28105,16846
4184,15733,4571,5826,-5759,4461303,-21526121,-28706,15800
4185,15582,5063,5795,-5790,386828,-21533212,-29177,14912
4186,15415,5550,5799,-5786,945377,-21483330,-29621,14010
4187,15233,6031,5803,-5781,1508485,-21490275,-30037,13094
4188,15036,6507,5807,-5777,2030342,-21497336,-30424,12167
4189,14824,6976,5812,-5773,2627385,-21503948,-30783,11228
4190,14598,7438,5816,-5768,3185416,-21511545,-31113,10278
4191,14357,7893,5820,-5764,3716928,-21518723,-31470,9126
4192,14102,8340,5789,-5796,-368580,-21525633,-31736,8157
4193,13833,8779,5793,-5791,196562,-21475535,-31971,7179
4194,13550,9209,5798,-5787,750114,-21482481,-32176,6195
4195,13255,9630,5802,-5783,1315989,-21489344,-32351,5205
4196,12946,10042,5806,-5779,1844050,-21496419,-32495,4210
4197,12624,10443,5810,-5774,2414000,-21503087,-32609,3212
4198,12289,10835,5814,-5770,2970975,-21510329,-32692,2210
4199,11943,11215,5819,-5765,3569872,-21517471,-32752,1005
4200,11585,11585,5787,-5797,-569666,-21525191,-32766,-201
4201,11215,11943,5756,-5828,-4657170,-21474410,-32745,-1206
4202,10835,12289,5760,-5824,-4090188,-21423830,-32692,-2210
4203,10443,12624,5764,-5820,-3569872,-21430341,-32609,-3212
4204,10042,12946,5769,-5815,-2970975,-21436336,-32495,-4210
4205,9630,13255,5773,-5811,-2414000,-21443357,-32351,-5205
4206,9209,13550,5778,-5807,-1844050,-21449924,-32176,-6195
4207,8779,13833,5782,-5803,-1315989,-21456711,-31971,-7179
4208,8340,14102,5786,-5799,-750114,-21463041,-31685,-8351
4209,7893,14357,5755,-5830,-4844172,-21469895,-31414,-9319
4210,7438,14598,5759,-5825,-4287654,-21419214,-31113,-10278
4211,6976,14824,5763,-5821,-3716928,-21425575,-30783,-11228
4212,6507,15036,5767,-5817,-3185416,-21432171,-30424,-12167
4213,6031,15233,5772,-5813,-2627385,-21438344,-30037,-13094
4214,5550,15415,5776,-5808,-2030342,-21444901,-29621,-14010
4215,5063,15582,5780,-5804,-1508485,-21452000,-29177,-14912
4216,4571,15733,5785,-5800,-945377,-21458234,-28706,-15800
4217,4074,15869,5789,-5796,-386828,-21465033,-28105,-16846
4218,3574,15989,5758,-5827,-4461303,-21471836,-27575,-17700
4219,3070,16093,5762,-5823,-3921475,-21421436,-27019,-18537
4220,2563,16182,5766,-5818,-3356094,-21427632,-26438,-19357
4221,2053,16254,5770,-5814,-2787843,-21434202,-25832,-20159
4222,1542,16311,5775,-5809,-2210581,-21440867,-25201,-20942
4223,1029,16351,5779,-5806,-1683957,-21447704,-24547,-21705
4224,515,16375,5783,-5801,-1123766,-21453977,-23870,-22448
4225,0,16384,5787,-5797,-568520,-21460721,-23027,-23311
4226,-515,16375,5756,-5828,-4653056,-21467464,-22301,-24007
4227,-1029,16351,5760,-5824,-4087130,-21416920,-21554,-24680
4228,-1542,16311,5765,-5820,-3538440,-21423418,-20787,-25329
4229,-2053,16254,5769,-5815,-2973690,-21429764,-20000,-25955
4230,-2563,16182,5773,-5811,-2446955,-21436367,-19195,-26556
4231,-3070,16093,5778,-5807,-1855889,-21442560,-18371,-27133
4232,-3574,15989,5782,-5803,-1309586,-21449604,-17530,-27683
4233,-4074,15869,5786,-5798,-745055,-21456158,-16673,-28208
4234,-4571,15733,5790,-5794,-203721,-21462996,-15623,-28803
4235,-5063,15582,5759,-5825,-4289694,-21469608,-14732,-29268
4236,-5550,15415,5763,-5821,-3727952,-21419086,-13828,-29706
4237,-6031,15233,5768,-5817,-3145670,-21425571,-12910,-30117
4238,-6507,15036,5772,-5813,-2618394,-21432370,-11980,-30498
4239,-6976,14824,5776,-5808,-2032302,-21438551,-11039,-30852
4240,-7438,14598,5781,-5804,-1476296,-21445516,-10087,-31176
4241,-7893,14357,5785,-5800,-943028,-21452171,-9126,-31470
4242,-8340,14102,5789,-5796,-368580,-21458605,-8157,-31736
4243,-8779,13833,5793,-5791,196562,-21465605,-6983,-32014
4244,-9209,13550,5762,-5822,-3899160,-21472551,-5998,-32213
4245,-9630,13255,5766,-5818,-3328151,-21421951,-5007,-32382
4246,-10042,12946,5770,-5814,-2799555,-21428592,-4011,-32521
4247,-10443,12624,5775,-5810,-2236116,-21434770,-3012,-32628
4248,-10835,12289,5779,-5806,-1683864,-21441435,-2009,-32705
4249,-11215,11943,5783,-5801,-1096954,-21448022,-1005,-32752
4250,-11585,11585,5787,-5797,-569666,-21455097,0,-32767
4251,-11943,11215,5792,-5793,0,-21461497,804,-32757
4252,-12289,10835,5831,-5753,5228064,-21468478,2009,-32705
4253,-12624,10443,5800,-5784,1096954,-21533095,3012,-32628
4254,-12946,10042,5805,-5780,1683864,-21482595,4011,-32521
4255,-13255,9630,5809,-5776,2236116,-21489967,5007,-32382
4256,-13550,9209,5813,-5771,2799555,-21496973,5998,-32213
4257,-13833,8779,5817,-5767,3328151,-21504176,6983,-32014
4258,-14102,8340,5821,-5763,3899160,-21511009,7962,-31785
4259,-14357,7893,5826,-5759,4461966,-21518422,8933,-31526
4260,-14598,7438,5830,-5754,5024814,-21525795,10087,-31176
4261,-14824,6976,5799,-5786,943028,-21533229,11039,-30852
4262,-15036,6507,5803,-5782,1476296,-21483317,11980,-30498
4263,-15233,6031,5807,-5777,2032302,-21490009,12910,-30117
4264,-15415,5550,5812,-5773,2618394,-21497039,13828,-29706
4265,-15582,5063,5816,-5769,3145670,-21504500,14732,-29268
4266,-15733,4571,5820,-5764,3727952,-21511297,15623,-28803
4267,-15869,4074,5824,-5760,4289694,-21518830,16499,-28310
4268,-15989,3574,5829,-5755,4876893,-21526172,17530,-27683
4269,-16093,3070,5797,-5787,745055,-21533888,18371,-27133
4270,-16182,2563,5802,-5783,1309586,-21483341,19195,-26556
4271,-16254,2053,5806,-5779,1855889,-21490398,20000,-25955
4272,-16311,1542,5810,-5774,2446955,-21497290,20787,-25329
4273,-16351,1029,5814,-5770,2973690,-21504794,21554,-24680
4274,-16375,515,5819,-5766,3538440,-21511566,22301,-24007
4275,-16384,0,5823,-5761,4087130,-21518864,23027,-23311
4276,-16375,-515,5827,-5757,4653056,-21526024,23870,-22448
4277,-16351,-1029,5796,-5788,568520,-21533456,24547,-21705
4278,-16311,-1542,5800,-5784,1123766,-21483470,25201,-20942
4279,-16254,-2053,5805,-5780,1683957,-21490394,25832,-20159
4280,-16182,-2563,5808,-5776,2210581,-21497438,26438,-19357
4281,-16093,-3070,5813,-5771,2787843,-21504127,27019,-18537
4282,-15989,-3574,5817,-5767,3356094,-21511498,27575,-17700
4283,-15869,-4074,5822,-5763,3921475,-21518820,28105,-16846
4284,-15733,-4571,5826,-5759,4461303,-21526167,28706,-15800
4285,-15582,-5063,5795,-5790,386828,-21533258,29177,-14912
4286,-15415,-5550,5799,-5786,945377,-21483376,29621,-14010
4287,-15233,-6031,5803,-5781,1508485,-21490321,30037,-13094
4288,-15036,-6507,5807,-5777,2030342,-21497382,30424,-12167
4289,-14824,-6976,5812,-5773,2627385,-21503994,30783,-11228
4290,-14598,-7438,5816,-5768,3185416,-21511591,31113,-10278
4291,-14357,-7893,5820,-5764,3716928,-21518769,31470,-9126
4292,-14102,-8340,5789,-5796,-368580,-21525679,31736,-8157
4293,-13833,-8779,5793,-5791,196562,-21475581,31971,-7179
4294,-13550,-9209,5798,-5787,750114,-21482527,32176,-6195
4295,-13255,-9630,5802,-5783,1315989,-21489390,32351,-5205
4296,-12946,-10042,5806,-5779,1844050,-21496465,32495,-4210
4297,-12624,-10443,5810,-5774,2414000,-21503133,32609,-3212
4298,-12289,-10835,5814,-5770,2970975,-21510375,32692,-2210
4299,-11943,-11215,5819,-5765,3569872,-21517517,32752,-1005
4300,-11585,-11585,5787,-5797,-569666,-21525237,32766,201
4301,-11215,-11943,5756,-5828,-4657170,-21474456,32745,1206
4302,-10835,-12289,5760,-5824,-4090188,-21423876,32692,2210
4303,-10443,-12624,5764,-5820,-3569872,-21430387,32609,3212
4304,-10042,-12946,5769,-5815,-2970975,-21436382,32495,4210
4305,-9630,-13255,5773,-5811,-2414000,-21443403,32351,5205
4306,-9209,-13550,5778,-5807,-1844050,-21449970,32176,6195
4307,-8779,-13833,5782,-5803,-1315989,-21456757,31971,7179
4308,-8340,-14102,5786,-5799,-750114,-21463087,31685,8351
4309,-7893,-14357,5755,-5830,-4844172,-21469941,31414,9319
4310,-7438,-14598,5759,-5825,-4287654,-21419260,31113,10278
4311,-6976,-14824,5763,-5821,-3716928,-21425621,30783,11228
4312,-6507,-15036,5767,-5817,-3185416,-21432217,30424,12167
4313,-6031,-15233,5772,-5813,-2627385,-21438390,30037,13094
4314,-5550,-15415,5776,-5808,-2030342,-21444947,29621,14010
4315,-5063,-15582,5780,-5804,-1508485,-21452046,29177,14912
4316,-4571,-15733,5785,-5800,-945377,-21458280,28706,15800
4317,-4074,-15869,5789,-5796,-386828,-21465079,28105,16846
4318,-3574,-15989,5758,-5827,-4461303,-21471882,27575,17700
4319,-3070,-16093,5762,-5823,-3921475,-21421482,27019,18537
4320,-2563,-16182,5766,-5818,-3356094,-21427678,26438,19357
4321,-2053,-16254,5770,-5814,-2787843,-21434248,25832,20159
4322,-1542,-16311,5775,-5809,-2210581,-21440913,25201,20942
4323,-1029,-16351,5779,-5806,-1683957,-21447750,24547,21705
4324,-515,-16375,5783,-5801,-1123766,-21454023,23870,22448
4325,0,-16384,5787,-5797,-568520,-21460767,23027,23311
4326,515,-16375,5756,-5828,-4653056,-21467510,22301,24007
4327,1029,-16351,5760,-5824,-4087130,-21416966,21554,24680
4328,1542,-16311,5765,-5820,-3538440,-21423464,20787,25329
4329,2053,-16254,5769,-5815,-2973690,-21429810,20000,25955
4330,2563,-16182,5773,-5811,-2446955,-21436413,19195,26556
4331,3070,-16093,5778,-5807,-1855889,-21442606,18371,27133
4332,3574,-15989,5782,-5803,-1309586,-21449650,17530,27683
4333,4074,-15869,5786,-5798,-745055,-21456204,16673,28208
4334,4571,-15733,5790,-5794,-203721,-21463042,15623,28803
4335,5063,-15582,5759,-5825,-4289694,-21469654,14732,29268
4336,5550,-15415,5763,-5821,-3727952,-21419132,13828,29706
4337,6031,-15233,5768,-5817,-3145670,-21425617,12910,30117
4338,6507,-15036,5772,-5813,-2618394,-21432416,11980,30498
4339,6976,-14824,5776,-5808,-2032302,-21438597,11039,30852
4340,7438,-14598,5781,-5804,-1476296,-21445562,10087,31176
4341,7893,-14357,5785,-5800,-943028,-21452217,9126,31470
4342,8340,-14102,5789,-5796,-368580,-21458651,8157,31736
4343,8779,-13833,5793,-5791,196562,-21465651,6983,32014
4344,9209,-13550,5762,-5822,-3899160,-21472597,5998,32213
4345,9630,-13255,5766,-5818,-3328151,-21421997,5007,32382
4346,10042,-12946,5770,-5814,-2799555,-21428638,4011,32521
4347,10443,-12624,5775,-5810,-2236116,-21434816,3012,32628
4348,10835,-12289,5779,-5806,-1683864,-21441481,2009,32705
4349,11215,-11943,5783,-5801,-1096954,-21448068,1005,32752
4350,11585,-11585,5787,-5797,-569666,-21455143,0,32767
4351,11943,-11215,5792,-5793,0,-21461543,-804,32757
4352,12289,-10835,5831,-5753,5228064,-21468524,-2009,32705
4353,12624,-10443,5800,-5784,1096954,-21533141,-3012,32628
4354,12946,-10042,5805,-5780,1683864,-21482641,-4011,32521
4355,13255,-9630,5809,-5776,2236116,-21490013,-5007,32382
4356,13550,-9209,5813,-5771,2799555,-21497019,-5998,32213
4357,13833,-8779,5817,-5767,3328151,-21504222,-6983,32014
4358,14102,-8340,5821,-5763,3899160,-21511055,-7962,31785
4359,14357,-7893,5826,-5759,4461966,-21518468,-8933,31526
4360,14598,-7438,5830,-5754,5024814,-21525841,-10087,31176
4361,14824,-6976,5799,-5786,943028,-21533275,-11039,30852
4362,15036,-6507,5803,-5782,1476296,-21483363,-11980,30498
4363,15233,-6031,5807,-5777,2032302,-21490055,-12910,30117
4364,15415,-5550,5812,-5773,2618394,-21497085,-13828,29706
4365,15582,-5063,5816,-5769,3145670,-21504546,-14732,29268
4366,15733,-4571,5820,-5764,3727952,-21511343,-15623,28803
4367,15869,-4074,5824,-5760,4289694,-21518876,-16499,28310
4368,15989,-3574,5829,-5755,4876893,-21526218,-17530,27683
4369,16093,-3070,5797,-5787,745055,-21533934,-18371,27133
4370,16182,-2563,5802,-5783,1309586,-21483387,-19195,26556
4371,16254,-2053,5806,-5779,1855889,-21490444,-20000,25955
4372,16311,-1542,5810,-5774,2446955,-21497336,-20787,25329
4373,16351,-1029,5814,-5770,2973690,-21504840,-21554,24680
4374,16375,-515,5819,-5766,3538440,-21511612,-22301,24007
4375,16384,0,5823,-5761,4087130,-21518910,-23027,23311
4376,16375,515,5827,-5757,4653056,-21526070,-23870,22448
4377,16351,1029,5796,-5788,568520,-21533502,-24547,21705
4378,16311,1542,5800,-5784,1123766,-21483516,-25201,20942
4379,16254,2053,5805,-5780,1683957,-21490440,-25832,20159
4380,16182,2563,5808,-5776,2210581,-21497484,-26438,19357
4381,16093,3070,5813,-5771,2787843,-21504173,-27019,18537
4382,15989,3574,5817,-5767,3356094,-21511544,-27575,17700
4383,15869,4074,5822,-5763,3921475,-21518866,-28105,16846
4384,15733,4571,5826,-5759,4461303,-21526213,-28706,15800
4385,15582,5063,5795,-5790,386828,-21533304,-29177,14912
4386,15415,5550,5799,-5786,945377,-21483422,-29621,14010
4387,15233,6031,5803,-5781,1508485,-21490367,-30037,13094
4388,15036,6507,5807,-5777,2030342,-21497428,-30424,12167
4389,14824,6976,5812,-5773,2627385,-21504040,-30783,11228
4390,14598,7438,5816,-5768,3185416,-21511637,-31113,10278
4391,14357,7893,5820,-5764,3716928,-21518815,-31470,9126
4392,14102,8340,5789,-5796,-368580,-21525725,-31736,8157
4393,13833,8779,5793,-5791,196562,-21475627,-31971,7179
4394,13550,9209,5798,-5787,750114,-21482573,-32176,6195
4395,13255,9630,5802,-5783,1315989,-21489436,-32351,5205
4396,12946,10042,5806,-5779,1844050,-21496511,-32495,4210
4397,12624,10443,5810,-5774,2414000,-21503179,-32609,3212
4398,12289,10835,5814,-5770,2970975,-21510421,-32692,2210
4399,11943,11215,5819,-5765,3569872,-21517563,-32752,1005
4400,11585,11585,5787,-5797,-569666,-21525283,-32766,-201
4401,11215,11943,5756,-5828,-4657170,-21474502,-32745,-1206
4402,10835,12289,5760,-5824,-4090188,-21423922,-32692,-2210
4403,10443,12624,5764,-5820,-3569872,-21430433,-32609,-3212
4404,10042,12946,5769,-5815,-2970975,-21436428,-32495,-4210
4405,9630,13255,5773,-5811,-2414000,-21443449,-32351,-5205
4406,9209,13550,5778,-5807,-1844050,-21450016,-32176,-6195
4407,8779,13833,5782,-5803,-1315989,-21456803,-31971,-7179
4408,8340,14102,5786,-5799,-750114,-21463133,-31685,-8351
4409,7893,14357,5755,-5830,-4844172,-21469987,-31414,-9319
4410,7438,14598,5759,-5825,-4287654,-21419306,-31113,-10278
4411,6976,14824,5763,-5821,-3716928,-21425667,-30783,-11228
4412,6507,15036,5767,-5817,-3185416,-21432263,-30424,-12167
4413,6031,15233,5772,-5813,-2627385,-21438436,-30037,-13094
4414,5550,15415,5776,-5808,-2030342,-21444993,-29621,-14010
4415,5063,15582,5780,-5804,-1508485,-21452092,-29177,-14912
4416,4571,15733,5785,-5800,-945377,-21458326,-28706,-15800
4417,4074,15869,5789,-5796,-386828,-21465125,-28105,-16846
4418,3574,15989,5758,-5827,-4461303,-21471928,-27575,-17700
4419,3070,16093,5762,-5823,-3921475,-21421528,-27019,-18537
4420,2563,16182,5766,-5818,-3356094,-21427724,-26438,-19357
4421,2053,16254,5770,-5814,-2787843,-21434294,-25832,-20159
4422,1542,16311,5775,-5809,-2210581,-21440959,-25201,-20942
4423,1029,16351,5779,-5806,-1683957,-21447796,-24547,-21705
4424,515,16375,5783,-5801,-1123766,-21454069,-23870,-22448
4425,0,16384,5787,-5797,-568520,-21460813,-23027,-23311
4426,-515,16375,5756,-5828,-4653056,-21467556,-22301,-24007
4427,-1029,16351,5760,-5824,-4087130,-21417012,-21554,-24680
4428,-1542,16311,5765,-5820,-3538440,-21423510,-20787,-25329
4429,-2053,16254,5769,-5815,-2973690,-21429856,-20000,-25955
4430,-2563,16182,5773,-5811,-2446955,-21436459,-19195,-26556
4431,-3070,16093,5778,-5807,-1855889,-21442652,-18371,-27133
4432,-3574,15989,5782,-5803,-1309586,-21449696,-17530,-27683
4433,-4074,15869,5786,-5798,-745055,-21456250,-16673,-28208
4434,-4571,15733,5790,-5794,-203721,-21463088,-15623,-28803
4435,-5063,15582,5759,-5825,-4289694,-21469700,-14732,-29268
4436,-5550,15415,5763,-5821,-3727952,-21419178,-13828,-29706
4437,-6031,15233,5768,-5817,-3145670,-21425663,-12910,-30117
4438,-6507,15036,5772,-5813,-2618394,-21432462,-11980,-30498
4439,-6976,14824,5776,-5808,-2032302,-21438643,-11039,-30852
4440,-7438,14598,5781,-5804,-1476296,-21445608,-10087,-31176
4441,-7893,14357,5785,-5800,-943028,-21452263,-9126,-31470
4442,-8340,14102,5789,-5796,-368580,-21458697,-8157,-31736
4443,-8779,13833,5793,-5791,196562,-21465697,-6983,-32014
4444,-9209,13550,5762,-5822,-3899160,-21472643,-5998,-32213
4445,-9630,13255,5766,-5818,-3328151,-21422043,-5007,-32382
4446,-10042,12946,5770,-5814,-2799555,-21428684,-4011,-32521
4447,-10443,12624,5775,-5810,-2236116,-21434862,-3012,-32628
4448,-10835,12289,5779,-5806,-1683864,-21441527,-2009,-32705
4449,-11215,11943,5783,-5801,-1096954,-21448114,-1005,-32752
4450,-11585,11585,5787,-5797,-569666,-21455189,0,-32767
4451,-11943,11215,5792,-5793,0,-21461589,804,-32757
4452,-12289,10835,5831,-5753,5228064,-21468570,2009,-32705
4453,-12624,10443,5800,-5784,1096954,-21533187,3012,-32628
4454,-12946,10042,5805,-5780,1683864,-21482687,4011,-32521
4455,-13255,9630,5809,-5776,2236116,-21490059,5007,-32382
4456,-13550,9209,5813,-5771,2799555,-21497065,5998,-32213
4457,-13833,8779,5817,-5767,3328151,-21504268,6983,-32014
4458,-14102,8340,5821,-5763,3899160,-21511101,7962,-31785
4459,-14357,7893,5826,-5759,4461966,-21518514,8933,-31526
4460,-14598,7438,5830,-5754,5024814,-21525887,10087,-31176
4461,-14824,6976,5799,-5786,943028,-21533321,11039,-30852
4462,-15036,6507,5803,-5782,1476296,-21483409,11980,-30498
4463,-15233,6031,5807,-5777,2032302,-21490101,12910,-30117
4464,-15415,5550,5812,-5773,2618394,-21497131,13828,-29706
4465,-15582,5063,5816,-5769,3145670,-21504592,14732,-29268
4466,-15733,4571,5820,-5764,3727952,-21511389,15623,-28803
4467,-15869,4074,5824,-5760,4289694,-21518922,16499,-28310
4468,-15989,3574,5829,-5755,4876893,-21526264,17530,-27683
4469,-16093,3070,5797,-5787,745055,-21533980,18371,-27133
4470,-16182,2563,5802,-5783,1309586,-21483433,19195,-26556
4471,-16254,2053,5806,-5779,1855889,-21490490,20000,-25955
4472,-16311,1542,5810,-5774,2446955,-21497382,20787,-25329
4473,-16351,1029,5814,-5770,2973690,-21504886,21554,-24680
4474,-16375,515,5819,-5766,3538440,-21511658,22301,-24007
4475,-16384,0,5823,-5761,4087130,-21518956,23027,-23311
4476,-16375,-515,5827,-5757,4653056,-21526116,23870,-22448
4477,-16351,-1029,5796,-5788,568520,-21533548,24547,-21705
4478,-16311,-1542,5800,-5784,1123766,-21483562,25201,-20942
4479,-16254,-2053,5805,-5780,1683957,-21490486,25832,-20159
4480,-16182,-2563,5808,-5776,2210581,-21497530,26438,-19357
4481,-16093,-3070,5813,-5771,2787843,-21504219,27019,-18537
4482,-15989,-3574,5817,-5767,3356094,-21511590,27575,-17700
4483,-15869,-4074,5822,-5763,3921475,-21518912,28105,-16846
4484,-15733,-4571,5826,-5759,4461303,-21526259,28706,-15800
4485,-15582,-5063,5795,-5790,386828,-21533350,29177,-14912
4486,-15415,-5550,5799,-5786,945377,-21483468,29621,-14010
4487,-15233,-6031,5803,-5781,1508485,-21490413,30037,-13094
4488,-15036,-6507,5807,-5777,2030342,-21497474,30424,-12167
4489,-14824,-6976,5812,-5773,2627385,-21504086,30783,-11228
4490,-14598,-7438,5816,-5768,3185416,-21511683,31113,-10278
4491,-14357,-7893,5820,-5764,3716928,-21518861,31470,-9126
4492,-14102,-8340,5789,-5796,-368580,-21525771,31736,-8157
4493,-13833,-8779,5793,-5791,196562,-21475673,31971,-7179
4494,-13550,-9209,5798,-5787,750114,-21482619,32176,-6195
4495,-13255,-9630,5802,-5783,1315989,-21489482,32351,-5205
4496,-12946,-10042,5806,-5779,1844050,-21496557,32495,-4210
4497,-12624,-10443,5810,-5774,2414000,-21503225,32609,-3212
4498,-12289,-10835,5814,-5770,2970975,-21510467,32692,-2210
4499,-11943,-11215,5819,-5765,3569872,-21517609,32752,-1005
4500,-11585,-11585,5787,-5797,-569666,-21525329,32766,201
4501,-11215,-11943,5756,-5828,-4657170,-21474548,32745,1206
4502,-10835,-12289,5760,-5824,-4090188,-21423968,32692,2210
4503,-10443,-12624,5764,-5820,-3569872,-21430479,32609,3212
4504,-10042,-12946,5769,-5815,-2970975,-21436474,32495,4210
4505,-9630,-13255,5773,-5811,-2414000,-21443495,32351,5205
4506,-9209,-13550,5778,-5807,-1844050,-21450062,32176,6195
4507,-8779,-13833,5782,-5803,-1315989,-21456849,31971,7179
4508,-8340,-14102,5786,-5799,-750114,-21463179,31685,8351
4509,-7893,-14357,5755,-5830,-4844172,-21470033,31414,9319
4510,-7438,-14598,5759,-5825,-4287654,-21419352,31113,10278
4511,-6976,-14824,5763,-5821,-3716928,-21425713,30783,11228
4512,-6507,-15036,5767,-5817,-3185416,-21432309,30424,12167
4513,-6031,-15233,5772,-5813,-2627385,-21438482,30037,13094
4514,-5550,-15415,5776,-5808,-2030342,-21445039,29621,14010
4515,-5063,-15582,5780,-5804,-1508485,-21452138,29177,14912
4516,-4571,-15733,5785,-5800,-945377,-21458372,28706,15800
4517,-4074,-15869,5789,-5796,-386828,-21465171,28105,16846
4518,-3574,-15989,5758,-5827,-4461303,-21471974,27575,17700
4519,-3070,-16093,5762,-5823,-3921475,-21421574,27019,18537
4520,-2563,-16182,5766,-5818,-3356094,-21427770,26438,19357
4521,-2053,-16254,5770,-5814,-2787843,-21434340,25832,20159
4522,-1542,-16311,5775,-5809,-2210581,-21441005,25201,20942
4523,-1029,-16351,5779,-5806,-1683957,-21447842,24547,21705
4524,-515,-16375,5783,-5801,-1123766,-21454115,23870,22448
4525,0,-16384,5787,-5797,-568520,-21460859,23027,23311
4526,515,-16375,5756,-5828,-4653056,-21467602,22301,24007
4527,1029,-16351,5760,-5824,-4087130,-21417058,21554,24680
4528,1542,-16311,5765,-5820,-3538440,-21423556,20787,25329
4529,2053,-16254,5769,-5815,-2973690,-21429902,20000,25955
4530,2563,-16182,5773,-5811,-2446955,-21436505,19195,26556
4531,3070,-16093,5778,-5807,-1855889,-21442698,18371,27133
4532,3574,-15989,5782,-5803,-1309586,-21449742,17530,27683
4533,4074,-15869,5786,-5798,-745055,-21456296,16673,28208
4534,4571,-15733,5790,-5794,-203721,-21463134,15623,28803
4535,5063,-15582,5759,-5825,-4289694,-21469746,14732,29268
4536,5550,-15415,5763,-5821,-3727952,-21419224,13828,29706
4537,6031,-15233,5768,-5817,-3145670,-21425709,12910,30117
4538,6507,-15036,5772,-5813,-2618394,-21432508,11980,30498
4539,6976,-14824,5776,-5808,-2032302,-21438689,11039,30852
4540,7438,-14598,5781,-5804,-1476296,-21445654,10087,31176
4541,7893,-14357,5785,-5800,-943028,-21452309,9126,31470
4542,8340,-14102,5789,-5796,-368580,-21458743,8157,31736
4543,8779,-13833,5793,-5791,196562,-21465743,6983,32014
4544,9209,-13550,5762,-5822,-3899160,-21472689,5998,32213
4545,9630,-13255,5766,-5818,-3328151,-21422089,5007,32382
4546,10042,-12946,5770,-5814,-2799555,-21428730,4011,32521
4547,10443,-12624,5775,-5810,-2236116,-21434908,3012,32628
4548,10835,-12289,5779,-5806,-1683864,-21441573,2009,32705
4549,11215,-11943,5783,-5801,-1096954,-21448160,1005,32752
4550,11585,-11585,5787,-5797,-569666,-21455235,0,32767
4551,11943,-11215,5792,-5793,0,-21461635,-804,32757
4552,12289,-10835,5831,-5753,5228064,-21468616,-2009,32705
4553,12624,-10443,5800,-5784,1096954,-21533233,-3012,32628
4554,12946,-10042,5805,-5780,1683864,-21482733,-4011,32521
4555,13255,-9630,5809,-5776,2236116,-21490105,-5007,32382
4556,13550,-9209,5813,-5771,2799555,-21497111,-5998,32213
4557,13833,-8779,5817,-5767,3328151,-21504314,-6983,32014
4558,14102,-8340,5821,-5763,3899160,-21511147,-7962,31785
4559,14357,-7893,5826,-5759,4461966,-21518560,-8933,31526
4560,14598,-7438,5830,-5754,5024814,-21525933,-10087,31176
4561,14824,-6976,5799,-5786,943028,-21533367,-11039,30852
4562,15036,-6507,5803,-5782,1476296,-21483455,-11980,30498
4563,15233,-6031,5807,-5777,2032302,-21490147,-12910,30117
4564,15415,-5550,5812,-5773,2618394,-21497177,-13828,29706
4565,15582,-5063,5816,-5769,3145670,-21504638,-14732,29268
4566,15733,-4571,5820,-5764,3727952,-21511435,-15623,28803
4567,15869,-4074,5824,-5760,4289694,-21518968,-16499,28310
4568,15989,-3574,5829,-5755,4876893,-21526310,-17530,27683
4569,16093,-3070,5797,-5787,745055,-21534026,-18371,27133
4570,16182,-2563,5802,-5783,1309586,-21483479,-19195,26556
4571,16254,-2053,5806,-5779,1855889,-21490536,-20000,25955
4572,16311,-1542,5810,-5774,2446955,-21497428,-20787,25329
4573,16351,-1029,5814,-5770,2973690,-21504932,-21554,24680
4574,16375,-515,5819,-5766,3538440,-21511704,-22301,24007
4575,16384,0,5823,-5761,4087130,-21519002,-23027,23311
4576,16375,515,5827,-5757,4653056,-21526162,-23870,22448
4577,16351,1029,5796,-5788,568520,-21533594,-24547,21705
4578,16311,1542,5800,-5784,1123766,-21483608,-25201,20942
4579,16254,2053,5805,-5780,1683957,-21490532,-25832,20159
4580,16182,2563,5808,-5776,2210581,-21497576,-26438,19357
4581,16093,3070,5813,-5771,2787843,-21504265,-27019,18537
4582,15989,3574,5817,-5767,3356094,-21511636,-27575,17700
4583,15869,4074,5822,-5763,3921475,-21518958,-28105,16846
4584,15733,4571,5826,-5759,4461303,-21526305,-28706,15800
4585,15582,5063,5795,-5790,386828,-21533396,-29177,14912
4586,15415,5550,5799,-5786,945377,-21483514,-29621,14010
4587,15233,6031,5803,-5781,1508485,-21490459,-30037,13094
4588,15036,6507,5807,-5777,2030342,-21497520,-30424,12167
4589,14824,6976,5812,-5773,2627385,-21504132,-30783,11228
4590,14598,7438,5816,-5768,3185416,-21511729,-31113,10278
4591,14357,7893,5820,-5764,3716928,-21518907,-31470,9126
4592,14102,8340,5789,-5796,-368580,-21525817,-31736,8157
4593,13833,8779,5793,-5791,196562,-21475719,-31971,7179
4594,13550,9209,5798,-5787,750114,-21482665,-32176,6195
4595,13255,9630,5802,-5783,1315989,-21489528,-32351,5205
4596,12946,10042,5806,-5779,1844050,-21496603,-32495,4210
4597,12624,10443,5810,-5774,2414000,-21503271,-32609,3212
4598,12289,10835,5814,-5770,2970975,-21510513,-32692,2210
4599,11943,11215,5819,-5765,3569872,-21517655,-32752,1005
4600,11585,11585,5787,-5797,-569666,-21525375,-32766,-201
4601,11215,11943,5756,-5828,-4657170,-21474594,-32745,-1206
4602,10835,12289,5760,-5824,-4090188,-21424014,-32692,-2210
4603,10443,12624,5764,-5820,-3569872,-21430525,-32609,-3212
4604,10042,12946,5769,-5815,-2970975,-21436520,-32495,-4210
4605,9630,13255,5773,-5811,-2414000,-21443541,-32351,-5205
4606,9209,13550,5778,-5807,-1844050,-21450108,-32176,-6195
4607,8779,13833,5782,-5803,-1315989,-21456895,-31971,-7179
4608,8340,14102,5786,-5799,-750114,-21463225,-31685,-8351
4609,7893,14357,5755,-5830,-4844172,-21470079,-31414,-9319
4610,7438,14598,5759,-5825,-4287654,-21419398,-31113,-10278
4611,6976,14824,5763,-5821,-3716928,-21425759,-30783,-11228
4612,6507,15036,5767,-5817,-3185416,-21432355,-30424,-12167
4613,6031,15233,5772,-5813,-2627385,-21438528,-30037,-13094
4614,5550,15415,5776,-5808,-2030342,-21445085,-29621,-14010
4615,5063,15582,5780,-5804,-1508485,-21452184,-29177,-14912
4616,4571,15733,5785,-5800,-945377,-21458418,-28706,-15800
4617,4074,15869,5789,-5796,-386828,-21465217,-28105,-16846
4618,3574,15989,5758,-5827,-4461303,-21472020,-27575,-17700
4619,3070,16093,5762,-5823,-3921475,-21421620,-27019,-18537
4620,2563,16182,5766,-5818,-3356094,-21427816,-26438,-19357
4621,2053,16254,5770,-5814,-2787843,-21434386,-25832,-20159
4622,1542,16311,5775,-5809,-2210581,-21441051,-25201,-20942
4623,1029,16351,5779,-5806,-1683957,-21447888,-24547,-21705
4624,515,16375,5783,-5801,-1123766,-21454161,-23870,-22448
4625,0,16384,5787,-5797,-568520,-21460905,-23027,-23311
4626,-515,16375,5756,-5828,-4653056,-21467648,-22301,-24007
4627,-1029,16351,5760,-5824,-4087130,-21417104,-21554,-24680
4628,-1542,16311,5765,-5820,-3538440,-21423602,-20787,-25329
4629,-2053,16254,5769,-5815,-2973690,-21429948,-20000,-25955
4630,-2563,16182,5773,-5811,-2446955,-21436551,-19195,-26556
4631,-3070,16093,5778,-5807,-1855889,-21442744,-18371,-27133
4632,-3574,15989,5782,-5803,-1309586,-21449788,-17530,-27683
4633,-4074,15869,5786,-5798,-745055,-21456342,-16673,-28208
4634,-4571,15733,5790,-5794,-203721,-21463180,-15623,-28803
4635,-5063,15582,5759,-5825,-4289694,-21469792,-14732,-29268
4636,-5550,15415,5763,-5821,-3727952,-21419270,-13828,-29706
4637,-6031,15233,5768,-5817,-3145670,-21425755,-12910,-30117
4638,-6507,15036,5772,-5813,-2618394,-21432554,-11980,-30498
4639,-6976,14824,5776,-5808,-2032302,-21438735,-11039,-30852
4640,-7438,14598,5781,-5804,-1476296,-21445700,-10087,-31176
4641,-7893,14357,5785,-5800,-943028,-21452355,-9126,-31470
4642,-8340,14102,5789,-5796,-368580,-21458789,-8157,-31736
4643,-8779,13833,5793,-5791,196562,-21465789,-6983,-32014
4644,-9209,13550,5762,-5822,-3899160,-21472735,-5998,-32213
4645,-9630,13255,5766,-5818,-3328151,-21422135,-5007,-32382
4646,-10042,12946,5770,-5814,-2799555,-21428776,-4011,-32521
4647,-10443,12624,5775,-5810,-2236116,-21434954,-3012,-32628
4648,-10835,12289,5779,-5806,-1683864,-21441619,-2009,-32705
4649,-11215,11943,5783,-5801,-1096954,-21448206,-1005,-32752
4650,-11585,11585,5787,-5797,-569666,-21455281,0,-32767
4651,-11943,11215,5792,-5793,0,-21461681,804,-32757
4652,-12289,10835,5831,-5753,5228064,-21468662,2009,-32705
4653,-12624,10443,5800,-5784,1096954,-21533279,3012,-32628
4654,-12946,10042,5805,-5780,1683864,-21482779,4011,-32521
4655,-13255,9630,5809,-5776,2236116,-21490151,5007,-32382
4656,-13550,9209,5813,-5771,2799555,-21497157,5998,-32213
4657,-13833,8779,5817,-5767,3328151,-21504360,6983,-32014
4658,-14102,8340,5821,-5763,3899160,-21511193,7962,-31785
4659,-14357,7893,5826,-5759,4461966,-21518606,8933,-31526
4660,-14598,7438,5830,-5754,5024814,-21525979,10087,-31176
4661,-14824,6976,5799,-5786,943028,-21533413,11039,-30852
4662,-15036,6507,5803,-5782,1476296,-21483501,11980,-30498
4663,-15233,6031,5807,-5777,2032302,-21490193,12910,-30117
4664,-15415,5550,5812,-5773,2618394,-21497223,13828,-29706
4665,-15582,5063,5816,-5769,3145670,-21504684,14732,-29268
4666,-15733,4571,5820,-5764,3727952,-21511481,15623,-28803
4667,-15869,4074,5824,-5760,4289694,-21519014,16499,-28310
4668,-15989,3574,5829,-5755,4876893,-21526356,17530,-27683
4669,-16093,3070,5797,-5787,745055,-21534072,18371,-27133
4670,-16182,2563,5802,-5783,1309586,-21483525,19195,-26556
4671,-16254,2053,5806,-5779,1855889,-21490582,20000,-25955
4672,-16311,1542,5810,-5774,2446955,-21497474,20787,-25329
4673,-16351,1029,5814,-5770,2973690,-21504978,21554,-24680
4674,-16375,515,5819,-5766,3538440,-21511750,22301,-24007
4675,-16384,0,5823,-5761,4087130,-21519048,23027,-23311
4676,-16375,-515,5827,-5757,4653056,-21526208,23870,-22448
4677,-16351,-1029,5796,-5788,568520,-21533640,24547,-21705
4678,-16311,-1542,5800,-5784,1123766,-21483654,25201,-20942
4679,-16254,-2053,5805,-5780,1683957,-21490578,25832,-20159
4680,-16182,-2563,5808,-5776,2210581,-21497622,26438,-19357
4681,-16093,-3070,5813,-5771,2787843,-21504311,27019,-18537
4682,-15989,-3574,5817,-5767,3356094,-21511682,27575,-17700
4683,-15869,-4074,5822,-5763,3921475,-21519004,28208,-16673
4684,-15733,-4571,5790,-5794,-203721,-21526351,28706,-15800
4685,-15582,-5063,5795,-5790,386828,-21475785,29177,-14912
4686,-15415,-5550,5799,-5786,945377,-21483063,29621,-14010
4687,-15233,-6031,5803,-5781,1508485,-21490008,30037,-13094
4688,-15036,-6507,5807,-5777,2030342,-21497069,30424,-12167
4689,-14824,-6976,5812,-5773,2627385,-21503681,30783,-11228
4690,-14598,-7438,5816,-5768,3185416,-21511278,31113,-10278
4691,-14357,-7893,5820,-5764,3716928,-21518456,31470,-9126
4692,-14102,-8340,5789,-5796,-368580,-21525366,31736,-8157
4693,-13833,-8779,5793,-5791,196562,-21475268,31971,-7179
4694,-13550,-9209,5798,-5787,750114,-21482214,32176,-6195
4695,-13255,-9630,5802,-5783,1315989,-21489077,32351,-5205
4696,-12946,-10042,5806,-5779,1844050,-21496152,32495,-4210
4697,-12624,-10443,5810,-5774,2414000,-21502820,32609,-3212
4698,-12289,-10835,5814,-5770,2970975,-21510062,32692,-2210
4699,-11943,-11215,5819,-5765,3569872,-21517204,32752,-1005
4700,-11585,-11585,5787,-5797,-569666,-21524924,32766,201
4701,-11215,-11943,5756,-5828,-4657170,-21474143,32745,1206
4702,-10835,-12289,5760,-5824,-4090188,-21423563,32692,2210
4703,-10443,-12624,5764,-5820,-3569872,-21430074,32609,3212
4704,-10042,-12946,5769,-5815,-2970975,-21436069,32495,4210
4705,-9630,-13255,5773,-5811,-2414000,-21443090,32351,5205
4706,-9209,-13550,5778,-5807,-1844050,-21449657,32176,6195
4707,-8779,-13833,5782,-5803,-1315989,-21456444,31971,7179
4708,-8340,-14102,5786,-5799,-750114,-21462774,31685,8351
4709,-7893,-14357,5755,-5830,-4844172,-21469628,31414,9319
4710,-7438,-14598,5759,-5825,-4287654,-21418947,31113,10278
4711,-6976,-14824,5763,-5821,-3716928,-21425308,30783,11228
4712,-6507,-15036,5767,-5817,-3185416,-21431904,30424,12167
4713,-6031,-15233,5772,-5813,-2627385,-21438077,30037,13094
4714,-5550,-15415,5776,-5808,-2030342,-21444634,29621,14010
4715,-5063,-15582,5780,-5804,-1508485,-21451733,29177,14912
4716,-4571,-15733,5785,-5800,-945377,-21457967,28706,15800
4717,-4074,-15869,5789,-5796,-386828,-21464766,28105,16846
4718,-3574,-15989,5758,-5827,-4461303,-21471569,27575,17700
4719,-3070,-16093,5762,-5823,-3921475,-21421169,27019,18537
4720,-2563,-16182,5766,-5818,-3356094,-21427365,26438,19357
4721,-2053,-16254,5770,-5814,-2787843,-21433935,25832,20159
4722,-1542,-16311,5775,-5809,-2210581,-21440600,25201,20942
4723,-1029,-16351,5779,-5806,-1683957,-21447437,24547,21705
4724,-515,-16375,5783,-5801,-1123766,-21453710,23870,22448
4725,0,-16384,5787,-5797,-568520,-21460454,23027,23311
4726,515,-16375,5756,-5828,-4653056,-21467197,22301,24007
4727,1029,-16351,5760,-5824,-4087130,-21416653,21554,24680
4728,1542,-16311,5765,-5820,-3538440,-21423151,20787,25329
4729,2053,-16254,5769,-5815,-2973690,-21429497,20000,25955
4730,2563,-16182,5773,-5811,-2446955,-21436100,19195,26556
4731,3070,-16093,5778,-5807,-1855889,-21442293,18371,27133
4732,3574,-15989,5782,-5803,-1309586,-21449337,17530,27683
4733,4074,-15869,5786,-5798,-745055,-21455891,16673,28208
4734,4571,-15733,5790,-5794,-203721,-21462729,15623,28803
4735,5063,-15582,5759,-5825,-4289694,-21469341,14732,29268
4736,5550,-15415,5763,-5821,-3727952,-21418819,13828,29706
4737,6031,-15233,5768,-5817,-3145670,-21425304,12910,30117
4738,6507,-15036,5772,-5813,-2618394,-21432103,11980,30498
4739,6976,-14824,5776,-5808,-2032302,-21438284,11039,30852
4740,7438,-14598,5781,-5804,-1476296,-21445249,10087,31176
4741,7893,-14357,5785,-5800,-943028,-21451904,9126,31470
4742,8340,-14102,5789,-5796,-368580,-21458338,8157,31736
4743,8779,-13833,5793,-5791,196562,-21465338,6983,32014
4744,9209,-13550,5762,-5822,-3899160,-21472284,5998,32213
4745,9630,-13255,5766,-5818,-3328151,-21421684,5007,32382
4746,10042,-12946,5770,-5814,-2799555,-21428325,4011,32521
4747,10443,-12624,5775,-5810,-2236116,-21434503,3012,32628
4748,10835,-12289,5779,-5806,-1683864,-21441168,2009,32705
4749,11215,-11943,5783,-5801,-1096954,-21447755,1005,32752
4750,11585,-11585,5787,-5797,-569666,-21454830,0,32767
4751,11943,-11215,5792,-5793,0,-21461230,-804,32757
4752,12289,-10835,5831,-5753,5228064,-21468211,-2009,32705
4753,12624,-10443,5800,-5784,1096954,-21532828,-3012,32628
4754,12946,-10042,5805,-5780,1683864,-21482328,-4011,32521
4755,13255,-9630,5809,-5776,2236116,-21489700,-5007,32382
4756,13550,-9209,5813,-5771,2799555,-21496706,-5998,32213
4757,13833,-8779,5817,-5767,3328151,-21503909,-6983,32014
4758,14102,-8340,5821,-5763,3899160,-21510742,-7962,31785
4759,14357,-7893,5826,-5759,4461966,-21518155,-8933,31526
4760,14598,-7438,5830,-5754,5024814,-21525528,-10087,31176
4761,14824,-6976,5799,-5786,943028,-21532962,-11039,30852
4762,15036,-6507,5803,-5782,1476296,-21483050,-11980,30498
4763,15233,-6031,5807,-5777,2032302,-21489742,-12910,30117
4764,15415,-5550,5812,-5773,2618394,-21496772,-13828,29706
4765,15582,-5063,5816,-5769,3145670,-21504233,-14732,29268
4766,15733,-4571,5820,-5764,3727952,-21511030,-15623,28803
4767,15869,-4074,5824,-5760,4289694,-21518563,-16499,28310
4768,15989,-3574,5829,-5755,4876893,-21525905,-17530,27683
4769,16093,-3070,5797,-5787,745055,-21533621,-18371,27133
4770,16182,-2563,5802,-5783,1309586,-21483074,-19195,26556
4771,16254,-2053,5806,-5779,1855889,-21490131,-20000,25955
4772,16311,-1542,5810,-5774,2446955,-21497023,-20787,25329
4773,16351,-1029,5814,-5770,2973690,-21504527,-21554,24680
4774,16375,-515,5819,-5766,3538440,-21511299,-22301,24007
4775,16384,0,5823,-5761,4087130,-21518597,-23027,23311
4776,16375,515,5827,-5757,4653056,-21525757,-23870,22448
4777,16351,1029,5796,-5788,568520,-21533189,-24547,21705
4778,16311,1542,5800,-5784,1123766,-21483203,-25201,20942
4779,16254,2053,5805,-5780,1683957,-21490127,-25832,20159
4780,16182,2563,5808,-5776,2210581,-21497171,-26438,19357
4781,16093,3070,5813,-5771,2787843,-21503860,-27019,18537
4782,15989,3574,5817,-5767,3356094,-21511231,-27575,17700
4783,15869,4074,5822,-5763,3921475,-21518553,-28105,16846
4784,15733,4571,5826,-5759,4461303,-21525900,-28706,15800
4785,15582,5063,5795,-5790,386828,-21532991,-29177,14912
4786,15415,5550,5799,-5786,945377,-21483109,-29621,14010
4787,15233,6031,5803,-5781,1508485,-21490054,-30037,13094
4788,15036,6507,5807,-5777,2030342,-21497115,-30424,12167
4789,14824,6976,5812,-5773,2627385,-21503727,-30783,11228
4790,14598,7438,5816,-5768,3185416,-21511324,-31113,10278
4791,14357,7893,5820,-5764,3716928,-21518502,-31470,9126
4792,14102,8340,5789,-5796,-368580,-21525412,-31736,8157
4793,13833,8779,5793,-5791,196562,-21475314,-31971,7179
4794,13550,9209,5798,-5787,750114,-21482260,-32176,6195
4795,13255,9630,5802,-5783,1315989,-21489123,-32351,5205
4796,12946,10042,5806,-5779,1844050,-21496198,-32495,4210
4797,12624,10443,5810,-5774,2414000,-21502866,-32609,3212
4798,12289,10835,5814,-5770,2970975,-21510108,-32692,2210
4799,11943,11215,5819,-5765,3569872,-21517250,-32752,1005
4800,11585,11585,5787,-5797,-569666,-21524970,-32766,-201
4801,11215,11943,5756,-5828,-4657170,-21474189,-32745,-1206
4802,10835,12289,5760,-5824,-4090188,-21423609,-32692,-2210
4803,10443,12624,5764,-5820,-3569872,-21430120,-32609,-3212
4804,10042,12946,5769,-5815,-2970975,-21436115,-32495,-4210
4805,9630,13255,5773,-5811,-2414000,-21443136,-32351,-5205
4806,9209,13550,5778,-5807,-1844050,-21449703,-32176,-6195
4807,8779,13833,5782,-5803,-1315989,-21456490,-31971,-7179
4808,8340,14102,5786,-5799,-750114,-21462820,-31685,-8351
4809,7893,14357,5755,-5830,-4844172,-21469674,-31414,-9319
4810,7438,14598,5759,-5825,-4287654,-21418993,-31113,-10278
4811,6976,14824,5763,-5821,-3716928,-21425354,-30783,-11228
4812,6507,15036,5767,-5817,-3185416,-21431950,-30424,-12167
4813,6031,15233,5772,-5813,-2627385,-21438123,-30037,-13094
4814,5550,15415,5776,-5808,-2030342,-21444680,-29621,-14010
4815,5063,15582,5780,-5804,-1508485,-21451779,-29177,-14912
4816,4571,15733,5785,-5800,-945377,-21458013,-28706,-15800
4817,4074,15869,5789,-5796,-386828,-21464812,-28105,-16846
4818,3574,15989,5758,-5827,-4461303,-21471615,-27575,-17700
4819,3070,16093,5762,-5823,-3921475,-21421215,-27019,-18537
4820,2563,16182,5766,-5818,-3356094,-21427411,-26438,-19357
4821,2053,16254,5770,-5814,-2787843,-21433981,-25832,-20159
4822,1542,16311,5775,-5809,-2210581,-21440646,-25201,-20942
4823,1029,16351,5779,-5806,-1683957,-21447483,-24547,-21705
4824,515,16375,5783,-5801,-1123766,-21453756,-23870,-22448
4825,0,16384,5787,-5797,-568520,-21460500,-23170,-23170
4826,-515,16375,5792,-5793,0,-21467243,-22301,-24007
4827,-1029,16351,5760,-5824,-4087130,-21474209,-21554,-24680
4828,-1542,16311,5765,-5820,-3538440,-21423694,-20787,-25329
4829,-2053,16254,5769,-5815,-2973690,-21430040,-20000,-25955
4830,-2563,16182,5773,-5811,-2446955,-21436643,-19195,-26556
4831,-3070,16093,5778,-5807,-1855889,-21442836,-18371,-27133
4832,-3574,15989,5782,-5803,-1309586,-21449880,-17530,-27683
4833,-4074,15869,5786,-5798,-745055,-21456434,-16673,-28208
4834,-4571,15733,5790,-5794,-203721,-21463272,-15623,-28803
4835,-5063,15582,5759,-5825,-4289694,-21469884,-14732,-29268
4836,-5550,15415,5763,-5821,-3727952,-21419362,-13828,-29706
4837,-6031,15233,5768,-5817,-3145670,-21425847,-12910,-30117
4838,-6507,15036,5772,-5813,-2618394,-21432646,-11980,-30498
4839,-6976,14824,5776,-5808,-2032302,-21438827,-11039,-30852
4840,-7438,14598,5781,-5804,-1476296,-21445792,-10087,-31176
4841,-7893,14357,5785,-5800,-943028,-21452447,-9126,-31470
4842,-8340,14102,5789,-5796,-368580,-21458881,-8157,-31736
4843,-8779,13833,5793,-5791,196562,-21465881,-6983,-32014
4844,-9209,13550,5762,-5822,-3899160,-21472827,-5998,-32213
4845,-9630,13255,5766,-5818,-3328151,-21422227,-5007,-32382
4846,-10042,12946,5770,-5814,-2799555,-21428868,-4011,-32521
4847,-10443,12624,5775,-5810,-2236116,-21435046,-3012,-32628
4848,-10835,12289,5779,-5806,-1683864,-21441711,-2009,-32705
4849,-11215,11943,5783,-5801,-1096954,-21448298,-1005,-32752
4850,-11585,11585,5787,-5797,-569666,-21455373,0,-32767
4851,-11943,11215,5792,-5793,0,-21461773,804,-32757
4852,-12289,10835,5831,-5753,5228064,-21468754,2009,-32705
4853,-12624,10443,5800,-5784,1096954,-21533371,3012,-32628
4854,-12946,10042,5805,-5780,1683864,-21482871,4011,-32521
4855,-13255,9630,5809,-5776,2236116,-21490243,5007,-32382
4856,-13550,9209,5813,-5771,2799555,-21497249,5998,-32213
4857,-13833,8779,5817,-5767,3328151,-21504452,6983,-32014
4858,-14102,8340,5821,-5763,3899160,-21511285,7962,-31785
4859,-14357,7893,5826,-5759,4461966,-21518698,8933,-31526
4860,-14598,7438,5830,-5754,5024814,-21526071,10087,-31176
4861,-14824,6976,5799,-5786,943028,-21533505,11039,-30852
4862,-15036,6507,5803,-5782,1476296,-21483593,11980,-30498
4863,-15233,6031,5807,-5777,2032302,-21490285,12910,-30117
4864,-15415,5550,5812,-5773,2618394,-21497315,13828,-29706
4865,-15582,5063,5816,-5769,3145670,-21504776,14732,-29268
4866,-15733,4571,5820,-5764,3727952,-21511573,15623,-28803
4867,-15869,4074,5824,-5760,4289694,-21519106,16499,-28310
4868,-15989,3574,5829,-5755,4876893,-21526448,17530,-27683
4869,-16093,3070,5797,-5787,745055,-21534164,18371,-27133
4870,-16182,2563,5802,-5783,1309586,-21483617,19195,-26556
4871,-16254,2053,5806,-5779,1855889,-21490674,20000,-25955
4872,-16311,1542,5810,-5774,2446955,-21497566,20787,-25329
4873,-16351,1029,5814,-5770,2973690,-21505070,21554,-24680
4874,-16375,515,5819,-5766,3538440,-21511842,22301,-24007
4875,-16384,0,5823,-5761,4087130,-21519140,23027,-23311
4876,-16375,-515,5827,-5757,4653056,-21526300,23870,-22448
4877,-16351,-1029,5796,-5788,568520,-21533732,24547,-21705
4878,-16311,-1542,5800,-5784,1123766,-21483746,25201,-20942
4879,-16254,-2053,5805,-5780,1683957,-21490670,25832,-20159
4880,-16182,-2563,5808,-5776,2210581,-21497714,26438,-19357
4881,-16093,-3070,5813,-5771,2787843,-21504403,27019,-18537
4882,-15989,-3574,5817,-5767,3356094,-21511774,27575,-17700
4883,-15869,-4074,5822,-5763,3921475,-21519096,28208,-16673
4884,-15733,-4571,5790,-5794,-203721,-21526443,28706,-15800
4885,-15582,-5063,5795,-5790,386828,-21475877,29177,-14912
4886,-15415,-5550,5799,-5786,945377,-21483155,29621,-14010
4887,-15233,-6031,5803,-5781,1508485,-21490100,30037,-13094
4888,-15036,-6507,5807,-5777,2030342,-21497161,30424,-12167
4889,-14824,-6976,5812,-5773,2627385,-21503773,30783,-11228
4890,-14598,-7438,5816,-5768,3185416,-21511370,31113,-10278
4891,-14357,-7893,5820,-5764,3716928,-21518548,31470,-9126
4892,-14102,-8340,5789,-5796,-368580,-21525458,31736,-8157
4893,-13833,-8779,5793,-5791,196562,-21475360,31971,-7179
4894,-13550,-9209,5798,-5787,750114,-21482306,32176,-6195
4895,-13255,-9630,5802,-5783,1315989,-21489169,32351,-5205
4896,-12946,-10042,5806,-5779,1844050,-21496244,32495,-4210
4897,-12624,-10443,5810,-5774,2414000,-21502912,32609,-3212
4898,-12289,-10835,5814,-5770,2970975,-21510154,32692,-2210
4899,-11943,-11215,5819,-5765,3569872,-21517296,32752,-1005
4900,-11585,-11585,5787,-5797,-569666,-21525016,32766,201
4901,-11215,-11943,5756,-5828,-4657170,-21474235,32745,1206
4902,-10835,-12289,5760,-5824,-4090188,-21423655,32692,2210
4903,-10443,-12624,5764,-5820,-3569872,-21430166,32609,3212
4904,-10042,-12946,5769,-5815,-2970975,-21436161,32495,4210
4905,-9630,-13255,5773,-5811,-2414000,-21443182,32351,5205
4906,-9209,-13550,5778,-5807,-1844050,-21449749,32176,6195
4907,-8779,-13833,5782,-5803,-1315989,-21456536,31971,7179
4908,-8340,-14102,5786,-5799,-750114,-21462866,31685,8351
4909,-7893,-14357,5755,-5830,-4844172,-21469720,31414,9319
4910,-7438,-14598,5759,-5825,-4287654,-21419039,31113,10278
4911,-6976,-14824,5763,-5821,-3716928,-21425400,30783,11228
4912,-6507,-15036,5767,-5817,-3185416,-21431996,30424,12167
4913,-6031,-15233,5772,-5813,-2627385,-21438169,30037,13094
4914,-5550,-15415,5776,-5808,-2030342,-21444726,29621,14010
4915,-5063,-15582,5780,-5804,-1508485,-21451825,29177,14912
4916,-4571,-15733,5785,-5800,-945377,-21458059,28706,15800
4917,-4074,-15869,5789,-5796,-386828,-21464858,28105,16846
4918,-3574,-15989,5758,-5827,-4461303,-21471661,27575,17700
4919,-3070,-16093,5762,-5823,-3921475,-21421261,27019,18537
4920,-2563,-16182,5766,-5818,-3356094,-21427457,26438,19357
4921,-2053,-16254,5770,-5814,-2787843,-21434027,25832,20159
4922,-1542,-16311,5775,-5809,-2210581,-21440692,25201,20942
4923,-1029,-16351,5779,-5806,-1683957,-21447529,24547,21705
4924,-515,-16375,5783,-5801,-1123766,-21453802,23870,22448
4925,0,-16384,5787,-5797,-568520,-21460546,23027,23311
4926,515,-16375,5756,-5828,-4653056,-21467289,22301,24007
4927,1029,-16351,5760,-5824,-4087130,-21416745,21554,24680
4928,1542,-16311,5765,-5820,-3538440,-21423243,20787,25329
4929,2053,-16254,5769,-5815,-2973690,-21429589,20000,25955
4930,2563,-16182,5773,-5811,-2446955,-21436192,19195,26556
4931,3070,-16093,5778,-5807,-1855889,-21442385,18371,27133
4932,3574,-15989,5782,-5803,-1309586,-21449429,17530,27683
4933,4074,-15869,5786,-5798,-745055,-21455983,16673,28208
4934,4571,-15733,5790,-5794,-203721,-21462821,15623,28803
4935,5063,-15582,5759,-5825,-4289694,-21469433,14732,29268
4936,5550,-15415,5763,-5821,-3727952,-21418911,13828,29706
4937,6031,-15233,5768,-5817,-3145670,-21425396,12910,30117
4938,6507,-15036,5772,-5813,-2618394,-21432195,11980,30498
4939,6976,-14824,5776,-5808,-2032302,-21438376,11039,30852
4940,7438,-14598,5781,-5804,-1476296,-21445341,10087,31176
4941,7893,-14357,5785,-5800,-943028,-21451996,9126,31470
4942,8340,-14102,5789,-5796,-368580,-21458430,8157,31736
4943,8779,-13833,5793,-5791,196562,-21465430,6983,32014
4944,9209,-13550,5762,-5822,-3899160,-21472376,5998,32213
4945,9630,-13255,5766,-5818,-3328151,-21421776,5007,32382
4946,10042,-12946,5770,-5814,-2799555,-21428417,4011,32521
4947,10443,-12624,5775,-5810,-2236116,-21434595,3012,32628
4948,10835,-12289,5779,-5806,-1683864,-21441260,2009,32705
4949,11215,-11943,5783,-5801,-1096954,-21447847,1005,32752
4950,11585,-11585,5787,-5797,-569666,-21454922,0,32767
4951,11943,-11215,5792,-5793,0,-21461322,-804,32757
4952,12289,-10835,5831,-5753,5228064,-21468303,-2009,32705
4953,12624,-10443,5800,-5784,1096954,-21532920,-3012,32628
4954,12946,-10042,5805,-5780,1683864,-21482420,-4011,32521
4955,13255,-9630,5809,-5776,2236116,-21489792,-5007,32382
4956,13550,-9209,5813,-5771,2799555,-21496798,-5998,32213
4957,13833,-8779,5817,-5767,3328151,-21504001,-6983,32014
4958,14102,-8340,5821,-5763,3899160,-21510834,-7962,31785
4959,14357,-7893,5826,-5759,4461966,-21518247,-8933,31526
4960,14598,-7438,5830,-5754,5024814,-21525620,-10087,31176
4961,14824,-6976,5799,-5786,943028,-21533054,-11039,30852
4962,15036,-6507,5803,-5782,1476296,-21483142,-11980,30498
4963,15233,-6031,5807,-5777,2032302,-21489834,-12910,30117
4964,15415,-5550,5812,-5773,2618394,-21496864,-13828,29706
4965,15582,-5063,5816,-5769,3145670,-21504325,-14732,29268
4966,15733,-4571,5820,-5764,3727952,-21511122,-15623,28803
4967,15869,-4074,5824,-5760,4289694,-21518655,-16499,28310
4968,15989,-3574,5829,-5755,4876893,-21525997,-17530,27683
4969,16093,-3070,5797,-5787,745055,-21533713,-18371,27133
4970,16182,-2563,5802,-5783,1309586,-21483166,-19195,26556
4971,16254,-2053,5806,-5779,1855889,-21490223,-20000,25955
4972,16311,-1542,5810,-5774,2446955,-21497115,-20787,25329
4973,16351,-1029,5814,-5770,2973690,-21504619,-21554,24680
4974,16375,-515,5819,-5766,3538440,-21511391,-22301,24007
4975,16384,0,5823,-5761,4087130,-21518689,-23027,23311
4976,16375,515,5827,-5757,4653056,-21525849,-23870,22448
4977,16351,1029,5796,-5788,568520,-21533281,-24547,21705
4978,16311,1542,5800,-5784,1123766,-21483295,-25201,20942
4979,16254,2053,5805,-5780,1683957,-21490219,-25832,20159
4980,16182,2563,5808,-5776,2210581,-21497263,-26438,19357
4981,16093,3070,5813,-5771,2787843,-21503952,-27019,18537
4982,15989,3574,5817,-5767,3356094,-21511323,-27575,17700
4983,15869,4074,5822,-5763,3921475,-21518645,-28105,16846
4984,15733,4571,5826,-5759,4461303,-21525992,-28706,15800
4985,15582,5063,5795,-5790,386828,-21533083,-29177,14912
4986,15415,5550,5799,-5786,945377,-21483201,-29621,14010
4987,15233,6031,5803,-5781,1508485,-21490146,-30037,13094
4988,15036,6507,5807,-5777,2030342,-21497207,-30424,12167
4989,14824,6976,5812,-5773,2627385,-21503819,-30783,11228
4990,14598,7438,5816,-5768,3185416,-21511416,-31113,10278
4991,14357,7893,5820,-5764,3716928,-21518594,-31470,9126
4992,14102,8340,5789,-5796,-368580,-21525504,-31736,8157
4993,13833,8779,5793,-5791,196562,-21475406,-31971,7179
4994,13550,9209,5798,-5787,750114,-21482352,-32176,6195
4995,13255,9630,5802,-5783,1315989,-21489215,-32351,5205
4996,12946,10042,5806,-5779,1844050,-21496290,-32495,4210
4997,12624,10443,5810,-5774,2414000,-21502958,-32609,3212
4998,12289,10835,5814,-5770,2970975,-21510200,-32692,2210
4999,11943,11215,5819,-5765,3569872,-21517342,-32752,1005
5000,11585,11585,5787,-5797,-569666,-21525062,-32766,-201
5001,11215,11943,5756,-5828,-4657170,-21474281,-32745,-1206
5002,10835,12289,5760,-5824,-4090188,-21423701,-32692,-2210
5003,10443,12624,5764,-5820,-3569872,-21430212,-32609,-3212
5004,10042,12946,5769,-5815,-2970975,-21436207,-32495,-4210
5005,9630,13255,5773,-5811,-2414000,-21443228,-32351,-5205
5006,9209,13550,5778,-5807,-1844050,-21449795,-32176,-6195
5007,8779,13833,5782,-5803,-1315989,-21456582,-31971,-7179
5008,8340,14102,5786,-5799,-750114,-21462912,-31685,-8351
5009,7893,14357,5755,-5830,-4844172,-21469766,-31414,-9319
5010,7438,14598,5759,-5825,-4287654,-21419085,-31113,-10278
5011,6976,14824,5763,-5821,-3716928,-21425446,-30783,-11228
5012,6507,15036,5767,-5817,-3185416,-21432042,-30424,-12167
5013,6031,15233,5772,-5813,-2627385,-21438215,-30037,-13094
5014,5550,15415,5776,-5808,-2030342,-21444772,-29621,-14010
5015,5063,15582,5780,-5804,-1508485,-21451871,-29177,-14912
5016,4571,15733,5785,-5800,-945377,-21458105,-28706,-15800
5017,4074,15869,5789,-5796,-386828,-21464904,-28105,-16846
5018,3574,15989,5758,-5827,-4461303,-21471707,-27575,-17700
5019,3070,16093,5762,-5823,-3921475,-21421307,-27019,-18537
5020,2563,16182,5766,-5818,-3356094,-21427503,-26438,-19357
5021,2053,16254,5770,-5814,-2787843,-21434073,-25832,-20159
5022,1542,16311,5775,-5809,-2210581,-21440738,-25201,-20942
5023,1029,16351,5779,-5806,-1683957,-21447575,-24547,-21705
5024,515,16375,5783,-5801,-1123766,-21453848,-23870,-22448
5025,0,16384,5787,-5797,-568520,-21460592,-23027,-23311
5026,-515,16375,5756,-5828,-4653056,-21467335,-22301,-24007
5027,-1029,16351,5760,-5824,-4087130,-21416791,-21554,-24680
5028,-1542,16311,5765,-5820,-3538440,-21423289,-20787,-25329
5029,-2053,16254,5769,-5815,-2973690,-21429635,-20000,-25955
5030,-2563,16182,5773,-5811,-2446955,-21436238,-19195,-26556
5031,-3070,16093,5778,-5807,-1855889,-21442431,-18371,-27133
5032,-3574,15989,5782,-5803,-1309586,-21449475,-17530,-27683
5033,-4074,15869,5786,-5798,-745055,-21456029,-16673,-28208
5034,-4571,15733,5790,-5794,-203721,-21462867,-15623,-28803
5035,-5063,15582,5759,-5825,-4289694,-21469479,-14732,-29268
5036,-5550,15415,5763,-5821,-3727952,-21418957,-13828,-29706
5037,-6031,15233,5768,-5817,-3145670,-21425442,-12910,-30117
5038,-6507,15036,5772,-5813,-2618394,-21432241,-11980,-30498
5039,-6976,14824,5776,-5808,-2032302,-21438422,-11039,-30852
5040,-7438,14598,5781,-5804,-1476296,-21445387,-10087,-31176
5041,-7893,14357,5785,-5800,-943028,-21452042,-9126,-31470
5042,-8340,14102,5789,-5796,-368580,-21458476,-8157,-31736
5043,-8779,13833,5793,-5791,196562,-21465476,-6983,-32014
5044,-9209,13550,5762,-5822,-3899160,-21472422,-5998,-32213
5045,-9630,13255,5766,-5818,-3328151,-21421822,-5007,-32382
5046,-10042,12946,5770,-5814,-2799555,-21428463,-4011,-32521
5047,-10443,12624,5775,-5810,-2236116,-21434641,-3012,-32628
5048,-10835,12289,5779,-5806,-1683864,-21441306,-2009,-32705
5049,-11215,11943,5783,-5801,-1096954,-21447893,-1005,-32752
5050,-11585,11585,5787,-5797,-569666,-21454968,0,-32767
5051,-11943,11215,5792,-5793,0,-21461368,804,-32757
5052,-12289,10835,5831,-5753,5228064,-21468349,2009,-32705
5053,-12624,10443,5800,-5784,1096954,-21532966,3012,-32628
5054,-12946,10042,5805,-5780,1683864,-21482466,4011,-32521
5055,-13255,9630,5809,-5776,2236116,-21489838,5007,-32382
5056,-13550,9209,5813,-5771,2799555,-21496844,5998,-32213
5057,-13833,8779,5817,-5767,3328151,-21504047,6983,-32014
5058,-14102,8340,5821,-5763,3899160,-21510880,7962,-31785
5059,-14357,7893,5826,-5759,4461966,-21518293,8933,-31526
5060,-14598,7438,5830,-5754,5024814,-21525666,10087,-31176
5061,-14824,6976,5799,-5786,943028,-21533100,11039,-30852
5062,-15036,6507,5803,-5782,1476296,-21483188,11980,-30498
5063,-15233,6031,5807,-5777,2032302,-21489880,12910,-30117
5064,-15415,5550,5812,-5773,2618394,-21496910,13828,-29706
5065,-15582,5063,5816,-5769,3145670,-21504371,14732,-29268
5066,-15733,4571,5820,-5764,3727952,-21511168,15623,-28803
5067,-15869,4074,5824,-5760,4289694,-21518701,16499,-28310
5068,-15989,3574,5829,-5755,4876893,-21526043,17530,-27683
5069,-16093,3070,5797,-5787,745055,-21533759,18371,-27133
5070,-16182,2563,5802,-5783,1309586,-21483212,19195,-26556
5071,-16254,2053,5806,-5779,1855889,-21490269,20000,-25955
5072,-16311,1542,5810,-5774,2446955,-21497161,20787,-25329
5073,-16351,1029,5814,-5770,2973690,-21504665,21554,-24680
5074,-16375,515,5819,-5766,3538440,-21511437,22301,-24007
5075,-16384,0,5823,-5761,4087130,-21518735,23027,-23311
5076,-16375,-515,5827,-5757,4653056,-21525895,23870,-22448
5077,-16351,-1029,5796,-5788,568520,-21533327,24547,-21705
5078,-16311,-1542,5800,-5784,1123766,-21483341,25201,-20942
5079,-16254,-2053,5805,-5780,1683957,-21490265,25832,-20159
5080,-16182,-2563,5808,-5776,2210581,-21497309,26438,-19357
5081,-16093,-3070,5813,-5771,2787843,-21503998,27019,-18537
5082,-15989,-3574,5817,-5767,3356094,-21511369,27575,-17700
5083,-15869,-4074,5822,-5763,3921475,-21518691,28105,-16846
5084,-15733,-4571,5826,-5759,4461303,-21526038,28706,-15800
5085,-15582,-5063,5795,-5790,386828,-21533129,29177,-14912
5086,-15415,-5550,5799,-5786,945377,-21483247,29621,-14010
5087,-15233,-6031,5803,-5781,1508485,-21490192,30037,-13094
5088,-15036,-6507,5807,-5777,2030342,-21497253,30424,-12167
5089,-14824,-6976,5812,-5773,2627385,-21503865,30783,-11228
5090,-14598,-7438,5816,-5768,3185416,-21511462,31113,-10278
5091,-14357,-7893,5820,-5764,3716928,-21518640,31470,-9126
5092,-14102,-8340,5789,-5796,-368580,-21525550,31736,-8157
5093,-13833,-8779,5793,-5791,196562,-21475452,31971,-7179
5094,-13550,-9209,5798,-5787,750114,-21482398,32176,-6195
5095,-13255,-9630,5802,-5783,1315989,-21489261,32351,-5205
5096,-12946,-10042,5806,-5779,1844050,-21496336,32495,-4210
5097,-12624,-10443,5810,-5774,2414000,-21503004,32609,-3212
5098,-12289,-10835,5814,-5770,2970975,-21510246,32692,-2210
5099,-11943,-11215,5819,-5765,3569872,-21517388,32752,-1005
5100,-11585,-11585,5787,-5797,-569666,-21525108,32766,201
5101,-11215,-11943,5756,-5828,-4657170,-21474327,32745,1206
5102,-10835,-12289,5760,-5824,-4090188,-21423747,32692,2210
5103,-10443,-12624,5764,-5820,-3569872,-21430258,32609,3212
5104,-10042,-12946,5769,-5815,-2970975,-21436253,32495,4210
5105,-9630,-13255,5773,-5811,-2414000,-21443274,32351,5205
5106,-9209,-13550,5778,-5807,-1844050,-21449841,32176,6195
5107,-8779,-13833,5782,-5803,-1315989,-21456628,31971,7179
5108,-8340,-14102,5786,-5799,-750114,-21462958,31685,8351
5109,-7893,-14357,5755,-5830,-4844172,-21469812,31414,9319
5110,-7438,-14598,5759,-5825,-4287654,-21419131,31113,10278
5111,-6976,-14824,5763,-5821,-3716928,-21425492,30783,11228
5112,-6507,-15036,5767,-5817,-3185416,-21432088,30424,12167
5113,-6031,-15233,5772,-5813,-2627385,-21438261,30037,13094
5114,-5550,-15415,5776,-5808,-2030342,-21444818,29621,14010
5115,-5063,-15582,5780,-5804,-1508485,-21451917,29177,14912
5116,-4571,-15733,5785,-5800,-945377,-21458151,28706,15800
5117,-4074,-15869,5789,-5796,-386828,-21464950,28105,16846
5118,-3574,-15989,5758,-5827,-4461303,-21471753,27575,17700
5119,-3070,-16093,5762,-5823,-3921475,-21421353,27019,18537
5120,-2563,-16182,5766,-5818,-3356094,-21427549,26438,19357
5121,-2053,-16254,5770,-5814,-2787843,-21434119,25832,20159
5122,-1542,-16311,5775,-5809,-2210581,-21440784,25201,20942
5123,-1029,-16351,5779,-5806,-1683957,-21447621,24547,21705
5124,-515,-16375,5783,-5801,-1123766,-21453894,23870,22448
5125,0,-16384,5787,-5797,-568520,-21460638,23170,23170
5126,515,-16375,5792,-5793,0,-21467381,22301,24007
5127,1029,-16351,5760,-5824,-4087130,-21474347,21554,24680
5128,1542,-16311,5765,-5820,-3538440,-21423832,20787,25329
5129,2053,-16254,5769,-5815,-2973690,-21430178,20000,25955
5130,2563,-16182,5773,-5811,-2446955,-21436781,19195,26556
5131,3070,-16093,5778,-5807,-1855889,-21442974,18371,27133
5132,3574,-15989,5782,-5803,-1309586,-21450018,17530,27683
5133,4074,-15869,5786,-5798,-745055,-21456572,16673,28208
5134,4571,-15733,5790,-5794,-203721,-21463410,15623,28803
5135,5063,-15582,5759,-5825,-4289694,-21470022,14732,29268
5136,5550,-15415,5763,-5821,-3727952,-21419500,13828,29706
5137,6031,-15233,5768,-5817,-3145670,-21425985,12910,30117
5138,6507,-15036,5772,-5813,-2618394,-21432784,11980,30498
5139,6976,-14824,5776,-5808,-2032302,-21438965,11039,30852
5140,7438,-14598,5781,-5804,-1476296,-21445930,10087,31176
5141,7893,-14357,5785,-5800,-943028,-21452585,9126,31470
5142,8340,-14102,5789,-5796,-368580,-21459019,8157,31736
5143,8779,-13833,5793,-5791,196562,-21466019,6983,32014
5144,9209,-13550,5762,-5822,-3899160,-21472965,5998,32213
5145,9630,-13255,5766,-5818,-3328151,-21422365,5007,32382
5146,10042,-12946,5770,-5814,-2799555,-21429006,4011,32521
5147,10443,-12624,5775,-5810,-2236116,-21435184,3012,32628
5148,10835,-12289,5779,-5806,-1683864,-21441849,2009,32705
5149,11215,-11943,5783,-5801,-1096954,-21448436,1005,32752
5150,11585,-11585,5787,-5797,-569666,-21455511,0,32767
5151,11943,-11215,5792,-5793,0,-21461911,-804,32757
5152,12289,-10835,5831,-5753,5228064,-21468892,-2009,32705
5153,12624,-10443,5800,-5784,1096954,-21533509,-3012,32628
5154,12946,-10042,5805,-5780,1683864,-21483009,-4011,32521
5155,13255,-9630,5809,-5776,2236116,-21490381,-5007,32382
5156,13550,-9209,5813,-5771,2799555,-21497387,-5998,32213
5157,13833,-8779,5817,-5767,3328151,-21504590,-6983,32014
5158,14102,-8340,5821,-5763,3899160,-21511423,-7962,31785
5159,14357,-7893,5826,-5759,4461966,-21518836,-8933,31526
5160,14598,-7438,5830,-5754,5024814,-21526209,-10087,31176
5161,14824,-6976,5799,-5786,943028,-21533643,-11039,30852
5162,15036,-6507,5803,-5782,1476296,-21483731,-11980,30498
5163,15233,-6031,5807,-5777,2032302,-21490423,-12910,30117
5164,15415,-5550,5812,-5773,2618394,-21497453,-13828,29706
5165,15582,-5063,5816,-5769,3145670,-21504914,-14732,29268
5166,15733,-4571,5820,-5764,3727952,-21511711,-15623,28803
5167,15869,-4074,5824,-5760,4289694,-21519244,-16499,28310
5168,15989,-3574,5829,-5755,4876893,-21526586,-17530,27683
5169,16093,-3070,5797,-5787,745055,-21534302,-18371,27133
5170,16182,-2563,5802,-5783,1309586,-21483755,-19195,26556
5171,16254,-2053,5806,-5779,1855889,-21490812,-20000,25955
5172,16311,-1542,5810,-5774,2446955,-21497704,-20787,25329
5173,16351,-1029,5814,-5770,2973690,-21505208,-21554,24680
5174,16375,-515,5819,-5766,3538440,-21511980,-22301,24007
5175,16384,0,5823,-5761,4087130,-21519278,-23027,23311
5176,16375,515,5827,-5757,4653056,-21526438,-23870,22448
5177,16351,1029,5796,-5788,568520,-21533870,-24547,21705
5178,16311,1542,5800,-5784,1123766,-21483884,-25201,20942
5179,16254,2053,5805,-5780,1683957,-21490808,-25832,20159
5180,16182,2563,5808,-5776,2210581,-21497852,-26438,19357
5181,16093,3070,5813,-5771,2787843,-21504541,-27019,18537
5182,15989,3574,5817,-5767,3356094,-21511912,-27575,17700
5183,15869,4074,5822,-5763,3921475,-21519234,-28208,16673
5184,15733,4571,5790,-5794,-203721,-21526581,-28706,15800
5185,15582,5063,5795,-5790,386828,-21476015,-29177,14912
5186,15415,5550,5799,-5786,945377,-21483293,-29621,14010
5187,15233,6031,5803,-5781,1508485,-21490238,-30037,13094
5188,15036,6507,5807,-5777,2030342,-21497299,-30424,12167
5189,14824,6976,5812,-5773,2627385,-21503911,-30783,11228
5190,14598,7438,5816,-5768,3185416,-21511508,-31113,10278
5191,14357,7893,5820,-5764,3716928,-21518686,-31470,9126
5192,14102,8340,5789,-5796,-368580,-21525596,-31736,8157
5193,13833,8779,5793,-5791,196562,-21475498,-31971,7179
5194,13550,9209,5798,-5787,750114,-21482444,-32176,6195
5195,13255,9630,5802,-5783,1315989,-21489307,-32351,5205
5196,12946,10042,5806,-5779,1844050,-21496382,-32495,4210
5197,12624,10443,5810,-5774,2414000,-21503050,-32609,3212
5198,12289,10835,5814,-5770,2970975,-21510292,-32692,2210
5199,11943,11215,5819,-5765,3569872,-21517434,-32752,1005
5200,11585,11585,5787,-5797,-569666,-21525154,-32766,-201
5201,11215,11943,5756,-5828,-4657170,-21474373,-32745,-1206
5202,10835,12289,5760,-5824,-4090188,-21423793,-32692,-2210
5203,10443,12624,5764,-5820,-3569872,-21430304,-32609,-3212
5204,10042,12946,5769,-5815,-2970975,-21436299,-32495,-4210
5205,9630,13255,5773,-5811,-2414000,-21443320,-32351,-5205
5206,9209,13550,5778,-5807,-1844050,-21449887,-32176,-6195
5207,8779,13833,5782,-5803,-1315989,-21456674,-31971,-7179
5208,8340,14102,5786,-5799,-750114,-21463004,-31685,-8351
5209,7893,14357,5755,-5830,-4844172,-21469858,-31414,-9319
5210,7438,14598,5759,-5825,-4287654,-21419177,-31113,-10278
5211,6976,14824,5763,-5821,-3716928,-21425538,-30783,-11228
5212,6507,15036,5767,-5817,-3185416,-21432134,-30424,-12167
5213,6031,15233,5772,-5813,-2627385,-21438307,-30037,-13094
5214,5550,15415,5776,-5808,-2030342,-21444864,-29621,-14010
5215,5063,15582,5780,-5804,-1508485,-21451963,-29177,-14912
5216,4571,15733,5785,-5800,-945377,-21458197,-28706,-15800
5217,4074,15869,5789,-5796,-386828,-21464996,-28105,-16846
5218,3574,15989,5758,-5827,-4461303,-21471799,-27575,-17700
5219,3070,16093,5762,-5823,-3921475,-21421399,-27019,-18537
5220,2563,16182,5766,-5818,-3356094,-21427595,-26438,-19357
5221,2053,16254,5770,-5814,-2787843,-21434165,-25832,-20159
5222,1542,16311,5775,-5809,-2210581,-21440830,-25201,-20942
5223,1029,16351,5779,-5806,-1683957,-21447667,-24547,-21705
5224,515,16375,5783,-5801,-1123766,-21453940,-23870,-22448
5225,0,16384,5787,-5797,-568520,-21460684,-23027,-23311
5226,-515,16375,5756,-5828,-4653056,-21467427,-22301,-24007
5227,-1029,16351,5760,-5824,-4087130,-21416883,-21554,-24680
5228,-1542,16311,5765,-5820,-3538440,-21423381,-20787,-25329
5229,-2053,16254,5769,-5815,-2973690,-21429727,-20000,-25955
5230,-2563,16182,5773,-5811,-2446955,-21436330,-19195,-26556
5231,-3070,16093,5778,-5807,-1855889,-21442523,-18371,-27133
5232,-3574,15989,5782,-5803,-1309586,-21449567,-17530,-27683
5233,-4074,15869,5786,-5798,-745055,-21456121,-16673,-28208
5234,-4571,15733,5790,-5794,-203721,-21462959,-15623,-28803
5235,-5063,15582,5759,-5825,-4289694,-21469571,-14732,-29268
5236,-5550,15415,5763,-5821,-3727952,-21419049,-13828,-29706
5237,-6031,15233,5768,-5817,-3145670,-21425534,-12910,-30117
5238,-6507,15036,5772,-5813,-2618394,-21432333,-11980,-30498
5239,-6976,14824,5776,-5808,-2032302,-21438514,-11039,-30852
5240,-7438,14598,5781,-5804,-1476296,-21445479,-10087,-31176
5241,-7893,14357,5785,-5800,-943028,-21452134,-9126,-31470
5242,-8340,14102,5789,-5796,-368580,-21458568,-8157,-31736
5243,-8779,13833,5793,-5791,196562,-21465568,-6983,-32014
5244,-9209,13550,5762,-5822,-3899160,-21472514,-5998,-32213
5245,-9630,13255,5766,-5818,-3328151,-21421914,-5007,-32382
5246,-10042,12946,5770,-5814,-2799555,-21428555,-4011,-32521
5247,-10443,12624,5775,-5810,-2236116,-21434733,-3012,-32628
5248,-10835,12289,5779,-5806,-1683864,-21441398,-2009,-32705
5249,-11215,11943,5783,-5801,-1096954,-21447985,-1005,-32752
5250,-11585,11585,5787,-5797,-569666,-21455060,0,-32767
5251,-11943,11215,5792,-5793,0,-21461460,804,-32757
5252,-12289,10835,5831,-5753,5228064,-21468441,2009,-32705
5253,-12624,10443,5800,-5784,1096954,-21533058,3012,-32628
5254,-12946,10042,5805,-5780,1683864,-21482558,4011,-32521
5255,-13255,9630,5809,-5776,2236116,-21489930,5007,-32382
5256,-13550,9209,5813,-5771,2799555,-21496936,5998,-32213
5257,-13833,8779,5817,-5767,3328151,-21504139,6983,-32014
5258,-14102,8340,5821,-5763,3899160,-21510972,7962,-31785
5259,-14357,7893,5826,-5759,4461966,-21518385,8933,-31526
5260,-14598,7438,5830,-5754,5024814,-21525758,10087,-31176
5261,-14824,6976,5799,-5786,943028,-21533192,11039,-30852
5262,-15036,6507,5803,-5782,1476296,-21483280,11980,-30498
5263,-15233,6031,5807,-5777,2032302,-21489972,12910,-30117
5264,-15415,5550,5812,-5773,2618394,-21497002,13828,-29706
5265,-15582,5063,5816,-5769,3145670,-21504463,14732,-29268
5266,-15733,4571,5820,-5764,3727952,-21511260,15623,-28803
5267,-15869,4074,5824,-5760,4289694,-21518793,16499,-28310
5268,-15989,3574,5829,-5755,4876893,-21526135,17530,-27683
5269,-16093,3070,5797,-5787,745055,-21533851,18371,-27133
5270,-16182,2563,5802,-5783,1309586,-21483304,19195,-26556
5271,-16254,2053,5806,-5779,1855889,-21490361,20000,-25955
5272,-16311,1542,5810,-5774,2446955,-21497253,20787,-25329
5273,-16351,1029,5814,-5770,2973690,-21504757,21554,-24680
5274,-16375,515,5819,-5766,3538440,-21511529,22301,-24007
5275,-16384,0,5823,-5761,4087130,-21518827,23027,-23311
5276,-16375,-515,5827,-5757,4653056,-21525987,23870,-22448
5277,-16351,-1029,5796,-5788,568520,-21533419,24547,-21705
5278,-16311,-1542,5800,-5784,1123766,-21483433,25201,-20942
5279,-16254,-2053,5805,-5780,1683957,-21490357,25832,-20159
5280,-16182,-2563,5808,-5776,2210581,-21497401,26438,-19357
5281,-16093,-3070,5813,-5771,2787843,-21504090,27019,-18537
5282,-15989,-3574,5817,-5767,3356094,-21511461,27575,-17700
5283,-15869,-4074,5822,-5763,3921475,-21518783,28105,-16846
5284,-15733,-4571,5826,-5759,4461303,-21526130,28706,-15800
5285,-15582,-5063,5795,-5790,386828,-21533221,29177,-14912
5286,-15415,-5550,5799,-5786,945377,-21483339,29621,-14010
5287,-15233,-6031,5803,-5781,1508485,-21490284,30037,-13094
5288,-15036,-6507,5807,-5777,2030342,-21497345,30424,-12167
5289,-14824,-6976,5812,-5773,2627385,-21503957,30783,-11228
5290,-14598,-7438,5816,-5768,3185416,-21511554,31113,-10278
5291,-14357,-7893,5820,-5764,3716928,-21518732,31470,-9126
5292,-14102,-8340,5789,-5796,-368580,-21525642,31736,-8157
5293,-13833,-8779,5793,-5791,196562,-21475544,31971,-7179
5294,-13550,-9209,5798,-5787,750114,-21482490,32176,-6195
5295,-13255,-9630,5802,-5783,1315989,-21489353,32351,-5205
5296,-12946,-10042,5806,-5779,1844050,-21496428,32495,-4210
5297,-12624,-10443,5810,-5774,2414000,-21503096,32609,-3212
5298,-12289,-10835,5814,-5770,2970975,-21510338,32692,-2210
5299,-11943,-11215,5819,-5765,3569872,-21517480,32752,-1005
5300,-11585,-11585,5787,-5797,-569666,-21525200,32766,201
5301,-11215,-11943,5756,-5828,-4657170,-21474419,32745,1206
5302,-10835,-12289,5760,-5824,-4090188,-21423839,32692,2210
5303,-10443,-12624,5764,-5820,-3569872,-21430350,32609,3212
5304,-10042,-12946,5769,-5815,-2970975,-21436345,32495,4210
5305,-9630,-13255,5773,-5811,-2414000,-21443366,32351,5205
5306,-9209,-13550,5778,-5807,-1844050,-21449933,32176,6195
5307,-8779,-13833,5782,-5803,-1315989,-21456720,31971,7179
5308,-8340,-14102,5786,-5799,-750114,-21463050,31685,8351
5309,-7893,-14357,5755,-5830,-4844172,-21469904,31414,9319
5310,-7438,-14598,5759,-5825,-4287654,-21419223,31113,10278
5311,-6976,-14824,5763,-5821,-3716928,-21425584,30783,11228
5312,-6507,-15036,5767,-5817,-3185416,-21432180,30424,12167
5313,-6031,-15233,5772,-5813,-2627385,-21438353,30037,13094
5314,-5550,-15415,5776,-5808,-2030342,-21444910,29621,14010
5315,-5063,-15582,5780,-5804,-1508485,-21452009,29177,14912
5316,-4571,-15733,5785,-5800,-945377,-21458243,28706,15800
5317,-4074,-15869,5789,-5796,-386828,-21465042,28105,16846
5318,-3574,-15989,5758,-5827,-4461303,-21471845,27575,17700
5319,-3070,-16093,5762,-5823,-3921475,-21421445,27019,18537
5320,-2563,-16182,5766,-5818,-3356094,-21427641,26438,19357
5321,-2053,-16254,5770,-5814,-2787843,-21434211,25832,20159
5322,-1542,-16311,5775,-5809,-2210581,-21440876,25201,20942
5323,-1029,-16351,5779,-5806,-1683957,-21447713,24547,21705
5324,-515,-16375,5783,-5801,-1123766,-21453986,23870,22448
5325,0,-16384,5787,-5797,-568520,-21460730,23027,23311
5326,515,-16375,5756,-5828,-4653056,-21467473,22301,24007
5327,1029,-16351,5760,-5824,-4087130,-21416929,21554,24680
5328,1542,-16311,5765,-5820,-3538440,-21423427,20787,25329
5329,2053,-16254,5769,-5815,-2973690,-21429773,20000,25955
5330,2563,-16182,5773,-5811,-2446955,-21436376,19195,26556
5331,3070,-16093,5778,-5807,-1855889,-21442569,18371,27133
5332,3574,-15989,5782,-5803,-1309586,-21449613,17530,27683
5333,4074,-15869,5786,-5798,-745055,-21456167,16673,28208
5334,4571,-15733,5790,-5794,-203721,-21463005,15623,28803
5335,5063,-15582,5759,-5825,-4289694,-21469617,14732,29268
5336,5550,-15415,5763,-5821,-3727952,-21419095,13828,29706
5337,6031,-15233,5768,-5817,-3145670,-21425580,12910,30117
5338,6507,-15036,5772,-5813,-2618394,-21432379,11980,30498
5339,6976,-14824,5776,-5808,-2032302,-21438560,11039,30852
5340,7438,-14598,5781,-5804,-1476296,-21445525,10087,31176
5341,7893,-14357,5785,-5800,-943028,-21452180,9126,31470
5342,8340,-14102,5789,-5796,-368580,-21458614,8157,31736
5343,8779,-13833,5793,-5791,196562,-21465614,6983,32014
5344,9209,-13550,5762,-5822,-3899160,-21472560,5998,32213
5345,9630,-13255,5766,-5818,-3328151,-21421960,5007,32382
5346,10042,-12946,5770,-5814,-2799555,-21428601,4011,32521
5347,10443,-12624,5775,-5810,-2236116,-21434779,3012,32628
5348,10835,-12289,5779,-5806,-1683864,-21441444,2009,32705
5349,11215,-11943,5783,-5801,-1096954,-21448031,1005,32752
5350,11585,-11585,5787,-5797,-569666,-21455106,0,32767
5351,11943,-11215,5792,-5793,0,-21461506,-804,32757
5352,12289,-10835,5831,-5753,5228064,-21468487,-2009,32705
5353,12624,-10443,5800,-5784,1096954,-21533104,-3012,32628
5354,12946,-10042,5805,-5780,1683864,-21482604,-4011,32521
5355,13255,-9630,5809,-5776,2236116,-21489976,-5007,32382
5356,13550,-9209,5813,-5771,2799555,-21496982,-5998,32213
5357,13833,-8779,5817,-5767,3328151,-21504185,-6983,32014
5358,14102,-8340,5821,-5763,3899160,-21511018,-7962,31785
5359,14357,-7893,5826,-5759,4461966,-21518431,-8933,31526
5360,14598,-7438,5830,-5754,5024814,-21525804,-10087,31176
5361,14824,-6976,5799,-5786,943028,-21533238,-11039,30852
5362,15036,-6507,5803,-5782,1476296,-21483326,-11980,30498
5363,15233,-6031,5807,-5777,2032302,-21490018,-12910,30117
5364,15415,-5550,5812,-5773,2618394,-21497048,-13828,29706
5365,15582,-5063,5816,-5769,3145670,-21504509,-14732,29268
5366,15733,-4571,5820,-5764,3727952,-21511306,-15623,28803
5367,15869,-4074,5824,-5760,4289694,-21518839,-16499,28310
5368,15989,-3574,5829,-5755,4876893,-21526181,-17530,27683
5369,16093,-3070,5797,-5787,745055,-21533897,-18371,27133
5370,16182,-2563,5802,-5783,1309586,-21483350,-19195,26556
5371,16254,-2053,5806,-5779,1855889,-21490407,-20000,25955
5372,16311,-1542,5810,-5774,2446955,-21497299,-20787,25329
5373,16351,-1029,5814,-5770,2973690,-21504803,-21554,24680
5374,16375,-515,5819,-5766,3538440,-21511575,-22301,24007
5375,16384,0,5823,-5761,4087130,-21518873,-23027,23311
5376,16375,515,5827,-5757,4653056,-21526033,-23870,22448
5377,16351,1029,5796,-5788,568520,-21533465,-24547,21705
5378,16311,1542,5800,-5784,1123766,-21483479,-25201,20942
5379,16254,2053,5805,-5780,1683957,-21490403,-25832,20159
5380,16182,2563,5808,-5776,2210581,-21497447,-26438,19357
5381,16093,3070,5813,-5771,2787843,-21504136,-27019,18537
5382,15989,3574,5817,-5767,3356094,-21511507,-27575,17700
5383,15869,4074,5822,-5763,3921475,-21518829,-28105,16846
5384,15733,4571,5826,-5759,4461303,-21526176,-28706,15800
5385,15582,5063,5795,-5790,386828,-21533267,-29177,14912
5386,15415,5550,5799,-5786,945377,-21483385,-29621,14010
5387,15233,6031,5803,-5781,1508485,-21490330,-30037,13094
5388,15036,6507,5807,-5777,2030342,-21497391,-30424,12167
5389,14824,6976,5812,-5773,2627385,-21504003,-30783,11228
5390,14598,7438,5816,-5768,3185416,-21511600,-31113,10278
5391,14357,7893,5820,-5764,3716928,-21518778,-31470,9126
5392,14102,8340,5789,-5796,-368580,-21525688,-31736,8157
5393,13833,8779,5793,-5791,196562,-21475590,-31971,7179
5394,13550,9209,5798,-5787,750114,-21482536,-32176,6195
5395,13255,9630,5802,-5783,1315989,-21489399,-32351,5205
5396,12946,10042,5806,-5779,1844050,-21496474,-32495,4210
5397,12624,10443,5810,-5774,2414000,-21503142,-32609,3212
5398,12289,10835,5814,-5770,2970975,-21510384,-32692,2210
5399,11943,11215,5819,-5765,3569872,-21517526,-32752,1005
5400,11585,11585,5787,-5797,-569666,-21525246,-32766,-201
5401,11215,11943,5756,-5828,-4657170,-21474465,-32745,-1206
5402,10835,12289,5760,-5824,-4090188,-21423885,-32692,-2210
5403,10443,12624,5764,-5820,-3569872,-21430396,-32609,-3212
5404,10042,12946,5769,-5815,-2970975,-21436391,-32495,-4210
5405,9630,13255,5773,-5811,-2414000,-21443412,-32351,-5205
5406,9209,13550,5778,-5807,-1844050,-21449979,-32176,-6195
5407,8779,13833,5782,-5803,-1315989,-21456766,-31971,-7179
5408,8340,14102,5786,-5799,-750114,-21463096,-31685,-8351
5409,7893,14357,5755,-5830,-4844172,-21469950,-31414,-9319
5410,7438,14598,5759,-5825,-4287654,-21419269,-31113,-10278
5411,6976,14824,5763,-5821,-3716928,-21425630,-30783,-11228
5412,6507,15036,5767,-5817,-3185416,-21432226,-30424,-12167
5413,6031,15233,5772,-5813,-2627385,-21438399,-30037,-13094
5414,5550,15415,5776,-5808,-2030342,-21444956,-29621,-14010
5415,5063,15582,5780,-5804,-1508485,-21452055,-29177,-14912
5416,4571,15733,5785,-5800,-945377,-21458289,-28706,-15800
5417,4074,15869,5789,-5796,-386828,-21465088,-28105,-16846
5418,3574,15989,5758,-5827,-4461303,-21471891,-27575,-17700
5419,3070,16093,5762,-5823,-3921475,-21421491,-27019,-18537
5420,2563,16182,5766,-5818,-3356094,-21427687,-26438,-19357
5421,2053,16254,5770,-5814,-2787843,-21434257,-25832,-20159
5422,1542,16311,5775,-5809,-2210581,-21440922,-25201,-20942
5423,1029,16351,5779,-5806,-1683957,-21447759,-24547,-21705
5424,515,16375,5783,-5801,-1123766,-21454032,-23870,-22448
5425,0,16384,5787,-5797,-568520,-21460776,-23027,-23311
5426,-515,16375,5756,-5828,-4653056,-21467519,-22301,-24007
5427,-1029,16351,5760,-5824,-4087130,-21416975,-21554,-24680
5428,-1542,16311,5765,-5820,-3538440,-21423473,-20787,-25329
5429,-2053,16254,5769,-5815,-2973690,-21429819,-20000,-25955
5430,-2563,16182,5773,-5811,-2446955,-21436422,-19195,-26556
5431,-3070,16093,5778,-5807,-1855889,-21442615,-18371,-27133
5432,-3574,15989,5782,-5803,-1309586,-21449659,-17530,-27683
5433,-4074,15869,5786,-5798,-745055,-21456213,-16673,-28208
5434,-4571,15733,5790,-5794,-203721,-21463051,-15623,-28803
5435,-5063,15582,5759,-5825,-4289694,-21469663,-14732,-29268
5436,-5550,15415,5763,-5821,-3727952,-21419141,-13828,-29706
5437,-6031,15233,5768,-5817,-3145670,-21425626,-12910,-30117
5438,-6507,15036,5772,-5813,-2618394,-21432425,-11980,-30498
5439,-6976,14824,5776,-5808,-2032302,-21438606,-11039,-30852
5440,-7438,14598,5781,-5804,-1476296,-21445571,-10087,-31176
5441,-7893,14357,5785,-5800,-943028,-21452226,-9126,-31470
5442,-8340,14102,5789,-5796,-368580,-21458660,-8157,-31736
5443,-8779,13833,5793,-5791,196562,-21465660,-6983,-32014
5444,-9209,13550,5762,-5822,-3899160,-21472606,-5998,-32213
5445,-9630,13255,5766,-5818,-3328151,-21422006,-5007,-32382
5446,-10042,12946,5770,-5814,-2799555,-21428647,-4011,-32521
5447,-10443,12624,5775,-5810,-2236116,-21434825,-3012,-32628
5448,-10835,12289,5779,-5806,-1683864,-21441490,-2009,-32705
5449,-11215,11943,5783,-5801,-1096954,-21448077,-1005,-32752
5450,-11585,11585,5787,-5797,-569666,-21455152,0,-32767
5451,-11943,11215,5792,-5793,0,-21461552,804,-32757
5452,-12289,10835,5831,-5753,5228064,-21468533,2009,-32705
5453,-12624,10443,5800,-5784,1096954,-21533150,3012,-32628
5454,-12946,10042,5805,-5780,1683864,-21482650,4011,-32521
5455,-13255,9630,5809,-5776,2236116,-21490022,5007,-32382
5456,-13550,9209,5813,-5771,2799555,-21497028,5998,-32213
5457,-13833,8779,5817,-5767,3328151,-21504231,6983,-32014
5458,-14102,8340,5821,-5763,3899160,-21511064,7962,-31785
5459,-14357,7893,5826,-5759,4461966,-21518477,8933,-31526
5460,-14598,7438,5830,-5754,5024814,-21525850,10087,-31176
5461,-14824,6976,5799,-5786,943028,-21533284,11039,-30852
5462,-15036,6507,5803,-5782,1476296,-21483372,11980,-30498
5463,-15233,6031,5807,-5777,2032302,-21490064,12910,-30117
5464,-15415,5550,5812,-5773,2618394,-21497094,13828,-29706
5465,-15582,5063,5816,-5769,3145670,-21504555,14732,-29268
5466,-15733,4571,5820,-5764,3727952,-21511352,15623,-28803
5467,-15869,4074,5824,-5760,4289694,-21518885,16499,-28310
5468,-15989,3574,5829,-5755,4876893,-21526227,17530,-27683
5469,-16093,3070,5797,-5787,745055,-21533943,18371,-27133
5470,-16182,2563,5802,-5783,1309586,-21483396,19195,-26556
5471,-16254,2053,5806,-5779,1855889,-21490453,20000,-25955
5472,-16311,1542,5810,-5774,2446955,-21497345,20787,-25329
5473,-16351,1029,5814,-5770,2973690,-21504849,21554,-24680
5474,-16375,515,5819,-5766,3538440,-21511621,22301,-24007
5475,-16384,0,5823,-5761,4087130,-21518919,23027,-23311
5476,-16375,-515,5827,-5757,4653056,-21526079,23870,-22448
5477,-16351,-1029,5796,-5788,568520,-21533511,24547,-21705
5478,-16311,-1542,5800,-5784,1123766,-21483525,25201,-20942
5479,-16254,-2053,5805,-5780,1683957,-21490449,25832,-20159
5480,-16182,-2563,5808,-5776,2210581,-21497493,26438,-19357
5481,-16093,-3070,5813,-5771,2787843,-21504182,27019,-18537
5482,-15989,-3574,5817,-5767,3356094,-21511553,27575,-17700
5483,-15869,-4074,5822,-5763,3921475,-21518875,28105,-16846
5484,-15733,-4571,5826,-5759,4461303,-21526222,28706,-15800
5485,-15582,-5063,5795,-5790,386828,-21533313,29177,-14912
5486,-15415,-5550,5799,-5786,945377,-21483431,29621,-14010
5487,-15233,-6031,5803,-5781,1508485,-21490376,30037,-13094
5488,-15036,-6507,5807,-5777,2030342,-21497437,30424,-12167
5489,-14824,-6976,5812,-5773,2627385,-21504049,30783,-11228
5490,-14598,-7438,5816,-5768,3185416,-21511646,31113,-10278
5491,-14357,-7893,5820,-5764,3716928,-21518824,31470,-9126
5492,-14102,-8340,5789,-5796,-368580,-21525734,31736,-8157
5493,-13833,-8779,5793,-5791,196562,-21475636,31971,-7179
5494,-13550,-9209,5798,-5787,750114,-21482582,32176,-6195
5495,-13255,-9630,5802,-5783,1315989,-21489445,32351,-5205
5496,-12946,-10042,5806,-5779,1844050,-21496520,32495,-4210
5497,-12624,-10443,5810,-5774,2414000,-21503188,32609,-3212
5498,-12289,-10835,5814,-5770,2970975,-21510430,32692,-2210
5499,-11943,-11215,5819,-5765,3569872,-21517572,32752,-1005
5500,-11585,-11585,5787,-5797,-569666,-21525292,32766,201
5501,-11215,-11943,5756,-5828,-4657170,-21474511,32745,1206
5502,-10835,-12289,5760,-5824,-4090188,-21423931,32692,2210
5503,-10443,-12624,5764,-5820,-3569872,-21430442,32609,3212
5504,-10042,-12946,5769,-5815,-2970975,-21436437,32495,4210
5505,-9630,-13255,5773,-5811,-2414000,-21443458,32351,5205
5506,-9209,-13550,5778,-5807,-1844050,-21450025,32176,6195
5507,-8779,-13833,5782,-5803,-1315989,-21456812,31971,7179
5508,-8340,-14102,5786,-5799,-750114,-21463142,31685,8351
5509,-7893,-14357,5755,-5830,-4844172,-21469996,31414,9319
5510,-7438,-14598,5759,-5825,-4287654,-21419315,31113,10278
5511,-6976,-14824,5763,-5821,-3716928,-21425676,30783,11228
5512,-6507,-15036,5767,-5817,-3185416,-21432272,30424,12167
5513,-6031,-15233,5772,-5813,-2627385,-21438445,30037,13094
5514,-5550,-15415,5776,-5808,-2030342,-21445002,29621,14010
5515,-5063,-15582,5780,-5804,-1508485,-21452101,29177,14912
5516,-4571,-15733,5785,-5800,-945377,-21458335,28706,15800
5517,-4074,-15869,5789,-5796,-386828,-21465134,28105,16846
5518,-3574,-15989,5758,-5827,-4461303,-21471937,27575,17700
5519,-3070,-16093,5762,-5823,-3921475,-21421537,27019,18537
5520,-2563,-16182,5766,-5818,-3356094,-21427733,26438,19357
5521,-2053,-16254,5770,-5814,-2787843,-21434303,25832,20159
5522,-1542,-16311,5775,-5809,-2210581,-21440968,25201,20942
5523,-1029,-16351,5779,-5806,-1683957,-21447805,24547,21705
5524,-515,-16375,5783,-5801,-1123766,-21454078,23870,22448
5525,0,-16384,5787,-5797,-568520,-21460822,23027,23311
5526,515,-16375,5756,-5828,-4653056,-21467565,22301,24007
5527,1029,-16351,5760,-5824,-4087130,-21417021,21554,24680
5528,1542,-16311,5765,-5820,-3538440,-21423519,20787,25329
5529,2053,-16254,5769,-5815,-2973690,-21429865,20000,25955
5530,2563,-16182,5773,-5811,-2446955,-21436468,19195,26556
5531,3070,-16093,5778,-5807,-1855889,-21442661,18371,27133
5532,3574,-15989,5782,-5803,-1309586,-21449705,17530,27683
5533,4074,-15869,5786,-5798,-745055,-21456259,16673,28208
5534,4571,-15733,5790,-5794,-203721,-21463097,15623,28803
5535,5063,-15582,5759,-5825,-4289694,-21469709,14732,29268
5536,5550,-15415,5763,-5821,-3727952,-21419187,13828,29706
5537,6031,-15233,5768,-5817,-3145670,-21425672,12910,30117
5538,6507,-15036,5772,-5813,-2618394,-21432471,11980,30498
5539,6976,-14824,5776,-5808,-2032302,-21438652,11039,30852
5540,7438,-14598,5781,-5804,-1476296,-21445617,10087,31176
5541,7893,-14357,5785,-5800,-943028,-21452272,9126,31470
5542,8340,-14102,5789,-5796,-368580,-21458706,8157,31736
5543,8779,-13833,5793,-5791,196562,-21465706,6983,32014
5544,9209,-13550,5762,-5822,-3899160,-21472652,5998,32213
5545,9630,-13255,5766,-5818,-3328151,-21422052,5007,32382
5546,10042,-12946,5770,-5814,-2799555,-21428693,4011,32521
5547,10443,-12624,5775,-5810,-2236116,-21434871,3012,32628
5548,10835,-12289,5779,-5806,-1683864,-21441536,2009,32705
5549,11215,-11943,5783,-5801,-1096954,-21448123,1005,32752
5550,11585,-11585,5787,-5797,-569666,-21455198,0,32767
5551,11943,-11215,5792,-5793,0,-21461598,-804,32757
5552,12289,-10835,5831,-5753,5228064,-21468579,-2009,32705
5553,12624,-10443,5800,-5784,1096954,-21533196,-3012,32628
5554,12946,-10042,5805,-5780,1683864,-21482696,-4011,32521
5555,13255,-9630,5809,-5776,2236116,-21490068,-5007,32382
5556,13550,-9209,5813,-5771,2799555,-21497074,-5998,32213
5557,13833,-8779,5817,-5767,3328151,-21504277,-6983,32014
5558,14102,-8340,5821,-5763,3899160,-21511110,-7962,31785
5559,14357,-7893,5826,-5759,4461966,-21518523,-8933,31526
5560,14598,-7438,5830,-5754,5024814,-21525896,-10087,31176
5561,14824,-6976,5799,-5786,943028,-21533330,-11039,30852
5562,15036,-6507,5803,-5782,1476296,-21483418,-11980,30498
5563,15233,-6031,5807,-5777,2032302,-21490110,-12910,30117
5564,15415,-5550,5812,-5773,2618394,-21497140,-13828,29706
5565,15582,-5063,5816,-5769,3145670,-21504601,-14732,29268
5566,15733,-4571,5820,-5764,3727952,-21511398,-15623,28803
5567,15869,-4074,5824,-5760,4289694,-21518931,-16499,28310
5568,15989,-3574,5829,-5755,4876893,-21526273,-17530,27683
5569,16093,-3070,5797,-5787,745055,-21533989,-18371,27133
5570,16182,-2563,5802,-5783,1309586,-21483442,-19195,26556
5571,16254,-2053,5806,-5779,1855889,-21490499,-20000,25955
5572,16311,-1542,5810,-5774,2446955,-21497391,-20787,25329
5573,16351,-1029,5814,-5770,2973690,-21504895,-21554,24680
5574,16375,-515,5819,-5766,3538440,-21511667,-22301,24007
5575,16384,0,5823,-5761,4087130,-21518965,-23027,23311
5576,16375,515,5827,-5757,4653056,-21526125,-23870,22448
5577,16351,1029,5796,-5788,568520,-21533557,-24547,21705
5578,16311,1542,5800,-5784,1123766,-21483571,-25201,20942
5579,16254,2053,5805,-5780,1683957,-21490495,-25832,20159
5580,16182,2563,5808,-5776,2210581,-21497539,-26438,19357
5581,16093,3070,5813,-5771,2787843,-21504228,-27019,18537
5582,15989,3574,5817,-5767,3356094,-21511599,-27575,17700
5583,15869,4074,5822,-5763,3921475,-21518921,-28105,16846
5584,15733,4571,5826,-5759,4461303,-21526268,-28706,15800
5585,15582,5063,5795,-5790,386828,-21533359,-29177,14912
5586,15415,5550,5799,-5786,945377,-21483477,-29621,14010
5587,15233,6031,5803,-5781,1508485,-21490422,-30037,13094
5588,15036,6507,5807,-5777,2030342,-21497483,-30424,12167
5589,14824,6976,5812,-5773,2627385,-21504095,-30783,11228
5590,14598,7438,5816,-5768,3185416,-21511692,-31113,10278
5591,14357,7893,5820,-5764,3716928,-21518870,-31470,9126
5592,14102,8340,5789,-5796,-368580,-21525780,-31736,8157
5593,13833,8779,5793,-5791,196562,-21475682,-31971,7179
5594,13550,9209,5798,-5787,750114,-21482628,-32176,6195
5595,13255,9630,5802,-5783,1315989,-21489491,-32351,5205
5596,12946,10042,5806,-5779,1844050,-21496566,-32495,4210
5597,12624,10443,5810,-5774,2414000,-21503234,-32609,3212
5598,12289,10835,5814,-5770,2970975,-21510476,-32692,2210
5599,11943,11215,5819,-5765,3569872,-21517618,-32752,1005
5600,11585,11585,5787,-5797,-569666,-21525338,-32766,-201
5601,11215,11943,5756,-5828,-4657170,-21474557,-32745,-1206
5602,10835,12289,5760,-5824,-4090188,-21423977,-32692,-2210
5603,10443,12624,5764,-5820,-3569872,-21430488,-32609,-3212
5604,10042,12946,5769,-5815,-2970975,-21436483,-32495,-4210
5605,9630,13255,5773,-5811,-2414000,-21443504,-32351,-5205
5606,9209,13550,5778,-5807,-1844050,-21450071,-32176,-6195
5607,8779,13833,5782,-5803,-1315989,-21456858,-31971,-7179
5608,8340,14102,5786,-5799,-750114,-21463188,-31685,-8351
5609,7893,14357,5755,-5830,-4844172,-21470042,-31414,-9319
5610,7438,14598,5759,-5825,-4287654,-21419361,-31113,-10278
5611,6976,14824,5763,-5821,-3716928,-21425722,-30783,-11228
5612,6507,15036,5767,-5817,-3185416,-21432318,-30424,-12167
5613,6031,15233,5772,-5813,-2627385,-21438491,-30037,-13094
5614,5550,15415,5776,-5808,-2030342,-21445048,-29621,-14010
5615,5063,15582,5780,-5804,-1508485,-21452147,-29177,-14912
5616,4571,15733,5785,-5800,-945377,-21458381,-28706,-15800
5617,4074,15869,5789,-5796,-386828,-21465180,-28105,-16846
5618,3574,15989,5758,-5827,-4461303,-21471983,-27575,-17700
5619,3070,16093,5762,-5823,-3921475,-21421583,-27019,-18537
5620,2563,16182,5766,-5818,-3356094,-21427779,-26438,-19357
5621,2053,16254,5770,-5814,-2787843,-21434349,-25832,-20159
5622,1542,16311,5775,-5809,-2210581,-21441014,-25201,-20942
5623,1029,16351,5779,-5806,-1683957,-21447851,-24547,-21705
5624,515,16375,5783,-5801,-1123766,-21454124,-23870,-22448
5625,0,16384,5787,-5797,-568520,-21460868,-23027,-23311
5626,-515,16375,5756,-5828,-4653056,-21467611,-22301,-24007
5627,-1029,16351,5760,-5824,-4087130,-21417067,-21554,-24680
5628,-1542,16311,5765,-5820,-3538440,-21423565,-20787,-25329
5629,-2053,16254,5769,-5815,-2973690,-21429911,-20000,-25955
5630,-2563,16182,5773,-5811,-2446955,-21436514,-19195,-26556
5631,-3070,16093,5778,-5807,-1855889,-21442707,-18371,-27133
5632,-3574,15989,5782,-5803,-1309586,-21449751,-17530,-27683
5633,-4074,15869,5786,-5798,-745055,-21456305,-16673,-28208
5634,-4571,15733,5790,-5794,-203721,-21463143,-15623,-28803
5635,-5063,15582,5759,-5825,-4289694,-21469755,-14732,-29268
5636,-5550,15415,5763,-5821,-3727952,-21419233,-13828,-29706
5637,-6031,15233,5768,-5817,-3145670,-21425718,-12910,-30117
5638,-6507,15036,5772,-5813,-2618394,-21432517,-11980,-30498
5639,-6976,14824,5776,-5808,-2032302,-21438698,-11039,-30852
5640,-7438,14598,5781,-5804,-1476296,-21445663,-10087,-31176
5641,-7893,14357,5785,-5800,-943028,-21452318,-9126,-31470
5642,-8340,14102,5789,-5796,-368580,-21458752,-8157,-31736
5643,-8779,13833,5793,-5791,196562,-21465752,-6983,-32014
5644,-9209,13550,5762,-5822,-3899160,-21472698,-5998,-32213
5645,-9630,13255,5766,-5818,-3328151,-21422098,-5007,-32382
5646,-10042,12946,5770,-5814,-2799555,-21428739,-4011,-32521
5647,-10443,12624,5775,-5810,-2236116,-21434917,-3012,-32628
5648,-10835,12289,5779,-5806,-1683864,-21441582,-2009,-32705
5649,-11215,11943,5783,-5801,-1096954,-21448169,-1005,-32752
5650,-11585,11585,5787,-5797,-569666,-21455244,0,-32767
5651,-11943,11215,5792,-5793,0,-21461644,804,-32757
5652,-12289,10835,5831,-5753,5228064,-21468625,2009,-32705
5653,-12624,10443,5800,-5784,1096954,-21533242,3012,-32628
5654,-12946,10042,5805,-5780,1683864,-21482742,4011,-32521
5655,-13255,9630,5809,-5776,2236116,-21490114,5007,-32382
5656,-13550,9209,5813,-5771,2799555,-21497120,5998,-32213
5657,-13833,8779,5817,-5767,3328151,-21504323,6983,-32014
5658,-14102,8340,5821,-5763,3899160,-21511156,7962,-31785
5659,-14357,7893,5826,-5759,4461966,-21518569,8933,-31526
5660,-14598,7438,5830,-5754,5024814,-21525942,10087,-31176
5661,-14824,6976,5799,-5786,943028,-21533376,11039,-30852
5662,-15036,6507,5803,-5782,1476296,-21483464,11980,-30498
5663,-15233,6031,5807,-5777,2032302,-21490156,12910,-30117
5664,-15415,5550,5812,-5773,2618394,-21497186,13828,-29706
5665,-15582,5063,5816,-5769,3145670,-21504647,14732,-29268
5666,-15733,4571,5820,-5764,3727952,-21511444,15623,-28803
5667,-15869,4074,5824,-5760,4289694,-21518977,16499,-28310
5668,-15989,3574,5829,-5755,4876893,-21526319,17530,-27683
5669,-16093,3070,5797,-5787,745055,-21534035,18371,-27133
5670,-16182,2563,5802,-5783,1309586,-21483488,19195,-26556
5671,-16254,2053,5806,-5779,1855889,-21490545,20000,-25955
5672,-16311,1542,5810,-5774,2446955,-21497437,20787,-25329
5673,-16351,1029,5814,-5770,2973690,-21504941,21554,-24680
5674,-16375,515,5819,-5766,3538440,-21511713,22301,-24007
5675,-16384,0,5823,-5761,4087130,-21519011,23027,-23311
5676,-16375,-515,5827,-5757,4653056,-21526171,23870,-22448
5677,-16351,-1029,5796,-5788,568520,-21533603,24547,-21705
5678,-16311,-1542,5800,-5784,1123766,-21483617,25201,-20942
5679,-16254,-2053,5805,-5780,1683957,-21490541,25832,-20159
5680,-16182,-2563,5808,-5776,2210581,-21497585,26438,-19357
5681,-16093,-3070,5813,-5771,2787843,-21504274,27019,-18537
5682,-15989,-3574,5817,-5767,3356094,-21511645,27575,-17700
5683,-15869,-4074,5822,-5763,3921475,-21518967,28208,-16673
5684,-15733,-4571,5790,-5794,-203721,-21526314,28706,-15800
5685,-15582,-5063,5795,-5790,386828,-21475748,29177,-14912
5686,-15415,-5550,5799,-5786,945377,-21483026,29621,-14010
5687,-15233,-6031,5803,-5781,1508485,-21489971,30037,-13094
5688,-15036,-6507,5807,-5777,2030342,-21497032,30424,-12167
5689,-14824,-6976,5812,-5773,2627385,-21503644,30783,-11228
5690,-14598,-7438,5816,-5768,3185416,-21511241,31113,-10278
5691,-14357,-7893,5820,-5764,3716928,-21518419,31470,-9126
5692,-14102,-8340,5789,-5796,-368580,-21525329,31736,-8157
5693,-13833,-8779,5793,-5791,196562,-21475231,31971,-7179
5694,-13550,-9209,5798,-5787,750114,-21482177,32176,-6195
5695,-13255,-9630,5802,-5783,1315989,-21489040,32351,-5205
5696,-12946,-10042,5806,-5779,1844050,-21496115,32495,-4210
5697,-12624,-10443,5810,-5774,2414000,-21502783,32609,-3212
5698,-12289,-10835,5814,-5770,2970975,-21510025,32692,-2210
5699,-11943,-11215,5819,-5765,3569872,-21517167,32752,-1005
5700,-11585,-11585,5787,-5797,-569666,-21524887,32766,201
5701,-11215,-11943,5756,-5828,-4657170,-21474106,32745,1206
5702,-10835,-12289,5760,-5824,-4090188,-21423526,32692,2210
5703,-10443,-12624,5764,-5820,-3569872,-21430037,32609,3212
5704,-10042,-12946,5769,-5815,-2970975,-21436032,32495,4210
5705,-9630,-13255,5773,-5811,-2414000,-21443053,32351,5205
5706,-9209,-13550,5778,-5807,-1844050,-21449620,32176,6195
5707,-8779,-13833,5782,-5803,-1315989,-21456407,31971,7179
5708,-8340,-14102,5786,-5799,-750114,-21462737,31685,8351
5709,-7893,-14357,5755,-5830,-4844172,-21469591,31414,9319
5710,-7438,-14598,5759,-5825,-4287654,-21418910,31113,10278
5711,-6976,-14824,5763,-5821,-3716928,-21425271,30783,11228
5712,-6507,-15036,5767,-5817,-3185416,-21431867,30424,12167
5713,-6031,-15233,5772,-5813,-2627385,-21438040,30037,13094
5714,-5550,-15415,5776,-5808,-2030342,-21444597,29621,14010
5715,-5063,-15582,5780,-5804,-1508485,-21451696,29177,14912
5716,-4571,-15733,5785,-5800,-945377,-21457930,28706,15800
5717,-4074,-15869,5789,-5796,-386828,-21464729,28105,16846
5718,-3574,-15989,5758,-5827,-4461303,-21471532,27575,17700
5719,-3070,-16093,5762,-5823,-3921475,-21421132,27019,18537
5720,-2563,-16182,5766,-5818,-3356094,-21427328,26438,19357
5721,-2053,-16254,5770,-5814,-2787843,-21433898,25832,20159
5722,-1542,-16311,5775,-5809,-2210581,-21440563,25201,20942
5723,-1029,-16351,5779,-5806,-1683957,-21447400,24547,21705
5724,-515,-16375,5783,-5801,-1123766,-21453673,23870,22448
5725,0,-16384,5787,-5797,-568520,-21460417,23027,23311
5726,515,-16375,5756,-5828,-4653056,-21467160,22301,24007
5727,1029,-16351,5760,-5824,-4087130,-21416616,21554,24680
5728,1542,-16311,5765,-5820,-3538440,-21423114,20787,25329
5729,2053,-16254,5769,-5815,-2973690,-21429460,20000,25955
5730,2563,-16182,5773,-5811,-2446955,-21436063,19195,26556
5731,3070,-16093,5778,-5807,-1855889,-21442256,18371,27133
5732,3574,-15989,5782,-5803,-1309586,-21449300,17530,27683
5733,4074,-15869,5786,-5798,-745055,-21455854,16673,28208
5734,4571,-15733,5790,-5794,-203721,-21462692,15623,28803
5735,5063,-15582,5759,-5825,-4289694,-21469304,14732,29268
5736,5550,-15415,5763,-5821,-3727952,-21418782,13828,29706
5737,6031,-15233,5768,-5817,-3145670,-21425267,12910,30117
5738,6507,-15036,5772,-5813,-2618394,-21432066,11980,30498
5739,6976,-14824,5776,-5808,-2032302,-21438247,11039,30852
5740,7438,-14598,5781,-5804,-1476296,-21445212,10087,31176
5741,7893,-14357,5785,-5800,-943028,-21451867,9126,31470
5742,8340,-14102,5789,-5796,-368580,-21458301,8157,31736
5743,8779,-13833,5793,-5791,196562,-21465301,6983,32014
5744,9209,-13550,5762,-5822,-3899160,-21472247,5998,32213
5745,9630,-13255,5766,-5818,-3328151,-21421647,5007,32382
5746,10042,-12946,5770,-5814,-2799555,-21428288,4011,32521
5747,10443,-12624,5775,-5810,-2236116,-21434466,3012,32628
5748,10835,-12289,5779,-5806,-1683864,-21441131,2009,32705
5749,11215,-11943,5783,-5801,-1096954,-21447718,1005,32752
5750,11585,-11585,5787,-5797,-569666,-21454793,0,32767
5751,11943,-11215,5792,-5793,0,-21461193,-804,32757
5752,12289,-10835,5831,-5753,5228064,-21468174,-2009,32705
5753,12624,-10443,5800,-5784,1096954,-21532791,-3012,32628
5754,12946,-10042,5805,-5780,1683864,-21482291,-4011,32521
5755,13255,-9630,5809,-5776,2236116,-21489663,-5007,32382
5756,13550,-9209,5813,-5771,2799555,-21496669,-5998,32213
5757,13833,-8779,5817,-5767,3328151,-21503872,-6983,32014
5758,14102,-8340,5821,-5763,3899160,-21510705,-7962,31785
5759,14357,-7893,5826,-5759,4461966,-21518118,-8933,31526
5760,14598,-7438,5830,-5754,5024814,-21525491,-10087,31176
5761,14824,-6976,5799,-5786,943028,-21532925,-11039,30852
5762,15036,-6507,5803,-5782,1476296,-21483013,-11980,30498
5763,15233,-6031,5807,-5777,2032302,-21489705,-12910,30117
5764,15415,-5550,5812,-5773,2618394,-21496735,-13828,29706
5765,15582,-5063,5816,-5769,3145670,-21504196,-14732,29268
5766,15733,-4571,5820,-5764,3727952,-21510993,-15623,28803
5767,15869,-4074,5824,-5760,4289694,-21518526,-16499,28310
5768,15989,-3574,5829,-5755,4876893,-21525868,-17530,27683
5769,16093,-3070,5797,-5787,745055,-21533584,-18371,27133
5770,16182,-2563,5802,-5783,1309586,-21483037,-19195,26556
5771,16254,-2053,5806,-5779,1855889,-21490094,-20000,25955
5772,16311,-1542,5810,-5774,2446955,-21496986,-20787,25329
5773,16351,-1029,5814,-5770,2973690,-21504490,-21554,24680
5774,16375,-515,5819,-5766,3538440,-21511262,-22301,24007
5775,16384,0,5823,-5761,4087130,-21518560,-23027,23311
5776,16375,515,5827,-5757,4653056,-21525720,-23870,22448
5777,16351,1029,5796,-5788,568520,-21533152,-24547,21705
5778,16311,1542,5800,-5784,1123766,-21483166,-25201,20942
5779,16254,2053,5805,-5780,1683957,-21490090,-25832,20159
5780,16182,2563,5808,-5776,2210581,-21497134,-26438,19357
5781,16093,3070,5813,-5771,2787843,-21503823,-27019,18537
5782,15989,3574,5817,-5767,3356094,-21511194,-27575,17700
5783,15869,4074,5822,-5763,3921475,-21518516,-28105,16846
5784,15733,4571,5826,-5759,4461303,-21525863,-28706,15800
5785,15582,5063,5795,-5790,386828,-21532954,-29177,14912
5786,15415,5550,5799,-5786,945377,-21483072,-29621,14010
5787,15233,6031,5803,-5781,1508485,-21490017,-30037,13094
5788,15036,6507,5807,-5777,2030342,-21497078,-30424,12167
5789,14824,6976,5812,-5773,2627385,-21503690,-30783,11228
5790,14598,7438,5816,-5768,3185416,-21511287,-31113,10278
5791,14357,7893,5820,-5764,3716928,-21518465,-31470,9126
5792,14102,8340,5789,-5796,-368580,-21525375,-31736,8157
5793,13833,8779,5793,-5791,196562,-21475277,-31971,7179
5794,13550,9209,5798,-5787,750114,-21482223,-32176,6195
5795,13255,9630,5802,-5783,1315989,-21489086,-32351,5205
5796,12946,10042,5806,-5779,1844050,-21496161,-32495,4210
5797,12624,10443,5810,-5774,2414000,-21502829,-32609,3212
5798,12289,10835,5814,-5770,2970975,-21510071,-32692,2210
5799,11943,11215,5819,-5765,3569872,-21517213,-32752,1005
5800,11585,11585,5787,-5797,-569666,-21524933,-32766,-201
5801,11215,11943,5756,-5828,-4657170,-21474152,-32745,-1206
5802,10835,12289,5760,-5824,-4090188,-21423572,-32692,-2210
5803,10443,12624,5764,-5820,-3569872,-21430083,-32609,-3212
5804,10042,12946,5769,-5815,-2970975,-21436078,-32495,-4210
5805,9630,13255,5773,-5811,-2414000,-21443099,-32351,-5205
5806,9209,13550,5778,-5807,-1844050,-21449666,-32176,-6195
5807,8779,13833,5782,-5803,-1315989,-21456453,-31971,-7179
5808,8340,14102,5786,-5799,-750114,-21462783,-31685,-8351
5809,7893,14357,5755,-5830,-4844172,-21469637,-31414,-9319
5810,7438,14598,5759,-5825,-4287654,-21418956,-31113,-10278
5811,6976,14824,5763,-5821,-3716928,-21425317,-30783,-11228
5812,6507,15036,5767,-5817,-3185416,-21431913,-30424,-12167
5813,6031,15233,5772,-5813,-2627385,-21438086,-30037,-13094
5814,5550,15415,5776,-5808,-2030342,-21444643,-29621,-14010
5815,5063,15582,5780,-5804,-1508485,-21451742,-29177,-14912
5816,4571,15733,5785,-5800,-945377,-21457976,-28706,-15800
5817,4074,15869,5789,-5796,-386828,-21464775,-28105,-16846
5818,3574,15989,5758,-5827,-4461303,-21471578,-27575,-17700
5819,3070,16093,5762,-5823,-3921475,-21421178,-27019,-18537
5820,2563,16182,5766,-5818,-3356094,-21427374,-26438,-19357
5821,2053,16254,5770,-5814,-2787843,-21433944,-25832,-20159
5822,1542,16311,5775,-5809,-2210581,-21440609,-25201,-20942
5823,1029,16351,5779,-5806,-1683957,-21447446,-24547,-21705
5824,515,16375,5783,-5801,-1123766,-21453719,-23870,-22448
5825,0,16384,5787,-5797,-568520,-21460463,-23170,-23170
5826,-515,16375,5792,-5793,0,-21467206,-22301,-24007
5827,-1029,16351,5760,-5824,-4087130,-21474172,-21554,-24680
5828,-1542,16311,5765,-5820,-3538440,-21423657,-20787,-25329
5829,-2053,16254,5769,-5815,-2973690,-21430003,-20000,-25955
5830,-2563,16182,5773,-5811,-2446955,-21436606,-19195,-26556
5831,-3070,16093,5778,-5807,-1855889,-21442799,-18371,-27133
5832,-3574,15989,5782,-5803,-1309586,-21449843,-17530,-27683
5833,-4074,15869,5786,-5798,-745055,-21456397,-16673,-28208
5834,-4571,15733,5790,-5794,-203721,-21463235,-15623,-28803
5835,-5063,15582,5759,-5825,-4289694,-21469847,-14732,-29268
5836,-5550,15415,5763,-5821,-3727952,-21419325,-13828,-29706
5837,-6031,15233,5768,-5817,-3145670,-21425810,-12910,-30117
5838,-6507,15036,5772,-5813,-2618394,-21432609,-11980,-30498
5839,-6976,14824,5776,-5808,-2032302,-21438790,-11039,-30852
5840,-7438,14598,5781,-5804,-1476296,-21445755,-10087,-31176
5841,-7893,14357,5785,-5800,-943028,-21452410,-9126,-31470
5842,-8340,14102,5789,-5796,-368580,-21458844,-8157,-31736
5843,-8779,13833,5793,-5791,196562,-21465844,-6983,-32014
5844,-9209,13550,5762,-5822,-3899160,-21472790,-5998,-32213
5845,-9630,13255,5766,-5818,-3328151,-21422190,-5007,-32382
5846,-10042,12946,5770,-5814,-2799555,-21428831,-4011,-32521
5847,-10443,12624,5775,-5810,-2236116,-21435009,-3012,-32628
5848,-10835,12289,5779,-5806,-1683864,-21441674,-2009,-32705
5849,-11215,11943,5783,-5801,-1096954,-21448261,-1005,-32752
5850,-11585,11585,5787,-5797,-569666,-21455336,0,-32767
5851,-11943,11215,5792,-5793,0,-21461736,804,-32757
5852,-12289,10835,5831,-5753,5228064,-21468717,2009,-32705
5853,-12624,10443,5800,-5784,1096954,-21533334,3012,-32628
5854,-12946,10042,5805,-5780,1683864,-21482834,4011,-32521
5855,-13255,9630,5809,-5776,2236116,-21490206,5007,-32382
5856,-13550,9209,5813,-5771,2799555,-21497212,5998,-32213
5857,-13833,8779,5817,-5767,3328151,-21504415,6983,-32014
5858,-14102,8340,5821,-5763,3899160,-21511248,7962,-31785
5859,-14357,7893,5826,-5759,4461966,-21518661,8933,-31526
5860,-14598,7438,5830,-5754,5024814,-21526034,10087,-31176
5861,-14824,6976,5799,-5786,943028,-21533468,11039,-30852
5862,-15036,6507,5803,-5782,1476296,-21483556,11980,-30498
5863,-15233,6031,5807,-5777,2032302,-21490248,12910,-30117
5864,-15415,5550,5812,-5773,2618394,-21497278,13828,-29706
5865,-15582,5063,5816,-5769,3145670,-21504739,14732,-29268
5866,-15733,4571,5820,-5764,3727952,-21511536,15623,-28803
5867,-15869,4074,5824,-5760,4289694,-21519069,16499,-28310
5868,-15989,3574,5829,-5755,4876893,-21526411,17530,-27683
5869,-16093,3070,5797,-5787,745055,-21534127,18371,-27133
5870,-16182,2563,5802,-5783,1309586,-21483580,19195,-26556
5871,-16254,2053,5806,-5779,1855889,-21490637,20000,-25955
5872,-16311,1542,5810,-5774,2446955,-21497529,20787,-25329
5873,-16351,1029,5814,-5770,2973690,-21505033,21554,-24680
5874,-16375,515,5819,-5766,3538440,-21511805,22301,-24007
5875,-16384,0,5823,-5761,4087130,-21519103,23027,-23311
5876,-16375,-515,5827,-5757,4653056,-21526263,23870,-22448
5877,-16351,-1029,5796,-5788,568520,-21533695,24547,-21705
5878,-16311,-1542,5800,-5784,1123766,-21483709,25201,-20942
5879,-16254,-2053,5805,-5780,1683957,-21490633,25832,-20159
5880,-16182,-2563,5808,-5776,2210581,-21497677,26438,-19357
5881,-16093,-3070,5813,-5771,2787843,-21504366,27019,-18537
5882,-15989,-3574,5817,-5767,3356094,-21511737,27575,-17700
5883,-15869,-4074,5822,-5763,3921475,-21519059,28105,-16846
5884,-15733,-4571,5826,-5759,4461303,-21526406,28706,-15800
5885,-15582,-5063,5795,-5790,386828,-21533497,29177,-14912
5886,-15415,-5550,5799,-5786,945377,-21483615,29621,-14010
5887,-15233,-6031,5803,-5781,1508485,-21490560,30037,-13094
5888,-15036,-6507,5807,-5777,2030342,-21497621,30424,-12167
5889,-14824,-6976,5812,-5773,2627385,-21504233,30783,-11228
5890,-14598,-7438,5816,-5768,3185416,-21511830,31113,-10278
5891,-14357,-7893,5820,-5764,3716928,-21519008,31470,-9126
5892,-14102,-8340,5789,-5796,-368580,-21525918,31736,-8157
5893,-13833,-8779,5793,-5791,196562,-21475820,31971,-7179
5894,-13550,-9209,5798,-5787,750114,-21482766,32176,-6195
5895,-13255,-9630,5802,-5783,1315989,-21489629,32351,-5205
5896,-12946,-10042,5806,-5779,1844050,-21496704,32495,-4210
5897,-12624,-10443,5810,-5774,2414000,-21503372,32609,-3212
5898,-12289,-10835,5814,-5770,2970975,-21510614,32692,-2210
5899,-11943,-11215,5819,-5765,3569872,-21517756,32752,-1005
5900,-11585,-11585,5787,-5797,-569666,-21525476,32766,201
5901,-11215,-11943,5756,-5828,-4657170,-21474695,32745,1206
5902,-10835,-12289,5760,-5824,-4090188,-21424115,32692,2210
5903,-10443,-12624,5764,-5820,-3569872,-21430626,32609,3212
5904,-10042,-12946,5769,-5815,-2970975,-21436621,32495,4210
5905,-9630,-13255,5773,-5811,-2414000,-21443642,32351,5205
5906,-9209,-13550,5778,-5807,-1844050,-21450209,32176,6195
5907,-8779,-13833,5782,-5803,-1315989,-21456996,31971,7179
5908,-8340,-14102,5786,-5799,-750114,-21463326,31685,8351
5909,-7893,-14357,5755,-5830,-4844172,-21470180,31414,9319
5910,-7438,-14598,5759,-5825,-4287654,-21419499,31113,10278
5911,-6976,-14824,5763,-5821,-3716928,-21425860,30783,11228
5912,-6507,-15036,5767,-5817,-3185416,-21432456,30424,12167
5913,-6031,-15233,5772,-5813,-2627385,-21438629,30037,13094
5914,-5550,-15415,5776,-5808,-2030342,-21445186,29621,14010
5915,-5063,-15582,5780,-5804,-1508485,-21452285,29177,14912
5916,-4571,-15733,5785,-5800,-945377,-21458519,28706,15800
5917,-4074,-15869,5789,-5796,-386828,-21465318,28105,16846
5918,-3574,-15989,5758,-5827,-4461303,-21472121,27575,17700
5919,-3070,-16093,5762,-5823,-3921475,-21421721,27019,18537
5920,-2563,-16182,5766,-5818,-3356094,-21427917,26438,19357
5921,-2053,-16254,5770,-5814,-2787843,-21434487,25832,20159
5922,-1542,-16311,5775,-5809,-2210581,-21441152,25201,20942
5923,-1029,-16351,5779,-5806,-1683957,-21447989,24547,21705
5924,-515,-16375,5783,-5801,-1123766,-21454262,23870,22448
5925,0,-16384,5787,-5797,-568520,-21461006,23027,23311
5926,515,-16375,5756,-5828,-4653056,-21467749,22301,24007
5927,1029,-16351,5760,-5824,-4087130,-21417205,21554,24680
5928,1542,-16311,5765,-5820,-3538440,-21423703,20787,25329
5929,2053,-16254,5769,-5815,-2973690,-21430049,20000,25955
5930,2563,-16182,5773,-5811,-2446955,-21436652,19195,26556
5931,3070,-16093,5778,-5807,-1855889,-21442845,18371,27133
5932,3574,-15989,5782,-5803,-1309586,-21449889,17530,27683
5933,4074,-15869,5786,-5798,-745055,-21456443,16673,28208
5934,4571,-15733,5790,-5794,-203721,-21463281,15623,28803
5935,5063,-15582,5759,-5825,-4289694,-21469893,14732,29268
5936,5550,-15415,5763,-5821,-3727952,-21419371,13828,29706
5937,6031,-15233,5768,-5817,-3145670,-21425856,12910,30117
5938,6507,-15036,5772,-5813,-2618394,-21432655,11980,30498
5939,6976,-14824,5776,-5808,-2032302,-21438836,11039,30852
5940,7438,-14598,5781,-5804,-1476296,-21445801,10087,31176
5941,7893,-14357,5785,-5800,-943028,-21452456,9126,31470
5942,8340,-14102,5789,-5796,-368580,-21458890,8157,31736
5943,8779,-13833,5793,-5791,196562,-21465890,6983,32014
5944,9209,-13550,5762,-5822,-3899160,-21472836,5998,32213
5945,9630,-13255,5766,-5818,-3328151,-21422236,5007,32382
5946,10042,-12946,5770,-5814,-2799555,-21428877,4011,32521
5947,10443,-12624,5775,-5810,-2236116,-21435055,3012,32628
5948,10835,-12289,5779,-5806,-1683864,-21441720,2009,32705
5949,11215,-11943,5783,-5801,-1096954,-21448307,1005,32752
5950,11585,-11585,5787,-5797,-569666,-21455382,0,32767
5951,11943,-11215,5792,-5793,0,-21461782,-804,32757
5952,12289,-10835,5831,-5753,5228064,-21468763,-2009,32705
5953,12624,-10443,5800,-5784,1096954,-21533380,-3012,32628
5954,12946,-10042,5805,-5780,1683864,-21482880,-4011,32521
5955,13255,-9630,5809,-5776,2236116,-21490252,-5007,32382
5956,13550,-9209,5813,-5771,2799555,-21497258,-5998,32213
5957,13833,-8779,5817,-5767,3328151,-21504461,-6983,32014
5958,14102,-8340,5821,-5763,3899160,-21511294,-7962,31785
5959,14357,-7893,5826,-5759,4461966,-21518707,-8933,31526
5960,14598,-7438,5830,-5754,5024814,-21526080,-10087,31176
5961,14824,-6976,5799,-5786,943028,-21533514,-11039,30852
5962,15036,-6507,5803,-5782,1476296,-21483602,-11980,30498
5963,15233,-6031,5807,-5777,2032302,-21490294,-12910,30117
5964,15415,-5550,5812,-5773,2618394,-21497324,-13828,29706
5965,15582,-5063,5816,-5769,3145670,-21504785,-14732,29268
5966,15733,-4571,5820,-5764,3727952,-21511582,-15623,28803
5967,15869,-4074,5824,-5760,4289694,-21519115,-16499,28310
5968,15989,-3574,5829,-5755,4876893,-21526457,-17530,27683
5969,16093,-3070,5797,-5787,745055,-21534173,-18371,27133
5970,16182,-2563,5802,-5783,1309586,-21483626,-19195,26556
5971,16254,-2053,5806,-5779,1855889,-21490683,-20000,25955
5972,16311,-1542,5810,-5774,2446955,-21497575,-20787,25329
5973,16351,-1029,5814,-5770,2973690,-21505079,-21554,24680
5974,16375,-515,5819,-5766,3538440,-21511851,-22301,24007
5975,16384,0,5823,-5761,4087130,-21519149,-23027,23311
5976,16375,515,5827,-5757,4653056,-21526309,-23870,22448
5977,16351,1029,5796,-5788,568520,-21533741,-24547,21705
5978,16311,1542,5800,-5784,1123766,-21483755,-25201,20942
5979,16254,2053,5805,-5780,1683957,-21490679,-25832,20159
5980,16182,2563,5808,-5776,2210581,-21497723,-26438,19357
5981,16093,3070,5813,-5771,2787843,-21504412,-27019,18537
5982,15989,3574,5817,-5767,3356094,-21511783,-27575,17700
5983,15869,4074,5822,-5763,3921475,-21519105,-28208,16673
5984,15733,4571,5790,-5794,-203721,-21526452,-28706,15800
5985,15582,5063,5795,-5790,386828,-21475886,-29177,14912
5986,15415,5550,5799,-5786,945377,-21483164,-29621,14010
5987,15233,6031,5803,-5781,1508485,-21490109,-30037,13094
5988,15036,6507,5807,-5777,2030342,-21497170,-30424,12167
5989,14824,6976,5812,-5773,2627385,-21503782,-30783,11228
5990,14598,7438,5816,-5768,3185416,-21511379,-31113,10278
5991,14357,7893,5820,-5764,3716928,-21518557,-31470,9126
5992,14102,8340,5789,-5796,-368580,-21525467,-31736,8157
5993,13833,8779,5793,-5791,196562,-21475369,-31971,7179
5994,13550,9209,5798,-5787,750114,-21482315,-32176,6195
5995,13255,9630,5802,-5783,1315989,-21489178,-32351,5205
5996,12946,10042,5806,-5779,1844050,-21496253,-32495,4210
5997,12624,10443,5810,-5774,2414000,-21502921,-32609,3212
5998,12289,10835,5814,-5770,2970975,-21510163,-32692,2210
5999,11943,11215,5819,-5765,3569872,-21517305,-32752,1005
6000,11585,11585,5787,-5797,-569666,-21525025,-32766,-201
6001,11215,11943,5756,-5828,-4657170,-21474244,-32745,-1206
6002,10835,12289,5760,-5824,-4090188,-21423664,-32692,-2210
6003,10443,12624,5764,-5820,-3569872,-21430175,-32609,-3212
6004,10042,12946,5769,-5815,-2970975,-21436170,-32495,-4210
6005,9630,13255,5773,-5811,-2414000,-21443191,-32351,-5205
6006,9209,13550,5778,-5807,-1844050,-21449758,-32176,-6195
6007,8779,13833,5782,-5803,-1315989,-21456545,-31971,-7179
6008,8340,14102,5786,-5799,-750114,-21462875,-31685,-8351
6009,7893,14357,5755,-5830,-4844172,-21469729,-31414,-9319
6010,7438,14598,5759,-5825,-4287654,-21419048,-31113,-10278
6011,6976,14824,5763,-5821,-3716928,-21425409,-30783,-11228
6012,6507,15036,5767,-5817,-3185416,-21432005,-30424,-12167
6013,6031,15233,5772,-5813,-2627385,-21438178,-30037,-13094
6014,5550,15415,5776,-5808,-2030342,-21444735,-29621,-14010
6015,5063,15582,5780,-5804,-1508485,-21451834,-29177,-14912
6016,4571,15733,5785,-5800,-945377,-21458068,-28706,-15800
6017,4074,15869,5789,-5796,-386828,-21464867,-28105,-16846
6018,3574,15989,5758,-5827,-4461303,-21471670,-27575,-17700
6019,3070,16093,5762,-5823,-3921475,-21421270,-27019,-18537
6020,2563,16182,5766,-5818,-3356094,-21427466,-26438,-19357
6021,2053,16254,5770,-5814,-2787843,-21434036,-25832,-20159
6022,1542,16311,5775,-5809,-2210581,-21440701,-25201,-20942
6023,1029,16351,5779,-5806,-1683957,-21447538,-24547,-21705
6024,515,16375,5783,-5801,-1123766,-21453811,-23870,-22448
6025,0,16384,5787,-5797,-568520,-21460555,-23027,-23311
6026,-515,16375,5756,-5828,-4653056,-21467298,-22301,-24007
6027,-1029,16351,5760,-5824,-4087130,-21416754,-21554,-24680
6028,-1542,16311,5765,-5820,-3538440,-21423252,-20787,-25329
6029,-2053,16254,5769,-5815,-2973690,-21429598,-20000,-25955
6030,-2563,16182,5773,-5811,-2446955,-21436201,-19195,-26556
6031,-3070,16093,5778,-5807,-1855889,-21442394,-18371,-27133
6032,-3574,15989,5782,-5803,-1309586,-21449438,-17530,-27683
6033,-4074,15869,5786,-5798,-745055,-21455992,-16673,-28208
6034,-4571,15733,5790,-5794,-203721,-21462830,-15623,-28803
6035,-5063,15582,5759,-5825,-4289694,-21469442,-14732,-29268
6036,-5550,15415,5763,-5821,-3727952,-21418920,-13828,-29706
6037,-6031,15233,5768,-5817,-3145670,-21425405,-12910,-30117
6038,-6507,15036,5772,-5813,-2618394,-21432204,-11980,-30498
6039,-6976,14824,5776,-5808,-2032302,-21438385,-11039,-30852
6040,-7438,14598,5781,-5804,-1476296,-21445350,-10087,-31176
6041,-7893,14357,5785,-5800,-943028,-21452005,-9126,-31470
6042,-8340,14102,5789,-5796,-368580,-21458439,-8157,-31736
6043,-8779,13833,5793,-5791,196562,-21465439,-6983,-32014
6044,-9209,13550,5762,-5822,-3899160,-21472385,-5998,-32213
6045,-9630,13255,5766,-5818,-3328151,-21421785,-5007,-32382
6046,-10042,12946,5770,-5814,-2799555,-21428426,-4011,-32521
6047,-10443,12624,5775,-5810,-2236116,-21434604,-3012,-32628
6048,-10835,12289,5779,-5806,-1683864,-21441269,-2009,-32705
6049,-11215,11943,5783,-5801,-1096954,-21447856,-1005,-32752
6050,-11585,11585,5787,-5797,-569666,-21454931,0,-32767
6051,-11943,11215,5792,-5793,0,-21461331,804,-32757
6052,-12289,10835,5831,-5753,5228064,-21468312,2009,-32705
6053,-12624,10443,5800,-5784,1096954,-21532929,3012,-32628
6054,-12946,10042,5805,-5780,1683864,-21482429,4011,-32521
6055,-13255,9630,5809,-5776,2236116,-21489801,5007,-32382
6056,-13550,9209,5813,-5771,2799555,-21496807,5998,-32213
6057,-13833,8779,5817,-5767,3328151,-21504010,6983,-32014
6058,-14102,8340,5821,-5763,3899160,-21510843,7962,-31785
6059,-14357,7893,5826,-5759,4461966,-21518256,8933,-31526
6060,-14598,7438,5830,-5754,5024814,-21525629,10087,-31176
6061,-14824,6976,5799,-5786,943028,-21533063,11039,-30852
6062,-15036,6507,5803,-5782,1476296,-21483151,11980,-30498
6063,-15233,6031,5807,-5777,2032302,-21489843,12910,-30117
6064,-15415,5550,5812,-5773,2618394,-21496873,13828,-29706
6065,-15582,5063,5816,-5769,3145670,-21504334,14732,-29268
6066,-15733,4571,5820,-5764,3727952,-21511131,15623,-28803
6067,-15869,4074,5824,-5760,4289694,-21518664,16499,-28310
6068,-15989,3574,5829,-5755,4876893,-21526006,17530,-27683
6069,-16093,3070,5797,-5787,745055,-21533722,18371,-27133
6070,-16182,2563,5802,-5783,1309586,-21483175,19195,-26556
6071,-16254,2053,5806,-5779,1855889,-21490232,20000,-25955
6072,-16311,1542,5810,-5774,2446955,-21497124,20787,-25329
6073,-16351,1029,5814,-5770,2973690,-21504628,21554,-24680
6074,-16375,515,5819,-5766,3538440,-21511400,22301,-24007
6075,-16384,0,5823,-5761,4087130,-21518698,23027,-23311
6076,-16375,-515,5827,-5757,4653056,-21525858,23870,-22448
6077,-16351,-1029,5796,-5788,568520,-21533290,24547,-21705
6078,-16311,-1542,5800,-5784,1123766,-21483304,25201,-20942
6079,-16254,-2053,5805,-5780,1683957,-21490228,25832,-20159
6080,-16182,-2563,5808,-5776,2210581,-21497272,26438,-19357
6081,-16093,-3070,5813,-5771,2787843,-21503961,27019,-18537
6082,-15989,-3574,5817,-5767,3356094,-21511332,27575,-17700
6083,-15869,-4074,5822,-5763,3921475,-21518654,28105,-16846
6084,-15733,-4571,5826,-5759,4461303,-21526001,28706,-15800
6085,-15582,-5063,5795,-5790,386828,-21533092,29177,-14912
6086,-15415,-5550,5799,-5786,945377,-21483210,29621,-14010
6087,-15233,-6031,5803,-5781,1508485,-21490155,30037,-13094
6088,-15036,-6507,5807,-5777,2030342,-21497216,30424,-12167
6089,-14824,-6976,5812,-5773,2627385,-21503828,30783,-11228
6090,-14598,-7438,5816,-5768,3185416,-21511425,31113,-10278
6091,-14357,-7893,5820,-5764,3716928,-21518603,31470,-9126
6092,-14102,-8340,5789,-5796,-368580,-21525513,31736,-8157
6093,-13833,-8779,5793,-5791,196562,-21475415,31971,-7179
6094,-13550,-9209,5798,-5787,750114,-21482361,32176,-6195
6095,-13255,-9630,5802,-5783,1315989,-21489224,32351,-5205
6096,-12946,-10042,5806,-5779,1844050,-21496299,32495,-4210
6097,-12624,-10443,5810,-5774,2414000,-21502967,32609,-3212
6098,-12289,-10835,5814,-5770,2970975,-21510209,32692,-2210
6099,-11943,-11215,5819,-5765,3569872,-21517351,32752,-1005
6100,-11585,-11585,5787,-5797,-569666,-21525071,32766,201
6101,-11215,-11943,5756,-5828,-4657170,-21474290,32745,1206
6102,-10835,-12289,5760,-5824,-4090188,-21423710,32692,2210
6103,-10443,-12624,5764,-5820,-3569872,-21430221,32609,3212
6104,-10042,-12946,5769,-5815,-2970975,-21436216,32495,4210
6105,-9630,-13255,5773,-5811,-2414000,-21443237,32351,5205
6106,-9209,-13550,5778,-5807,-1844050,-21449804,32176,6195
6107,-8779,-13833,5782,-5803,-1315989,-21456591,31971,7179
6108,-8340,-14102,5786,-5799,-750114,-21462921,31685,8351
6109,-7893,-14357,5755,-5830,-4844172,-21469775,31414,9319
6110,-7438,-14598,5759,-5825,-4287654,-21419094,31113,10278
6111,-6976,-14824,5763,-5821,-3716928,-21425455,30783,11228
6112,-6507,-15036,5767,-5817,-3185416,-21432051,30424,12167
6113,-6031,-15233,5772,-5813,-2627385,-21438224,30037,13094
6114,-5550,-15415,5776,-5808,-2030342,-21444781,29621,14010
6115,-5063,-15582,5780,-5804,-1508485,-21451880,29177,14912
6116,-4571,-15733,5785,-5800,-945377,-21458114,28706,15800
6117,-4074,-15869,5789,-5796,-386828,-21464913,28105,16846
6118,-3574,-15989,5758,-5827,-4461303,-21471716,27575,17700
6119,-3070,-16093,5762,-5823,-3921475,-21421316,27019,18537
6120,-2563,-16182,5766,-5818,-3356094,-21427512,26438,19357
6121,-2053,-16254,5770,-5814,-2787843,-21434082,25832,20159
6122,-1542,-16311,5775,-5809,-2210581,-21440747,25201,20942
6123,-1029,-16351,5779,-5806,-1683957,-21447584,24547,21705
6124,-515,-16375,5783,-5801,-1123766,-21453857,23870,22448
6125,0,-16384,5787,-5797,-568520,-21460601,23027,23311
6126,515,-16375,5756,-5828,-4653056,-21467344,22301,24007
6127,1029,-16351,5760,-5824,-4087130,-21416800,21554,24680
6128,1542,-16311,5765,-5820,-3538440,-21423298,20787,25329
6129,2053,-16254,5769,-5815,-2973690,-21429644,20000,25955
6130,2563,-16182,5773,-5811,-2446955,-21436247,19195,26556
6131,3070,-16093,5778,-5807,-1855889,-21442440,18371,27133
6132,3574,-15989,5782,-5803,-1309586,-21449484,17530,27683
6133,4074,-15869,5786,-5798,-745055,-21456038,16673,28208
6134,4571,-15733,5790,-5794,-203721,-21462876,15623,28803
6135,5063,-15582,5759,-5825,-4289694,-21469488,14732,29268
6136,5550,-15415,5763,-5821,-3727952,-21418966,13828,29706
6137,6031,-15233,5768,-5817,-3145670,-21425451,12910,30117
6138,6507,-15036,5772,-5813,-2618394,-21432250,11980,30498
6139,6976,-14824,5776,-5808,-2032302,-21438431,11039,30852
6140,7438,-14598,5781,-5804,-1476296,-21445396,10087,31176
6141,7893,-14357,5785,-5800,-943028,-21452051,9126,31470
6142,8340,-14102,5789,-5796,-368580,-21458485,8157,31736
6143,8779,-13833,5793,-5791,196562,-21465485,6983,32014
6144,9209,-13550,5762,-5822,-3899160,-21472431,5998,32213
6145,9630,-13255,5766,-5818,-3328151,-21421831,5007,32382
6146,10042,-12946,5770,-5814,-2799555,-21428472,4011,32521
6147,10443,-12624,5775,-5810,-2236116,-21434650,3012,32628
6148,10835,-12289,5779,-5806,-1683864,-21441315,2009,32705
6149,11215,-11943,5783,-5801,-1096954,-21447902,1005,32752
6150,11585,-11585,5787,-5797,-569666,-21454977,0,32767
6151,11943,-11215,5792,-5793,0,-21461377,-804,32757
6152,12289,-10835,5831,-5753,5228064,-21468358,-2009,32705
6153,12624,-10443,5800,-5784,1096954,-21532975,-3012,32628
6154,12946,-10042,5805,-5780,1683864,-21482475,-4011,32521
6155,13255,-9630,5809,-5776,2236116,-21489847,-5007,32382
6156,13550,-9209,5813,-5771,2799555,-21496853,-5998,32213
6157,13833,-8779,5817,-5767,3328151,-21504056,-6983,32014
6158,14102,-8340,5821,-5763,3899160,-21510889,-7962,31785
6159,14357,-7893,5826,-5759,4461966,-21518302,-8933,31526
6160,14598,-7438,5830,-5754,5024814,-21525675,-10087,31176
6161,14824,-6976,5799,-5786,943028,-21533109,-11039,30852
6162,15036,-6507,5803,-5782,1476296,-21483197,-11980,30498
6163,15233,-6031,5807,-5777,2032302,-21489889,-12910,30117
6164,15415,-5550,5812,-5773,2618394,-21496919,-13828,29706
6165,15582,-5063,5816,-5769,3145670,-21504380,-14732,29268
6166,15733,-4571,5820,-5764,3727952,-21511177,-15623,28803
6167,15869,-4074,5824,-5760,4289694,-21518710,-16499,28310
6168,15989,-3574,5829,-5755,4876893,-21526052,-17530,27683
6169,16093,-3070,5797,-5787,745055,-21533768,-18371,27133
6170,16182,-2563,5802,-5783,1309586,-21483221,-19195,26556
6171,16254,-2053,5806,-5779,1855889,-21490278,-20000,25955
6172,16311,-1542,5810,-5774,2446955,-21497170,-20787,25329
6173,16351,-1029,5814,-5770,2973690,-21504674,-21554,24680
6174,16375,-515,5819,-5766,3538440,-21511446,-22301,24007
6175,16384,0,5823,-5761,4087130,-21518744,-23027,23311
6176,16375,515,5827,-5757,4653056,-21525904,-23870,22448
6177,16351,1029,5796,-5788,568520,-21533336,-24547,21705
6178,16311,1542,5800,-5784,1123766,-21483350,-25201,20942
6179,16254,2053,5805,-5780,1683957,-21490274,-25832,20159
6180,16182,2563,5808,-5776,2210581,-21497318,-26438,19357
6181,16093,3070,5813,-5771,2787843,-21504007,-27019,18537
6182,15989,3574,5817,-5767,3356094,-21511378,-27575,17700
6183,15869,4074,5822,-5763,3921475,-21518700,-28105,16846
6184,15733,4571,5826,-5759,4461303,-21526047,-28706,15800
6185,15582,5063,5795,-5790,386828,-21533138,-29177,14912
6186,15415,5550,5799,-5786,945377,-21483256,-29621,14010
6187,15233,6031,5803,-5781,1508485,-21490201,-30037,13094
6188,15036,6507,5807,-5777,2030342,-21497262,-30424,12167
6189,14824,6976,5812,-5773,2627385,-21503874,-30783,11228
6190,14598,7438,5816,-5768,3185416,-21511471,-31113,10278
6191,14357,7893,5820,-5764,3716928,-21518649,-31470,9126
6192,14102,8340,5789,-5796,-368580,-21525559,-31736,8157
6193,13833,8779,5793,-5791,196562,-21475461,-31971,7179
6194,13550,9209,5798,-5787,750114,-21482407,-32176,6195
6195,13255,9630,5802,-5783,1315989,-21489270,-32351,5205
6196,12946,10042,5806,-5779,1844050,-21496345,-32495,4210
6197,12624,10443,5810,-5774,2414000,-21503013,-32609,3212
6198,12289,10835,5814,-5770,2970975,-21510255,-32692,2210
6199,11943,11215,5819,-5765,3569872,-21517397,-32752,1005
6200,11585,11585,5787,-5797,-569666,-21525117,-32766,-201
6201,11215,11943,5756,-5828,-4657170,-21474336,-32745,-1206
6202,10835,12289,5760,-5824,-4090188,-21423756,-32692,-2210
6203,10443,12624,5764,-5820,-3569872,-21430267,-32609,-3212
6204,10042,12946,5769,-5815,-2970975,-21436262,-32495,-4210
6205,9630,13255,5773,-5811,-2414000,-21443283,-32351,-5205
6206,9209,13550,5778,-5807,-1844050,-21449850,-32176,-6195
6207,8779,13833,5782,-5803,-1315989,-21456637,-31971,-7179
6208,8340,14102,5786,-5799,-750114,-21462967,-31685,-8351
6209,7893,14357,5755,-5830,-4844172,-21469821,-31414,-9319
6210,7438,14598,5759,-5825,-4287654,-21419140,-31113,-10278
6211,6976,14824,5763,-5821,-3716928,-21425501,-30783,-11228
6212,6507,15036,5767,-5817,-3185416,-21432097,-30424,-12167
6213,6031,15233,5772,-5813,-2627385,-21438270,-30037,-13094
6214,5550,15415,5776,-5808,-2030342,-21444827,-29621,-14010
6215,5063,15582,5780,-5804,-1508485,-21451926,-29177,-14912
6216,4571,15733,5785,-5800,-945377,-21458160,-28706,-15800
6217,4074,15869,5789,-5796,-386828,-21464959,-28105,-16846
6218,3574,15989,5758,-5827,-4461303,-21471762,-27575,-17700
6219,3070,16093,5762,-5823,-3921475,-21421362,-27019,-18537
6220,2563,16182,5766,-5818,-3356094,-21427558,-26438,-19357
6221,2053,16254,5770,-5814,-2787843,-21434128,-25832,-20159
6222,1542,16311,5775,-5809,-2210581,-21440793,-25201,-20942
6223,1029,16351,5779,-5806,-1683957,-21447630,-24547,-21705
6224,515,16375,5783,-5801,-1123766,-21453903,-23870,-22448
6225,0,16384,5787,-5797,-568520,-21460647,-23027,-23311
6226,-515,16375,5756,-5828,-4653056,-21467390,-22301,-24007
6227,-1029,16351,5760,-5824,-4087130,-21416846,-21554,-24680
6228,-1542,16311,5765,-5820,-3538440,-21423344,-20787,-25329
6229,-2053,16254,5769,-5815,-2973690,-21429690,-20000,-25955
6230,-2563,16182,5773,-5811,-2446955,-21436293,-19195,-26556
6231,-3070,16093,5778,-5807,-1855889,-21442486,-18371,-27133
6232,-3574,15989,5782,-5803,-1309586,-21449530,-17530,-27683
6233,-4074,15869,5786,-5798,-745055,-21456084,-16673,-28208
6234,-4571,15733,5790,-5794,-203721,-21462922,-15623,-28803
6235,-5063,15582,5759,-5825,-4289694,-21469534,-14732,-29268
6236,-5550,15415,5763,-5821,-3727952,-21419012,-13828,-29706
6237,-6031,15233,5768,-5817,-3145670,-21425497,-12910,-30117
6238,-6507,15036,5772,-5813,-2618394,-21432296,-11980,-30498
6239,-6976,14824,5776,-5808,-2032302,-21438477,-11039,-30852
6240,-7438,14598,5781,-5804,-1476296,-21445442,-10087,-31176
6241,-7893,14357,5785,-5800,-943028,-21452097,-9126,-31470
6242,-8340,14102,5789,-5796,-368580,-21458531,-8157,-31736
6243,-8779,13833,5793,-5791,196562,-21465531,-6983,-32014
6244,-9209,13550,5762,-5822,-3899160,-21472477,-5998,-32213
6245,-9630,13255,5766,-5818,-3328151,-21421877,-5007,-32382
6246,-10042,12946,5770,-5814,-2799555,-21428518,-4011,-32521
6247,-10443,12624,5775,-5810,-2236116,-21434696,-3012,-32628
6248,-10835,12289,5779,-5806,-1683864,-21441361,-2009,-32705
6249,-11215,11943,5783,-5801,-1096954,-21447948,-1005,-32752
6250,-11585,11585,5787,-5797,-569666,-21455023,0,-32767
6251,-11943,11215,5792,-5793,0,-21461423,804,-32757
6252,-12289,10835,5831,-5753,5228064,-21468404,2009,-32705
6253,-12624,10443,5800,-5784,1096954,-21533021,3012,-32628
6254,-12946,10042,5805,-5780,1683864,-21482521,4011,-32521
6255,-13255,9630,5809,-5776,2236116,-21489893,5007,-32382
6256,-13550,9209,5813,-5771,2799555,-21496899,5998,-32213
6257,-13833,8779,5817,-5767,3328151,-21504102,6983,-32014
6258,-14102,8340,5821,-5763,3899160,-21510935,7962,-31785
6259,-14357,7893,5826,-5759,4461966,-21518348,8933,-31526
6260,-14598,7438,5830,-5754,5024814,-21525721,10087,-31176
6261,-14824,6976,5799,-5786,943028,-21533155,11039,-30852
6262,-15036,6507,5803,-5782,1476296,-21483243,11980,-30498
6263,-15233,6031,5807,-5777,2032302,-21489935,12910,-30117
6264,-15415,5550,5812,-5773,2618394,-21496965,13828,-29706
6265,-15582,5063,5816,-5769,3145670,-21504426,14732,-29268
6266,-15733,4571,5820,-5764,3727952,-21511223,15623,-28803
6267,-15869,4074,5824,-5760,4289694,-21518756,16499,-28310
6268,-15989,3574,5829,-5755,4876893,-21526098,17530,-27683
6269,-16093,3070,5797,-5787,745055,-21533814,18371,-27133
6270,-16182,2563,5802,-5783,1309586,-21483267,19195,-26556
6271,-16254,2053,5806,-5779,1855889,-21490324,20000,-25955
6272,-16311,1542,5810,-5774,2446955,-21497216,20787,-25329
6273,-16351,1029,5814,-5770,2973690,-21504720,21554,-24680
6274,-16375,515,5819,-5766,3538440,-21511492,22301,-24007
6275,-16384,0,5823,-5761,4087130,-21518790,23027,-23311
6276,-16375,-515,5827,-5757,4653056,-21525950,23870,-22448
6277,-16351,-1029,5796,-5788,568520,-21533382,24547,-21705
6278,-16311,-1542,5800,-5784,1123766,-21483396,25201,-20942
6279,-16254,-2053,5805,-5780,1683957,-21490320,25832,-20159
6280,-16182,-2563,5808,-5776,2210581,-21497364,26438,-19357
6281,-16093,-3070,5813,-5771,2787843,-21504053,27019,-18537
6282,-15989,-3574,5817,-5767,3356094,-21511424,27575,-17700
6283,-15869,-4074,5822,-5763,3921475,-21518746,28105,-16846
6284,-15733,-4571,5826,-5759,4461303,-21526093,28706,-15800
6285,-15582,-5063,5795,-5790,386828,-21533184,29177,-14912
6286,-15415,-5550,5799,-5786,945377,-21483302,29621,-14010
6287,-15233,-6031,5803,-5781,1508485,-21490247,30037,-13094
6288,-15036,-6507,5807,-5777,2030342,-21497308,30424,-12167
6289,-14824,-6976,5812,-5773,2627385,-21503920,30783,-11228
6290,-14598,-7438,5816,-5768,3185416,-21511517,31113,-10278
6291,-14357,-7893,5820,-5764,3716928,-21518695,31470,-9126
6292,-14102,-8340,5789,-5796,-368580,-21525605,31736,-8157
6293,-13833,-8779,5793,-5791,196562,-21475507,31971,-7179
6294,-13550,-9209,5798,-5787,750114,-21482453,32176,-6195
6295,-13255,-9630,5802,-5783,1315989,-21489316,32351,-5205
6296,-12946,-10042,5806,-5779,1844050,-21496391,32495,-4210
6297,-12624,-10443,5810,-5774,2414000,-21503059,32609,-3212
6298,-12289,-10835,5814,-5770,2970975,-21510301,32692,-2210
6299,-11943,-11215,5819,-5765,3569872,-21517443,32752,-1005
6300,-11585,-11585,5787,-5797,-569666,-21525163,32766,201
6301,-11215,-11943,5756,-5828,-4657170,-21474382,32745,1206
6302,-10835,-12289,5760,-5824,-4090188,-21423802,32692,2210
6303,-10443,-12624,5764,-5820,-3569872,-21430313,32609,3212
6304,-10042,-12946,5769,-5815,-2970975,-21436308,32495,4210
6305,-9630,-13255,5773,-5811,-2414000,-21443329,32351,5205
6306,-9209,-13550,5778,-5807,-1844050,-21449896,32176,6195
6307,-8779,-13833,5782,-5803,-1315989,-21456683,31971,7179
6308,-8340,-14102,5786,-5799,-750114,-21463013,31685,8351
6309,-7893,-14357,5755,-5830,-4844172,-21469867,31414,9319
6310,-7438,-14598,5759,-5825,-4287654,-21419186,31113,10278
6311,-6976,-14824,5763,-5821,-3716928,-21425547,30783,11228
6312,-6507,-15036,5767,-5817,-3185416,-21432143,30424,12167
6313,-6031,-15233,5772,-5813,-2627385,-21438316,30037,13094
6314,-5550,-15415,5776,-5808,-2030342,-21444873,29621,14010
6315,-5063,-15582,5780,-5804,-1508485,-21451972,29177,14912
6316,-4571,-15733,5785,-5800,-945377,-21458206,28706,15800
6317,-4074,-15869,5789,-5796,-386828,-21465005,28105,16846
6318,-3574,-15989,5758,-5827,-4461303,-21471808,27575,17700
6319,-3070,-16093,5762,-5823,-3921475,-21421408,27019,18537
6320,-2563,-16182,5766,-5818,-3356094,-21427604,26438,19357
6321,-2053,-16254,5770,-5814,-2787843,-21434174,25832,20159
6322,-1542,-16311,5775,-5809,-2210581,-21440839,25201,20942
6323,-1029,-16351,5779,-5806,-1683957,-21447676,24547,21705
6324,-515,-16375,5783,-5801,-1123766,-21453949,23870,22448
6325,0,-16384,5787,-5797,-568520,-21460693,23027,23311
6326,515,-16375,5756,-5828,-4653056,-21467436,22301,24007
6327,1029,-16351,5760,-5824,-4087130,-21416892,21554,24680
6328,1542,-16311,5765,-5820,-3538440,-21423390,20787,25329
6329,2053,-16254,5769,-5815,-2973690,-21429736,20000,25955
6330,2563,-16182,5773,-5811,-2446955,-21436339,19195,26556
6331,3070,-16093,5778,-5807,-1855889,-21442532,18371,27133
6332,3574,-15989,5782,-5803,-1309586,-21449576,17530,27683
6333,4074,-15869,5786,-5798,-745055,-21456130,16673,28208
6334,4571,-15733,5790,-5794,-203721,-21462968,15623,28803
6335,5063,-15582,5759,-5825,-4289694,-21469580,14732,29268
6336,5550,-15415,5763,-5821,-3727952,-21419058,13828,29706
6337,6031,-15233,5768,-5817,-3145670,-21425543,12910,30117
6338,6507,-15036,5772,-5813,-2618394,-21432342,11980,30498
6339,6976,-14824,5776,-5808,-2032302,-21438523,11039,30852
6340,7438,-14598,5781,-5804,-1476296,-21445488,10087,31176
6341,7893,-14357,5785,-5800,-943028,-21452143,9126,31470
6342,8340,-14102,5789,-5796,-368580,-21458577,8157,31736
6343,8779,-13833,5793,-5791,196562,-21465577,6983,32014
6344,9209,-13550,5762,-5822,-3899160,-21472523,5998,32213
6345,9630,-13255,5766,-5818,-3328151,-21421923,5007,32382
6346,10042,-12946,5770,-5814,-2799555,-21428564,4011,32521
6347,10443,-12624,5775,-5810,-2236116,-21434742,3012,32628
6348,10835,-12289,5779,-5806,-1683864,-21441407,2009,32705
6349,11215,-11943,5783,-5801,-1096954,-21447994,1005,32752
6350,11585,-11585,5787,-5797,-569666,-21455069,0,32767
6351,11943,-11215,5792,-5793,0,-21461469,-804,32757
6352,12289,-10835,5831,-5753,5228064,-21468450,-2009,32705
6353,12624,-10443,5800,-5784,1096954,-21533067,-3012,32628
6354,12946,-10042,5805,-5780,1683864,-21482567,-4011,32521
6355,13255,-9630,5809,-5776,2236116,-21489939,-5007,32382
6356,13550,-9209,5813,-5771,2799555,-21496945,-5998,32213
6357,13833,-8779,5817,-5767,3328151,-21504148,-6983,32014
6358,14102,-8340,5821,-5763,3899160,-21510981,-7962,31785
6359,14357,-7893,5826,-5759,4461966,-21518394,-8933,31526
6360,14598,-7438,5830,-5754,5024814,-21525767,-10087,31176
6361,14824,-6976,5799,-5786,943028,-21533201,-11039,30852
6362,15036,-6507,5803,-5782,1476296,-21483289,-11980,30498
6363,15233,-6031,5807,-5777,2032302,-21489981,-12910,30117
6364,15415,-5550,5812,-5773,2618394,-21497011,-13828,29706
6365,15582,-5063,5816,-5769,3145670,-21504472,-14732,29268
6366,15733,-4571,5820,-5764,3727952,-21511269,-15623,28803
6367,15869,-4074,5824,-5760,4289694,-21518802,-16499,28310
6368,15989,-3574,5829,-5755,4876893,-21526144,-17530,27683
6369,16093,-3070,5797,-5787,745055,-21533860,-18371,27133
6370,16182,-2563,5802,-5783,1309586,-21483313,-19195,26556
6371,16254,-2053,5806,-5779,1855889,-21490370,-20000,25955
6372,16311,-1542,5810,-5774,2446955,-21497262,-20787,25329
6373,16351,-1029,5814,-5770,2973690,-21504766,-21554,24680
6374,16375,-515,5819,-5766,3538440,-21511538,-22301,24007
6375,16384,0,5823,-5761,4087130,-21518836,-23027,23311
6376,16375,515,5827,-5757,4653056,-21525996,-23870,22448
6377,16351,1029,5796,-5788,568520,-21533428,-24547,21705
6378,16311,1542,5800,-5784,1123766,-21483442,-25201,20942
6379,16254,2053,5805,-5780,1683957,-21490366,-25832,20159
6380,16182,2563,5808,-5776,2210581,-21497410,-26438,19357
6381,16093,3070,5813,-5771,2787843,-21504099,-27019,18537
6382,15989,3574,5817,-5767,3356094,-21511470,-27575,17700
6383,15869,4074,5822,-5763,3921475,-21518792,-28105,16846
6384,15733,4571,5826,-5759,4461303,-21526139,-28706,15800
6385,15582,5063,5795,-5790,386828,-21533230,-29177,14912
6386,15415,5550,5799,-5786,945377,-21483348,-29621,14010
6387,15233,6031,5803,-5781,1508485,-21490293,-30037,13094
6388,15036,6507,5807,-5777,2030342,-21497354,-30424,12167
6389,14824,6976,5812,-5773,2627385,-21503966,-30783,11228
6390,14598,7438,5816,-5768,3185416,-21511563,-31113,10278
6391,14357,7893,5820,-5764,3716928,-21518741,-31470,9126
6392,14102,8340,5789,-5796,-368580,-21525651,-31736,8157
6393,13833,8779,5793,-5791,196562,-21475553,-31971,7179
6394,13550,9209,5798,-5787,750114,-21482499,-32176,6195
6395,13255,9630,5802,-5783,1315989,-21489362,-32351,5205
6396,12946,10042,5806,-5779,1844050,-21496437,-32495,4210
6397,12624,10443,5810,-5774,2414000,-21503105,-32609,3212
6398,12289,10835,5814,-5770,2970975,-21510347,-32692,2210
6399,11943,11215,5819,-5765,3569872,-21517489,-32752,1005
6400,11585,11585,5787,-5797,-569666,-21525209,-32766,-201
6401,11215,11943,5756,-5828,-4657170,-21474428,-32745,-1206
6402,10835,12289,5760,-5824,-4090188,-21423848,-32692,-2210
6403,10443,12624,5764,-5820,-3569872,-21430359,-32609,-3212
6404,10042,12946,5769,-5815,-2970975,-21436354,-32495,-4210
6405,9630,13255,5773,-5811,-2414000,-21443375,-32351,-5205
6406,9209,13550,5778,-5807,-1844050,-21449942,-32176,-6195
6407,8779,13833,5782,-5803,-1315989,-21456729,-31971,-7179
6408,8340,14102,5786,-5799,-750114,-21463059,-31685,-8351
6409,7893,14357,5755,-5830,-4844172,-21469913,-31414,-9319
6410,7438,14598,5759,-5825,-4287654,-21419232,-31113,-10278
6411,6976,14824,5763,-5821,-3716928,-21425593,-30783,-11228
6412,6507,15036,5767,-5817,-3185416,-21432189,-30424,-12167
6413,6031,15233,5772,-5813,-2627385,-21438362,-30037,-13094
6414,5550,15415,5776,-5808,-2030342,-21444919,-29621,-14010
6415,5063,15582,5780,-5804,-1508485,-21452018,-29177,-14912
6416,4571,15733,5785,-5800,-945377,-21458252,-28706,-15800
6417,4074,15869,5789,-5796,-386828,-21465051,-28105,-16846
6418,3574,15989,5758,-5827,-4461303,-21471854,-27575,-17700
6419,3070,16093,5762,-5823,-3921475,-21421454,-27019,-18537
6420,2563,16182,5766,-5818,-3356094,-21427650,-26438,-19357
6421,2053,16254,5770,-5814,-2787843,-21434220,-25832,-20159
6422,1542,16311,5775,-5809,-2210581,-21440885,-25201,-20942
6423,1029,16351,5779,-5806,-1683957,-21447722,-24547,-21705
6424,515,16375,5783,-5801,-1123766,-21453995,-23870,-22448
6425,0,16384,5787,-5797,-568520,-21460739,-23027,-23311
6426,-515,16375,5756,-5828,-4653056,-21467482,-22301,-24007
6427,-1029,16351,5760,-5824,-4087130,-21416938,-21554,-24680
6428,-1542,16311,5765,-5820,-3538440,-21423436,-20787,-25329
6429,-2053,16254,5769,-5815,-2973690,-21429782,-20000,-25955
6430,-2563,16182,5773,-5811,-2446955,-21436385,-19195,-26556
6431,-3070,16093,5778,-5807,-1855889,-21442578,-18371,-27133
6432,-3574,15989,5782,-5803,-1309586,-21449622,-17530,-27683
6433,-4074,15869,5786,-5798,-745055,-21456176,-16673,-28208
6434,-4571,15733,5790,-5794,-203721,-21463014,-15623,-28803
6435,-5063,15582,5759,-5825,-4289694,-21469626,-14732,-29268
6436,-5550,15415,5763,-5821,-3727952,-21419104,-13828,-29706
6437,-6031,15233,5768,-5817,-3145670,-21425589,-12910,-30117
6438,-6507,15036,5772,-5813,-2618394,-21432388,-11980,-30498
6439,-6976,14824,5776,-5808,-2032302,-21438569,-11039,-30852
6440,-7438,14598,5781,-5804,-1476296,-21445534,-10087,-31176
6441,-7893,14357,5785,-5800,-943028,-21452189,-9126,-31470
6442,-8340,14102,5789,-5796,-368580,-21458623,-8157,-31736
6443,-8779,13833,5793,-5791,196562,-21465623,-6983,-32014
6444,-9209,13550,5762,-5822,-3899160,-21472569,-5998,-32213
6445,-9630,13255,5766,-5818,-3328151,-21421969,-5007,-32382
6446,-10042,12946,5770,-5814,-2799555,-21428610,-4011,-32521
6447,-10443,12624,5775,-5810,-2236116,-21434788,-3012,-32628
6448,-10835,12289,5779,-5806,-1683864,-21441453,-2009,-32705
6449,-11215,11943,5783,-5801,-1096954,-21448040,-1005,-32752
6450,-11585,11585,5787,-5797,-569666,-21455115,0,-32767
6451,-11943,11215,5792,-5793,0,-21461515,804,-32757
6452,-12289,10835,5831,-5753,5228064,-21468496,2009,-32705
6453,-12624,10443,5800,-5784,1096954,-21533113,3012,-32628
6454,-12946,10042,5805,-5780,1683864,-21482613,4011,-32521
6455,-13255,9630,5809,-5776,2236116,-21489985,5007,-32382
6456,-13550,9209,5813,-5771,2799555,-21496991,5998,-32213
6457,-13833,8779,5817,-5767,3328151,-21504194,6983,-32014
6458,-14102,8340,5821,-5763,3899160,-21511027,7962,-31785
6459,-14357,7893,5826,-5759,4461966,-21518440,8933,-31526
6460,-14598,7438,5830,-5754,5024814,-21525813,10087,-31176
6461,-14824,6976,5799,-5786,943028,-21533247,11039,-30852
6462,-15036,6507,5803,-5782,1476296,-21483335,11980,-30498
6463,-15233,6031,5807,-5777,2032302,-21490027,12910,-30117
6464,-15415,5550,5812,-5773,2618394,-21497057,13828,-29706
6465,-15582,5063,5816,-5769,3145670,-21504518,14732,-29268
6466,-15733,4571,5820,-5764,3727952,-21511315,15623,-28803
6467,-15869,4074,5824,-5760,4289694,-21518848,16499,-28310
6468,-15989,3574,5829,-5755,4876893,-21526190,17530,-27683
6469,-16093,3070,5797,-5787,745055,-21533906,18371,-27133
6470,-16182,2563,5802,-5783,1309586,-21483359,19195,-26556
6471,-16254,2053,5806,-5779,1855889,-21490416,20000,-25955
6472,-16311,1542,5810,-5774,2446955,-21497308,20787,-25329
6473,-16351,1029,5814,-5770,2973690,-21504812,21554,-24680
6474,-16375,515,5819,-5766,3538440,-21511584,22301,-24007
6475,-16384,0,5823,-5761,4087130,-21518882,23027,-23311
6476,-16375,-515,5827,-5757,4653056,-21526042,23870,-22448
6477,-16351,-1029,5796,-5788,568520,-21533474,24547,-21705
6478,-16311,-1542,5800,-5784,1123766,-21483488,25201,-20942
6479,-16254,-2053,5805,-5780,1683957,-21490412,25832,-20159
6480,-16182,-2563,5808,-5776,2210581,-21497456,26438,-19357
6481,-16093,-3070,5813,-5771,2787843,-21504145,27019,-18537
6482,-15989,-3574,5817,-5767,3356094,-21511516,27575,-17700
6483,-15869,-4074,5822,-5763,3921475,-21518838,28105,-16846
6484,-15733,-4571,5826,-5759,4461303,-21526185,28706,-15800
6485,-15582,-5063,5795,-5790,386828,-21533276,29177,-14912
6486,-15415,-5550,5799,-5786,945377,-21483394,29621,-14010
6487,-15233,-6031,5803,-5781,1508485,-21490339,30037,-13094
6488,-15036,-6507,5807,-5777,2030342,-21497400,30424,-12167
6489,-14824,-6976,5812,-5773,2627385,-21504012,30783,-11228
6490,-14598,-7438,5816,-5768,3185416,-21511609,31113,-10278
6491,-14357,-7893,5820,-5764,3716928,-21518787,31470,-9126
6492,-14102,-8340,5789,-5796,-368580,-21525697,31736,-8157
6493,-13833,-8779,5793,-5791,196562,-21475599,31971,-7179
6494,-13550,-9209,5798,-5787,750114,-21482545,32176,-6195
6495,-13255,-9630,5802,-5783,1315989,-21489408,32351,-5205
6496,-12946,-10042,5806,-5779,1844050,-21496483,32495,-4210
6497,-12624,-10443,5810,-5774,2414000,-21503151,32609,-3212
6498,-12289,-10835,5814,-5770,2970975,-21510393,32692,-2210
6499,-11943,-11215,5819,-5765,3569872,-21517535,32752,-1005
6500,-11585,-11585,5787,-5797,-569666,-21525255,32766,201
6501,-11215,-11943,5756,-5828,-4657170,-21474474,32745,1206
6502,-10835,-12289,5760,-5824,-4090188,-21423894,32692,2210
6503,-10443,-12624,5764,-5820,-3569872,-21430405,32609,3212
6504,-10042,-12946,5769,-5815,-2970975,-21436400,32495,4210
6505,-9630,-13255,5773,-5811,-2414000,-21443421,32351,5205
6506,-9209,-13550,5778,-5807,-1844050,-21449988,32176,6195
6507,-8779,-13833,5782,-5803,-1315989,-21456775,31971,7179
6508,-8340,-14102,5786,-5799,-750114,-21463105,31685,8351
6509,-7893,-14357,5755,-5830,-4844172,-21469959,31414,9319
6510,-7438,-14598,5759,-5825,-4287654,-21419278,31113,10278
6511,-6976,-14824,5763,-5821,-3716928,-21425639,30783,11228
6512,-6507,-15036,5767,-5817,-3185416,-21432235,30424,12167
6513,-6031,-15233,5772,-5813,-2627385,-21438408,30037,13094
6514,-5550,-15415,5776,-5808,-2030342,-21444965,29621,14010
6515,-5063,-15582,5780,-5804,-1508485,-21452064,29177,14912
6516,-4571,-15733,5785,-5800,-945377,-21458298,28706,15800
6517,-4074,-15869,5789,-5796,-386828,-21465097,28105,16846
6518,-3574,-15989,5758,-5827,-4461303,-21471900,27575,17700
6519,-3070,-16093,5762,-5823,-3921475,-21421500,27019,18537
6520,-2563,-16182,5766,-5818,-3356094,-21427696,26438,19357
6521,-2053,-16254,5770,-5814,-2787843,-21434266,25832,20159
6522,-1542,-16311,5775,-5809,-2210581,-21440931,25201,20942
6523,-1029,-16351,5779,-5806,-1683957,-21447768,24547,21705
6524,-515,-16375,5783,-5801,-1123766,-21454041,23870,22448
6525,0,-16384,5787,-5797,-568520,-21460785,23027,23311
6526,515,-16375,5756,-5828,-4653056,-21467528,22301,24007
6527,1029,-16351,5760,-5824,-4087130,-21416984,21554,24680
6528,1542,-16311,5765,-5820,-3538440,-21423482,20787,25329
6529,2053,-16254,5769,-5815,-2973690,-21429828,20000,25955
6530,2563,-16182,5773,-5811,-2446955,-21436431,19195,26556
6531,3070,-16093,5778,-5807,-1855889,-21442624,18371,27133
6532,3574,-15989,5782,-5803,-1309586,-21449668,17530,27683
6533,4074,-15869,5786,-5798,-745055,-21456222,16673,28208
6534,4571,-15733,5790,-5794,-203721,-21463060,15623,28803
6535,5063,-15582,5759,-5825,-4289694,-21469672,14732,29268
6536,5550,-15415,5763,-5821,-3727952,-21419150,13828,29706
6537,6031,-15233,5768,-5817,-3145670,-21425635,12910,30117
6538,6507,-15036,5772,-5813,-2618394,-21432434,11980,30498
6539,6976,-14824,5776,-5808,-2032302,-21438615,11039,30852
6540,7438,-14598,5781,-5804,-1476296,-21445580,10087,31176
6541,7893,-14357,5785,-5800,-943028,-21452235,9126,31470
6542,8340,-14102,5789,-5796,-368580,-21458669,8157,31736
6543,8779,-13833,5793,-5791,196562,-21465669,6983,32014
6544,9209,-13550,5762,-5822,-3899160,-21472615,5998,32213
6545,9630,-13255,5766,-5818,-3328151,-21422015,5007,32382
6546,10042,-12946,5770,-5814,-2799555,-21428656,4011,32521
6547,10443,-12624,5775,-5810,-2236116,-21434834,3012,32628
6548,10835,-12289,5779,-5806,-1683864,-21441499,2009,32705
6549,11215,-11943,5783,-5801,-1096954,-21448086,1005,32752
6550,11585,-11585,5787,-5797,-569666,-21455161,0,32767
6551,11943,-11215,5792,-5793,0,-21461561,-804,32757
6552,12289,-10835,5831,-5753,5228064,-21468542,-2009,32705
6553,12624,-10443,5800,-5784,1096954,-21533159,-3012,32628
6554,12946,-10042,5805,-5780,1683864,-21482659,-4011,32521
6555,13255,-9630,5809,-5776,2236116,-21490031,-5007,32382
6556,13550,-9209,5813,-5771,2799555,-21497037,-5998,32213
6557,13833,-8779,5817,-5767,3328151,-21504240,-6983,32014
6558,14102,-8340,5821,-5763,3899160,-21511073,-7962,31785
6559,14357,-7893,5826,-5759,4461966,-21518486,-8933,31526
6560,14598,-7438,5830,-5754,5024814,-21525859,-10087,31176
6561,14824,-6976,5799,-5786,943028,-21533293,-11039,30852
6562,15036,-6507,5803,-5782,1476296,-21483381,-11980,30498
6563,15233,-6031,5807,-5777,2032302,-21490073,-12910,30117
6564,15415,-5550,5812,-5773,2618394,-21497103,-13828,29706
6565,15582,-5063,5816,-5769,3145670,-21504564,-14732,29268
6566,15733,-4571,5820,-5764,3727952,-21511361,-15623,28803
6567,15869,-4074,5824,-5760,4289694,-21518894,-16499,28310
6568,15989,-3574,5829,-5755,4876893,-21526236,-17530,27683
6569,16093,-3070,5797,-5787,745055,-21533952,-18371,27133
6570,16182,-2563,5802,-5783,1309586,-21483405,-19195,26556
6571,16254,-2053,5806,-5779,1855889,-21490462,-20000,25955
6572,16311,-1542,5810,-5774,2446955,-21497354,-20787,25329
6573,16351,-1029,5814,-5770,2973690,-21504858,-21554,24680
6574,16375,-515,5819,-5766,3538440,-21511630,-22301,24007
6575,16384,0,5823,-5761,4087130,-21518928,-23027,23311
6576,16375,515,5827,-5757,4653056,-21526088,-23870,22448
6577,16351,1029,5796,-5788,568520,-21533520,-24547,21705
6578,16311,1542,5800,-5784,1123766,-21483534,-25201,20942
6579,16254,2053,5805,-5780,1683957,-21490458,-25832,20159
6580,16182,2563,5808,-5776,2210581,-21497502,-26438,19357
6581,16093,3070,5813,-5771,2787843,-21504191,-27019,18537
6582,15989,3574,5817,-5767,3356094,-21511562,-27575,17700
6583,15869,4074,5822,-5763,3921475,-21518884,-28105,16846
6584,15733,4571,5826,-5759,4461303,-21526231,-28706,15800
6585,15582,5063,5795,-5790,386828,-21533322,-29177,14912
6586,15415,5550,5799,-5786,945377,-21483440,-29621,14010
6587,15233,6031,5803,-5781,1508485,-21490385,-30037,13094
6588,15036,6507,5807,-5777,2030342,-21497446,-30424,12167
6589,14824,6976,5812,-5773,2627385,-21504058,-30783,11228
6590,14598,7438,5816,-5768,3185416,-21511655,-31113,10278
6591,14357,7893,5820,-5764,3716928,-21518833,-31470,9126
6592,14102,8340,5789,-5796,-368580,-21525743,-31736,8157
6593,13833,8779,5793,-5791,196562,-21475645,-31971,7179
6594,13550,9209,5798,-5787,750114,-21482591,-32176,6195
6595,13255,9630,5802,-5783,1315989,-21489454,-32351,5205
6596,12946,10042,5806,-5779,1844050,-21496529,-32495,4210
6597,12624,10443,5810,-5774,2414000,-21503197,-32609,3212
6598,12289,10835,5814,-5770,2970975,-21510439,-32692,2210
6599,11943,11215,5819,-5765,3569872,-21517581,-32752,1005
6600,11585,11585,5787,-5797,-569666,-21525301,-32766,-201
6601,11215,11943,5756,-5828,-4657170,-21474520,-32745,-1206
6602,10835,12289,5760,-5824,-4090188,-21423940,-32692,-2210
6603,10443,12624,5764,-5820,-3569872,-21430451,-32609,-3212
6604,10042,12946,5769,-5815,-2970975,-21436446,-32495,-4210
6605,9630,13255,5773,-5811,-2414000,-21443467,-32351,-5205
6606,9209,13550,5778,-5807,-1844050,-21450034,-32176,-6195
6607,8779,13833,5782,-5803,-1315989,-21456821,-31971,-7179
6608,8340,14102,5786,-5799,-750114,-21463151,-31685,-8351
6609,7893,14357,5755,-5830,-4844172,-21470005,-31414,-9319
6610,7438,14598,5759,-5825,-4287654,-21419324,-31113,-10278
6611,6976,14824,5763,-5821,-3716928,-21425685,-30783,-11228
6612,6507,15036,5767,-5817,-3185416,-21432281,-30424,-12167
6613,6031,15233,5772,-5813,-2627385,-21438454,-30037,-13094
6614,5550,15415,5776,-5808,-2030342,-21445011,-29621,-14010
6615,5063,15582,5780,-5804,-1508485,-21452110,-29177,-14912
6616,4571,15733,5785,-5800,-945377,-21458344,-28706,-15800
6617,4074,15869,5789,-5796,-386828,-21465143,-28105,-16846
6618,3574,15989,5758,-5827,-4461303,-21471946,-27575,-17700
6619,3070,16093,5762,-5823,-3921475,-21421546,-27019,-18537
6620,2563,16182,5766,-5818,-3356094,-21427742,-26438,-19357
6621,2053,16254,5770,-5814,-2787843,-21434312,-25832,-20159
6622,1542,16311,5775,-5809,-2210581,-21440977,-25201,-20942
6623,1029,16351,5779,-5806,-1683957,-21447814,-24547,-21705
6624,515,16375,5783,-5801,-1123766,-21454087,-23870,-22448
6625,0,16384,5787,-5797,-568520,-21460831,-23027,-23311
6626,-515,16375,5756,-5828,-4653056,-21467574,-22301,-24007
6627,-1029,16351,5760,-5824,-4087130,-21417030,-21554,-24680
6628,-1542,16311,5765,-5820,-3538440,-21423528,-20787,-25329
6629,-2053,16254,5769,-5815,-2973690,-21429874,-20000,-25955
6630,-2563,16182,5773,-5811,-2446955,-21436477,-19195,-26556
6631,-3070,16093,5778,-5807,-1855889,-21442670,-18371,-27133
6632,-3574,15989,5782,-5803,-1309586,-21449714,-17530,-27683
6633,-4074,15869,5786,-5798,-745055,-21456268,-16673,-28208
6634,-4571,15733,5790,-5794,-203721,-21463106,-15623,-28803
6635,-5063,15582,5759,-5825,-4289694,-21469718,-14732,-29268
6636,-5550,15415,5763,-5821,-3727952,-21419196,-13828,-29706
6637,-6031,15233,5768,-5817,-3145670,-21425681,-12910,-30117
6638,-6507,15036,5772,-5813,-2618394,-21432480,-11980,-30498
6639,-6976,14824,5776,-5808,-2032302,-21438661,-11039,-30852
6640,-7438,14598,5781,-5804,-1476296,-21445626,-10087,-31176
6641,-7893,14357,5785,-5800,-943028,-21452281,-9126,-31470
6642,-8340,14102,5789,-5796,-368580,-21458715,-8157,-31736
6643,-8779,13833,5793,-5791,196562,-21465715,-6983,-32014
6644,-9209,13550,5762,-5822,-3899160,-21472661,-5998,-32213
6645,-9630,13255,5766,-5818,-3328151,-21422061,-5007,-32382
6646,-10042,12946,5770,-5814,-2799555,-21428702,-4011,-32521
6647,-10443,12624,5775,-5810,-2236116,-21434880,-3012,-32628
6648,-10835,12289,5779,-5806,-1683864,-21441545,-2009,-32705
6649,-11215,11943,5783,-5801,-1096954,-21448132,-1005,-32752
6650,-11585,11585,5787,-5797,-569666,-21455207,0,-32767
6651,-11943,11215,5792,-5793,0,-21461607,804,-32757
6652,-12289,10835,5831,-5753,5228064,-21468588,2009,-32705
6653,-12624,10443,5800,-5784,1096954,-21533205,3012,-32628
6654,-12946,10042,5805,-5780,1683864,-21482705,4011,-32521
6655,-13255,9630,5809,-5776,2236116,-21490077,5007,-32382
6656,-13550,9209,5813,-5771,2799555,-21497083,5998,-32213
6657,-13833,8779,5817,-5767,3328151,-21504286,6983,-32014
6658,-14102,8340,5821,-5763,3899160,-21511119,7962,-31785
6659,-14357,7893,5826,-5759,4461966,-21518532,8933,-31526
6660,-14598,7438,5830,-5754,5024814,-21525905,10087,-31176
6661,-14824,6976,5799,-5786,943028,-21533339,11039,-30852
6662,-15036,6507,5803,-5782,1476296,-21483427,11980,-30498
6663,-15233,6031,5807,-5777,2032302,-21490119,12910,-30117
6664,-15415,5550,5812,-5773,2618394,-21497149,13828,-29706
6665,-15582,5063,5816,-5769,3145670,-21504610,14732,-29268
6666,-15733,4571,5820,-5764,3727952,-21511407,15623,-28803
6667,-15869,4074,5824,-5760,4289694,-21518940,16499,-28310
6668,-15989,3574,5829,-5755,4876893,-21526282,17530,-27683
6669,-16093,3070,5797,-5787,745055,-21533998,18371,-27133
6670,-16182,2563,5802,-5783,1309586,-21483451,19195,-26556
6671,-16254,2053,5806,-5779,1855889,-21490508,20000,-25955
6672,-16311,1542,5810,-5774,2446955,-21497400,20787,-25329
6673,-16351,1029,5814,-5770,2973690,-21504904,21554,-24680
6674,-16375,515,5819,-5766,3538440,-21511676,22301,-24007
6675,-16384,0,5823,-5761,4087130,-21518974,23027,-23311
6676,-16375,-515,5827,-5757,4653056,-21526134,23870,-22448
6677,-16351,-1029,5796,-5788,568520,-21533566,24547,-21705
6678,-16311,-1542,5800,-5784,1123766,-21483580,25201,-20942
6679,-16254,-2053,5805,-5780,1683957,-21490504,25832,-20159
6680,-16182,-2563,5808,-5776,2210581,-21497548,26438,-19357
6681,-16093,-3070,5813,-5771,2787843,-21504237,27019,-18537
6682,-15989,-3574,5817,-5767,3356094,-21511608,27575,-17700
6683,-15869,-4074,5822,-5763,3921475,-21518930,28105,-16846
6684,-15733,-4571,5826,-5759,4461303,-21526277,28706,-15800
6685,-15582,-5063,5795,-5790,386828,-21533368,29177,-14912
6686,-15415,-5550,5799,-5786,945377,-21483486,29621,-14010
6687,-15233,-6031,5803,-5781,1508485,-21490431,30037,-13094
6688,-15036,-6507,5807,-5777,2030342,-21497492,30424,-12167
6689,-14824,-6976,5812,-5773,2627385,-21504104,30783,-11228
6690,-14598,-7438,5816,-5768,3185416,-21511701,31113,-10278
6691,-14357,-7893,5820,-5764,3716928,-21518879,31470,-9126
6692,-14102,-8340,5789,-5796,-368580,-21525789,31736,-8157
6693,-13833,-8779,5793,-5791,196562,-21475691,31971,-7179
6694,-13550,-9209,5798,-5787,750114,-21482637,32176,-6195
6695,-13255,-9630,5802,-5783,1315989,-21489500,32351,-5205
6696,-12946,-10042,5806,-5779,1844050,-21496575,32495,-4210
6697,-12624,-10443,5810,-5774,2414000,-21503243,32609,-3212
6698,-12289,-10835,5814,-5770,2970975,-21510485,32692,-2210
6699,-11943,-11215,5819,-5765,3569872,-21517627,32752,-1005
6700,-11585,-11585,5787,-5797,-569666,-21525347,32766,201
6701,-11215,-11943,5756,-5828,-4657170,-21474566,32745,1206
6702,-10835,-12289,5760,-5824,-4090188,-21423986,32692,2210
6703,-10443,-12624,5764,-5820,-3569872,-21430497,32609,3212
6704,-10042,-12946,5769,-5815,-2970975,-21436492,32495,4210
6705,-9630,-13255,5773,-5811,-2414000,-21443513,32351,5205
6706,-9209,-13550,5778,-5807,-1844050,-21450080,32176,6195
6707,-8779,-13833,5782,-5803,-1315989,-21456867,31971,7179
6708,-8340,-14102,5786,-5799,-750114,-21463197,31685,8351
6709,-7893,-14357,5755,-5830,-4844172,-21470051,31414,9319
6710,-7438,-14598,5759,-5825,-4287654,-21419370,31113,10278
6711,-6976,-14824,5763,-5821,-3716928,-21425731,30783,11228
6712,-6507,-15036,5767,-5817,-3185416,-21432327,30424,12167
6713,-6031,-15233,5772,-5813,-2627385,-21438500,30037,13094
6714,-5550,-15415,5776,-5808,-2030342,-21445057,29621,14010
6715,-5063,-15582,5780,-5804,-1508485,-21452156,29177,14912
6716,-4571,-15733,5785,-5800,-945377,-21458390,28706,15800
6717,-4074,-15869,5789,-5796,-386828,-21465189,28105,16846
6718,-3574,-15989,5758,-5827,-4461303,-21471992,27575,17700
6719,-3070,-16093,5762,-5823,-3921475,-21421592,27019,18537
6720,-2563,-16182,5766,-5818,-3356094,-21427788,26438,19357
6721,-2053,-16254,5770,-5814,-2787843,-21434358,25832,20159
6722,-1542,-16311,5775,-5809,-2210581,-21441023,25201,20942
6723,-1029,-16351,5779,-5806,-1683957,-21447860,24547,21705
6724,-515,-16375,5783,-5801,-1123766,-21454133,23870,22448
6725,0,-16384,5787,-5797,-568520,-21460877,23027,23311
6726,515,-16375,5756,-5828,-4653056,-21467620,22301,24007
6727,1029,-16351,5760,-5824,-4087130,-21417076,21554,24680
6728,1542,-16311,5765,-5820,-3538440,-21423574,20787,25329
6729,2053,-16254,5769,-5815,-2973690,-21429920,20000,25955
6730,2563,-16182,5773,-5811,-2446955,-21436523,19195,26556
6731,3070,-16093,5778,-5807,-1855889,-21442716,18371,27133
6732,3574,-15989,5782,-5803,-1309586,-21449760,17530,27683
6733,4074,-15869,5786,-5798,-745055,-21456314,16673,28208
6734,4571,-15733,5790,-5794,-203721,-21463152,15623,28803
6735,5063,-15582,5759,-5825,-4289694,-21469764,14732,29268
6736,5550,-15415,5763,-5821,-3727952,-21419242,13828,29706
6737,6031,-15233,5768,-5817,-3145670,-21425727,12910,30117
6738,6507,-15036,5772,-5813,-2618394,-21432526,11980,30498
6739,6976,-14824,5776,-5808,-2032302,-21438707,11039,30852
6740,7438,-14598,5781,-5804,-1476296,-21445672,10087,31176
6741,7893,-14357,5785,-5800,-943028,-21452327,9126,31470
6742,8340,-14102,5789,-5796,-368580,-21458761,8157,31736
6743,8779,-13833,5793,-5791,196562,-21465761,6983,32014
6744,9209,-13550,5762,-5822,-3899160,-21472707,5998,32213
6745,9630,-13255,5766,-5818,-3328151,-21422107,5007,32382
6746,10042,-12946,5770,-5814,-2799555,-21428748,4011,32521
6747,10443,-12624,5775,-5810,-2236116,-21434926,3012,32628
6748,10835,-12289,5779,-5806,-1683864,-21441591,2009,32705
6749,11215,-11943,5783,-5801,-1096954,-21448178,1005,32752
6750,11585,-11585,5787,-5797,-569666,-21455253,0,32767
6751,11943,-11215,5792,-5793,0,-21461653,-804,32757
6752,12289,-10835,5831,-5753,5228064,-21468634,-2009,32705
6753,12624,-10443,5800,-5784,1096954,-21533251,-3012,32628
6754,12946,-10042,5805,-5780,1683864,-21482751,-4011,32521
6755,13255,-9630,5809,-5776,2236116,-21490123,-5007,32382
6756,13550,-9209,5813,-5771,2799555,-21497129,-5998,32213
6757,13833,-8779,5817,-5767,3328151,-21504332,-6983,32014
6758,14102,-8340,5821,-5763,3899160,-21511165,-7962,31785
6759,14357,-7893,5826,-5759,4461966,-21518578,-8933,31526
6760,14598,-7438,5830,-5754,5024814,-21525951,-10087,31176
6761,14824,-6976,5799,-5786,943028,-21533385,-11039,30852
6762,15036,-6507,5803,-5782,1476296,-21483473,-11980,30498
6763,15233,-6031,5807,-5777,2032302,-21490165,-12910,30117
6764,15415,-5550,5812,-5773,2618394,-21497195,-13828,29706
6765,15582,-5063,5816,-5769,3145670,-21504656,-14732,29268
6766,15733,-4571,5820,-5764,3727952,-21511453,-15623,28803
6767,15869,-4074,5824,-5760,4289694,-21518986,-16499,28310
6768,15989,-3574,5829,-5755,4876893,-21526328,-17530,27683
6769,16093,-3070,5797,-5787,745055,-21534044,-18371,27133
6770,16182,-2563,5802,-5783,1309586,-21483497,-19195,26556
6771,16254,-2053,5806,-5779,1855889,-21490554,-20000,25955
6772,16311,-1542,5810,-5774,2446955,-21497446,-20787,25329
6773,16351,-1029,5814,-5770,2973690,-21504950,-21554,24680
6774,16375,-515,5819,-5766,3538440,-21511722,-22301,24007
6775,16384,0,5823,-5761,4087130,-21519020,-23027,23311
6776,16375,515,5827,-5757,4653056,-21526180,-23870,22448
6777,16351,1029,5796,-5788,568520,-21533612,-24547,21705
6778,16311,1542,5800,-5784,1123766,-21483626,-25201,20942
6779,16254,2053,5805,-5780,1683957,-21490550,-25832,20159
6780,16182,2563,5808,-5776,2210581,-21497594,-26438,19357
6781,16093,3070,5813,-5771,2787843,-21504283,-27019,18537
6782,15989,3574,5817,-5767,3356094,-21511654,-27575,17700
6783,15869,4074,5822,-5763,3921475,-21518976,-28105,16846
6784,15733,4571,5826,-5759,4461303,-21526323,-28706,15800
6785,15582,5063,5795,-5790,386828,-21533414,-29177,14912
6786,15415,5550,5799,-5786,945377,-21483532,-29621,14010
6787,15233,6031,5803,-5781,1508485,-21490477,-30037,13094
6788,15036,6507,5807,-5777,2030342,-21497538,-30424,12167
6789,14824,6976,5812,-5773,2627385,-21504150,-30783,11228
6790,14598,7438,5816,-5768,3185416,-21511747,-31113,10278
6791,14357,7893,5820,-5764,3716928,-21518925,-31470,9126
6792,14102,8340,5789,-5796,-368580,-21525835,-31736,8157
6793,13833,8779,5793,-5791,196562,-21475737,-31971,7179
6794,13550,9209,5798,-5787,750114,-21482683,-32176,6195
6795,13255,9630,5802,-5783,1315989,-21489546,-32351,5205
6796,12946,10042,5806,-5779,1844050,-21496621,-32495,4210
6797,12624,10443,5810,-5774,2414000,-21503289,-32609,3212
6798,12289,10835,5814,-5770,2970975,-21510531,-32692,2210
6799,11943,11215,5819,-5765,3569872,-21517673,-32752,1005
6800,11585,11585,5787,-5797,-569666,-21525393,-32766,-201
6801,11215,11943,5756,-5828,-4657170,-21474612,-32745,-1206
6802,10835,12289,5760,-5824,-4090188,-21424032,-32692,-2210
6803,10443,12624,5764,-5820,-3569872,-21430543,-32609,-3212
6804,10042,12946,5769,-5815,-2970975,-21436538,-32495,-4210
6805,9630,13255,5773,-5811,-2414000,-21443559,-32351,-5205
6806,9209,13550,5778,-5807,-1844050,-21450126,-32176,-6195
6807,8779,13833,5782,-5803,-1315989,-21456913,-31971,-7179
6808,8340,14102,5786,-5799,-750114,-21463243,-31685,-8351
6809,7893,14357,5755,-5830,-4844172,-21470097,-31414,-9319
6810,7438,14598,5759,-5825,-4287654,-21419416,-31113,-10278
6811,6976,14824,5763,-5821,-3716928,-21425777,-30783,-11228
6812,6507,15036,5767,-5817,-3185416,-21432373,-30424,-12167
6813,6031,15233,5772,-5813,-2627385,-21438546,-30037,-13094
6814,5550,15415,5776,-5808,-2030342,-21445103,-29621,-14010
6815,5063,15582,5780,-5804,-1508485,-21452202,-29177,-14912
6816,4571,15733,5785,-5800,-945377,-21458436,-28706,-15800
6817,4074,15869,5789,-5796,-386828,-21465235,-28105,-16846
6818,3574,15989,5758,-5827,-4461303,-21472038,-27575,-17700
6819,3070,16093,5762,-5823,-3921475,-21421638,-27019,-18537
6820,2563,16182,5766,-5818,-3356094,-21427834,-26438,-19357
6821,2053,16254,5770,-5814,-2787843,-21434404,-25832,-20159
6822,1542,16311,5775,-5809,-2210581,-21441069,-25201,-20942
6823,1029,16351,5779,-5806,-1683957,-21447906,-24547,-21705
6824,515,16375,5783,-5801,-1123766,-21454179,-23870,-22448
6825,0,16384,5787,-5797,-568520,-21460923,-23027,-23311
6826,-515,16375,5756,-5828,-4653056,-21467666,-22301,-24007
6827,-1029,16351,5760,-5824,-4087130,-21417122,-21554,-24680
6828,-1542,16311,5765,-5820,-3538440,-21423620,-20787,-25329
6829,-2053,16254,5769,-5815,-2973690,-21429966,-20000,-25955
6830,-2563,16182,5773,-5811,-2446955,-21436569,-19195,-26556
6831,-3070,16093,5778,-5807,-1855889,-21442762,-18371,-27133
6832,-3574,15989,5782,-5803,-1309586,-21449806,-17530,-27683
6833,-4074,15869,5786,-5798,-745055,-21456360,-16673,-28208
6834,-4571,15733,5790,-5794,-203721,-21463198,-15623,-28803
6835,-5063,15582,5759,-5825,-4289694,-21469810,-14732,-29268
6836,-5550,15415,5763,-5821,-3727952,-21419288,-13828,-29706
6837,-6031,15233,5768,-5817,-3145670,-21425773,-12910,-30117
6838,-6507,15036,5772,-5813,-2618394,-21432572,-11980,-30498
6839,-6976,14824,5776,-5808,-2032302,-21438753,-11039,-30852
6840,-7438,14598,5781,-5804,-1476296,-21445718,-10087,-31176
6841,-7893,14357,5785,-5800,-943028,-21452373,-9126,-31470
6842,-8340,14102,5789,-5796,-368580,-21458807,-8157,-31736
6843,-8779,13833,5793,-5791,196562,-21465807,-6983,-32014
6844,-9209,13550,5762,-5822,-3899160,-21472753,-5998,-32213
6845,-9630,13255,5766,-5818,-3328151,-21422153,-5007,-32382
6846,-10042,12946,5770,-5814,-2799555,-21428794,-4011,-32521
6847,-10443,12624,5775,-5810,-2236116,-21434972,-3012,-32628
6848,-10835,12289,5779,-5806,-1683864,-21441637,-2009,-32705
6849,-11215,11943,5783,-5801,-1096954,-21448224,-1005,-32752
6850,-11585,11585,5787,-5797,-569666,-21455299,0,-32767
6851,-11943,11215,5792,-5793,0,-21461699,804,-32757
6852,-12289,10835,5831,-5753,5228064,-21468680,2009,-32705
6853,-12624,10443,5800,-5784,1096954,-21533297,3012,-32628
6854,-12946,10042,5805,-5780,1683864,-21482797,4011,-32521
6855,-13255,9630,5809,-5776,2236116,-21490169,5007,-32382
6856,-13550,9209,5813,-5771,2799555,-21497175,5998,-32213
6857,-13833,8779,5817,-5767,3328151,-21504378,6983,-32014
6858,-14102,8340,5821,-5763,3899160,-21511211,7962,-31785
6859,-14357,7893,5826,-5759,4461966,-21518624,8933,-31526
6860,-14598,7438,5830,-5754,5024814,-21525997,10087,-31176
6861,-14824,6976,5799,-5786,943028,-21533431,11039,-30852
6862,-15036,6507,5803,-5782,1476296,-21483519,11980,-30498
6863,-15233,6031,5807,-5777,2032302,-21490211,12910,-30117
6864,-15415,5550,5812,-5773,2618394,-21497241,13828,-29706
6865,-15582,5063,5816,-5769,3145670,-21504702,14732,-29268
6866,-15733,4571,5820,-5764,3727952,-21511499,15623,-28803
6867,-15869,4074,5824,-5760,4289694,-21519032,16499,-28310
6868,-15989,3574,5829,-5755,4876893,-21526374,17530,-27683
6869,-16093,3070,5797,-5787,745055,-21534090,18371,-27133
6870,-16182,2563,5802,-5783,1309586,-21483543,19195,-26556
6871,-16254,2053,5806,-5779,1855889,-21490600,20000,-25955
6872,-16311,1542,5810,-5774,2446955,-21497492,20787,-25329
6873,-16351,1029,5814,-5770,2973690,-21504996,21554,-24680
6874,-16375,515,5819,-5766,3538440,-21511768,22301,-24007
6875,-16384,0,5823,-5761,4087130,-21519066,23027,-23311
6876,-16375,-515,5827,-5757,4653056,-21526226,23870,-22448
6877,-16351,-1029,5796,-5788,568520,-21533658,24547,-21705
6878,-16311,-1542,5800,-5784,1123766,-21483672,25201,-20942
6879,-16254,-2053,5805,-5780,1683957,-21490596,25832,-20159
6880,-16182,-2563,5808,-5776,2210581,-21497640,26438,-19357
6881,-16093,-3070,5813,-5771,2787843,-21504329,27019,-18537
6882,-15989,-3574,5817,-5767,3356094,-21511700,27575,-17700
6883,-15869,-4074,5822,-5763,3921475,-21519022,28208,-16673
6884,-15733,-4571,5790,-5794,-203721,-21526369,28706,-15800
6885,-15582,-5063,5795,-5790,386828,-21475803,29177,-14912
6886,-15415,-5550,5799,-5786,945377,-21483081,29621,-14010
6887,-15233,-6031,5803,-5781,1508485,-21490026,30037,-13094
6888,-15036,-6507,5807,-5777,2030342,-21497087,30424,-12167
6889,-14824,-6976,5812,-5773,2627385,-21503699,30783,-11228
6890,-14598,-7438,5816,-5768,3185416,-21511296,31113,-10278
6891,-14357,-7893,5820,-5764,3716928,-21518474,31470,-9126
6892,-14102,-8340,5789,-5796,-368580,-21525384,31736,-8157
6893,-13833,-8779,5793,-5791,196562,-21475286,31971,-7179
6894,-13550,-9209,5798,-5787,750114,-21482232,32176,-6195
6895,-13255,-9630,5802,-5783,1315989,-21489095,32351,-5205
6896,-12946,-10042,5806,-5779,1844050,-21496170,32495,-4210
6897,-12624,-10443,5810,-5774,2414000,-21502838,32609,-3212
6898,-12289,-10835,5814,-5770,2970975,-21510080,32692,-2210
6899,-11943,-11215,5819,-5765,3569872,-21517222,32752,-1005
6900,-11585,-11585,5787,-5797,-569666,-21524942,32766,201
6901,-11215,-11943,5756,-5828,-4657170,-21474161,32745,1206
6902,-10835,-12289,5760,-5824,-4090188,-21423581,32692,2210
6903,-10443,-12624,5764,-5820,-3569872,-21430092,32609,3212
6904,-10042,-12946,5769,-5815,-2970975,-21436087,32495,4210
6905,-9630,-13255,5773,-5811,-2414000,-21443108,32351,5205
6906,-9209,-13550,5778,-5807,-1844050,-21449675,32176,6195
6907,-8779,-13833,5782,-5803,-1315989,-21456462,31971,7179
6908,-8340,-14102,5786,-5799,-750114,-21462792,31685,8351
6909,-7893,-14357,5755,-5830,-4844172,-21469646,31414,9319
6910,-7438,-14598,5759,-5825,-4287654,-21418965,31113,10278
6911,-6976,-14824,5763,-5821,-3716928,-21425326,30783,11228
6912,-6507,-15036,5767,-5817,-3185416,-21431922,30424,12167
6913,-6031,-15233,5772,-5813,-2627385,-21438095,30037,13094
6914,-5550,-15415,5776,-5808,-2030342,-21444652,29621,14010
6915,-5063,-15582,5780,-5804,-1508485,-21451751,29177,14912
6916,-4571,-15733,5785,-5800,-945377,-21457985,28706,15800
6917,-4074,-15869,5789,-5796,-386828,-21464784,28105,16846
6918,-3574,-15989,5758,-5827,-4461303,-21471587,27575,17700
6919,-3070,-16093,5762,-5823,-3921475,-21421187,27019,18537
6920,-2563,-16182,5766,-5818,-3356094,-21427383,26438,19357
6921,-2053,-16254,5770,-5814,-2787843,-21433953,25832,20159
6922,-1542,-16311,5775,-5809,-2210581,-21440618,25201,20942
6923,-1029,-16351,5779,-5806,-1683957,-21447455,24547,21705
6924,-515,-16375,5783,-5801,-1123766,-21453728,23870,22448
6925,0,-16384,5787,-5797,-568520,-21460472,23027,23311
6926,515,-16375,5756,-5828,-4653056,-21467215,22301,24007
6927,1029,-16351,5760,-5824,-4087130,-21416671,21554,24680
6928,1542,-16311,5765,-5820,-3538440,-21423169,20787,25329
6929,2053,-16254,5769,-5815,-2973690,-21429515,20000,25955
6930,2563,-16182,5773,-5811,-2446955,-21436118,19195,26556
6931,3070,-16093,5778,-5807,-1855889,-21442311,18371,27133
6932,3574,-15989,5782,-5803,-1309586,-21449355,17530,27683
6933,4074,-15869,5786,-5798,-745055,-21455909,16673,28208
6934,4571,-15733,5790,-5794,-203721,-21462747,15623,28803
6935,5063,-15582,5759,-5825,-4289694,-21469359,14732,29268
6936,5550,-15415,5763,-5821,-3727952,-21418837,13828,29706
6937,6031,-15233,5768,-5817,-3145670,-21425322,12910,30117
6938,6507,-15036,5772,-5813,-2618394,-21432121,11980,30498
6939,6976,-14824,5776,-5808,-2032302,-21438302,11039,30852
6940,7438,-14598,5781,-5804,-1476296,-21445267,10087,31176
6941,7893,-14357,5785,-5800,-943028,-21451922,9126,31470
6942,8340,-14102,5789,-5796,-368580,-21458356,8157,31736
6943,8779,-13833,5793,-5791,196562,-21465356,6983,32014
6944,9209,-13550,5762,-5822,-3899160,-21472302,5998,32213
6945,9630,-13255,5766,-5818,-3328151,-21421702,5007,32382
6946,10042,-12946,5770,-5814,-2799555,-21428343,4011,32521
6947,10443,-12624,5775,-5810,-2236116,-21434521,3012,32628
6948,10835,-12289,5779,-5806,-1683864,-21441186,2009,32705
6949,11215,-11943,5783,-5801,-1096954,-21447773,1005,32752
6950,11585,-11585,5787,-5797,-569666,-21454848,0,32767
6951,11943,-11215,5792,-5793,0,-21461248,-804,32757
6952,12289,-10835,5831,-5753,5228064,-21468229,-2009,32705
6953,12624,-10443,5800,-5784,1096954,-21532846,-3012,32628
6954,12946,-10042,5805,-5780,1683864,-21482346,-4011,32521
6955,13255,-9630,5809,-5776,2236116,-21489718,-5007,32382
6956,13550,-9209,5813,-5771,2799555,-21496724,-5998,32213
6957,13833,-8779,5817,-5767,3328151,-21503927,-6983,32014
6958,14102,-8340,5821,-5763,3899160,-21510760,-7962,31785
6959,14357,-7893,5826,-5759,4461966,-21518173,-8933,31526
6960,14598,-7438,5830,-5754,5024814,-21525546,-10087,31176
6961,14824,-6976,5799,-5786,943028,-21532980,-11039,30852
6962,15036,-6507,5803,-5782,1476296,-21483068,-11980,30498
6963,15233,-6031,5807,-5777,2032302,-21489760,-12910,30117
6964,15415,-5550,5812,-5773,2618394,-21496790,-13828,29706
6965,15582,-5063,5816,-5769,3145670,-21504251,-14732,29268
6966,15733,-4571,5820,-5764,3727952,-21511048,-15623,28803
6967,15869,-4074,5824,-5760,4289694,-21518581,-16499,28310
6968,15989,-3574,5829,-5755,4876893,-21525923,-17530,27683
6969,16093,-3070,5797,-5787,745055,-21533639,-18371,27133
6970,16182,-2563,5802,-5783,1309586,-21483092,-19195,26556
6971,16254,-2053,5806,-5779,1855889,-21490149,-20000,25955
6972,16311,-1542,5810,-5774,2446955,-21497041,-20787,25329
6973,16351,-1029,5814,-5770,2973690,-21504545,-21554,24680
6974,16375,-515,5819,-5766,3538440,-21511317,-22301,24007
6975,16384,0,5823,-5761,4087130,-21518615,-23027,23311
6976,16375,515,5827,-5757,4653056,-21525775,-23870,22448
6977,16351,1029,5796,-5788,568520,-21533207,-24547,21705
6978,16311,1542,5800,-5784,1123766,-21483221,-25201,20942
6979,16254,2053,5805,-5780,1683957,-21490145,-25832,20159
6980,16182,2563,5808,-5776,2210581,-21497189,-26438,19357
6981,16093,3070,5813,-5771,2787843,-21503878,-27019,18537
6982,15989,3574,5817,-5767,3356094,-21511249,-27575,17700
6983,15869,4074,5822,-5763,3921475,-21518571,-28105,16846
6984,15733,4571,5826,-5759,4461303,-21525918,-28706,15800
6985,15582,5063,5795,-5790,386828,-21533009,-29177,14912
6986,15415,5550,5799,-5786,945377,-21483127,-29621,14010
6987,15233,6031,5803,-5781,1508485,-21490072,-30037,13094
6988,15036,6507,5807,-5777,2030342,-21497133,-30424,12167
6989,14824,6976,5812,-5773,2627385,-21503745,-30783,11228
6990,14598,7438,5816,-5768,3185416,-21511342,-31113,10278
6991,14357,7893,5820,-5764,3716928,-21518520,-31470,9126
6992,14102,8340,5789,-5796,-368580,-21525430,-31736,8157
6993,13833,8779,5793,-5791,196562,-21475332,-31971,7179
6994,13550,9209,5798,-5787,750114,-21482278,-32176,6195
6995,13255,9630,5802,-5783,1315989,-21489141,-32351,5205
6996,12946,10042,5806,-5779,1844050,-21496216,-32495,4210
6997,12624,10443,5810,-5774,2414000,-21502884,-32609,3212
6998,12289,10835,5814,-5770,2970975,-21510126,-32692,2210
6999,11943,11215,5819,-5765,3569872,-21517268,-32752,1005
7000,11585,11585,5787,-5797,-569666,-21524988,-32766,-201
7001,11215,11943,5756,-5828,-4657170,-21474207,-32745,-1206
7002,10835,12289,5760,-5824,-4090188,-21423627,-32692,-2210
7003,10443,12624,5764,-5820,-3569872,-21430138,-32609,-3212
7004,10042,12946,5769,-5815,-2970975,-21436133,-32495,-4210
7005,9630,13255,5773,-5811,-2414000,-21443154,-32351,-5205
7006,9209,13550,5778,-5807,-1844050,-21449721,-32176,-6195
7007,8779,13833,5782,-5803,-1315989,-21456508,-31971,-7179
7008,8340,14102,5786,-5799,-750114,-21462838,-31685,-8351
7009,7893,14357,5755,-5830,-4844172,-21469692,-31414,-9319
7010,7438,14598,5759,-5825,-4287654,-21419011,-31113,-10278
7011,6976,14824,5763,-5821,-3716928,-21425372,-30783,-11228
7012,6507,15036,5767,-5817,-3185416,-21431968,-30424,-12167
7013,6031,15233,5772,-5813,-2627385,-21438141,-30037,-13094
7014,5550,15415,5776,-5808,-2030342,-21444698,-29621,-14010
7015,5063,15582,5780,-5804,-1508485,-21451797,-29177,-14912
7016,4571,15733,5785,-5800,-945377,-21458031,-28706,-15800
7017,4074,15869,5789,-5796,-386828,-21464830,-28105,-16846
7018,3574,15989,5758,-5827,-4461303,-21471633,-27575,-17700
7019,3070,16093,5762,-5823,-3921475,-21421233,-27019,-18537
7020,2563,16182,5766,-5818,-3356094,-21427429,-26438,-19357
7021,2053,16254,5770,-5814,-2787843,-21433999,-25832,-20159
7022,1542,16311,5775,-5809,-2210581,-21440664,-25201,-20942
7023,1029,16351,5779,-5806,-1683957,-21447501,-24547,-21705
7024,515,16375,5783,-5801,-1123766,-21453774,-23870,-22448
7025,0,16384,5787,-5797,-568520,-21460518,-23027,-23311
7026,-515,16375,5756,-5828,-4653056,-21467261,-22301,-24007
7027,-1029,16351,5760,-5824,-4087130,-21416717,-21554,-24680
7028,-1542,16311,5765,-5820,-3538440,-21423215,-20787,-25329
7029,-2053,16254,5769,-5815,-2973690,-21429561,-20000,-25955
7030,-2563,16182,5773,-5811,-2446955,-21436164,-19195,-26556
7031,-3070,16093,5778,-5807,-1855889,-21442357,-18371,-27133
7032,-3574,15989,5782,-5803,-1309586,-21449401,-17530,-27683
7033,-4074,15869,5786,-5798,-745055,-21455955,-16673,-28208
7034,-4571,15733,5790,-5794,-203721,-21462793,-15623,-28803
7035,-5063,15582,5759,-5825,-4289694,-21469405,-14732,-29268
7036,-5550,15415,5763,-5821,-3727952,-21418883,-13828,-29706
7037,-6031,15233,5768,-5817,-3145670,-21425368,-12910,-30117
7038,-6507,15036,5772,-5813,-2618394,-21432167,-11980,-30498
7039,-6976,14824,5776,-5808,-2032302,-21438348,-11039,-30852
7040,-7438,14598,5781,-5804,-1476296,-21445313,-10087,-31176
7041,-7893,14357,5785,-5800,-943028,-21451968,-9126,-31470
7042,-8340,14102,5789,-5796,-368580,-21458402,-8157,-31736
7043,-8779,13833,5793,-5791,196562,-21465402,-6983,-32014
7044,-9209,13550,5762,-5822,-3899160,-21472348,-5998,-32213
7045,-9630,13255,5766,-5818,-3328151,-21421748,-5007,-32382
7046,-10042,12946,5770,-5814,-2799555,-21428389,-4011,-32521
7047,-10443,12624,5775,-5810,-2236116,-21434567,-3012,-32628
7048,-10835,12289,5779,-5806,-1683864,-21441232,-2009,-32705
7049,-11215,11943,5783,-5801,-1096954,-21447819,-1005,-32752
7050,-11585,11585,5787,-5797,-569666,-21454894,0,-32767
7051,-11943,11215,5792,-5793,0,-21461294,804,-32757
7052,-12289,10835,5831,-5753,5228064,-21468275,2009,-32705
7053,-12624,10443,5800,-5784,1096954,-21532892,3012,-32628
7054,-12946,10042,5805,-5780,1683864,-21482392,4011,-32521
7055,-13255,9630,5809,-5776,2236116,-21489764,5007,-32382
7056,-13550,9209,5813,-5771,2799555,-21496770,5998,-32213
7057,-13833,8779,5817,-5767,3328151,-21503973,6983,-32014
7058,-14102,8340,5821,-5763,3899160,-21510806,7962,-31785
7059,-14357,7893,5826,-5759,4461966,-21518219,8933,-31526
7060,-14598,7438,5830,-5754,5024814,-21525592,10087,-31176
7061,-14824,6976,5799,-5786,943028,-21533026,11039,-30852
7062,-15036,6507,5803,-5782,1476296,-21483114,11980,-30498
7063,-15233,6031,5807,-5777,2032302,-21489806,12910,-30117
7064,-15415,5550,5812,-5773,2618394,-21496836,13828,-29706
7065,-15582,5063,5816,-5769,3145670,-21504297,14732,-29268
7066,-15733,4571,5820,-5764,3727952,-21511094,15623,-28803
7067,-15869,4074,5824,-5760,4289694,-21518627,16499,-28310
7068,-15989,3574,5829,-5755,4876893,-21525969,17530,-27683
7069,-16093,3070,5797,-5787,745055,-21533685,18371,-27133
7070,-16182,2563,5802,-5783,1309586,-21483138,19195,-26556
7071,-16254,2053,5806,-5779,1855889,-21490195,20000,-25955
7072,-16311,1542,5810,-5774,2446955,-21497087,20787,-25329
7073,-16351,1029,5814,-5770,2973690,-21504591,21554,-24680
7074,-16375,515,5819,-5766,3538440,-21511363,22301,-24007
7075,-16384,0,5823,-5761,4087130,-21518661,23027,-23311
7076,-16375,-515,5827,-5757,4653056,-21525821,23870,-22448
7077,-16351,-1029,5796,-5788,568520,-21533253,24547,-21705
7078,-16311,-1542,5800,-5784,1123766,-21483267,25201,-20942
7079,-16254,-2053,5805,-5780,1683957,-21490191,25832,-20159
7080,-16182,-2563,5808,-5776,2210581,-21497235,26438,-19357
7081,-16093,-3070,5813,-5771,2787843,-21503924,27019,-18537
7082,-15989,-3574,5817,-5767,3356094,-21511295,27575,-17700
7083,-15869,-4074,5822,-5763,3921475,-21518617,28105,-16846
7084,-15733,-4571,5826,-5759,4461303,-21525964,28706,-15800
7085,-15582,-5063,5795,-5790,386828,-21533055,29177,-14912
7086,-15415,-5550,5799,-5786,945377,-21483173,29621,-14010
7087,-15233,-6031,5803,-5781,1508485,-21490118,30037,-13094
7088,-15036,-6507,5807,-5777,2030342,-21497179,30424,-12167
7089,-14824,-6976,5812,-5773,2627385,-21503791,30783,-11228
7090,-14598,-7438,5816,-5768,3185416,-21511388,31113,-10278
7091,-14357,-7893,5820,-5764,3716928,-21518566,31470,-9126
7092,-14102,-8340,5789,-5796,-368580,-21525476,31736,-8157
7093,-13833,-8779,5793,-5791,196562,-21475378,31971,-7179
7094,-13550,-9209,5798,-5787,750114,-21482324,32176,-6195
7095,-13255,-9630,5802,-5783,1315989,-21489187,32351,-5205
7096,-12946,-10042,5806,-5779,1844050,-21496262,32495,-4210
7097,-12624,-10443,5810,-5774,2414000,-21502930,32609,-3212
7098,-12289,-10835,5814,-5770,2970975,-21510172,32692,-2210
7099,-11943,-11215,5819,-5765,3569872,-21517314,32752,-1005
7100,-11585,-11585,5787,-5797,-569666,-21525034,32766,201
7101,-11215,-11943,5756,-5828,-4657170,-21474253,32745,1206
7102,-10835,-12289,5760,-5824,-4090188,-21423673,32692,2210
7103,-10443,-12624,5764,-5820,-3569872,-21430184,32609,3212
7104,-10042,-12946,5769,-5815,-2970975,-21436179,32495,4210
7105,-9630,-13255,5773,-5811,-2414000,-21443200,32351,5205
7106,-9209,-13550,5778,-5807,-1844050,-21449767,32176,6195
7107,-8779,-13833,5782,-5803,-1315989,-21456554,31971,7179
7108,-8340,-14102,5786,-5799,-750114,-21462884,31685,8351
7109,-7893,-14357,5755,-5830,-4844172,-21469738,31414,9319
7110,-7438,-14598,5759,-5825,-4287654,-21419057,31113,10278
7111,-6976,-14824,5763,-5821,-3716928,-21425418,30783,11228
7112,-6507,-15036,5767,-5817,-3185416,-21432014,30424,12167
7113,-6031,-15233,5772,-5813,-2627385,-21438187,30037,13094
7114,-5550,-15415,5776,-5808,-2030342,-21444744,29621,14010
7115,-5063,-15582,5780,-5804,-1508485,-21451843,29177,14912
7116,-4571,-15733,5785,-5800,-945377,-21458077,28706,15800
7117,-4074,-15869,5789,-5796,-386828,-21464876,28105,16846
7118,-3574,-15989,5758,-5827,-4461303,-21471679,27575,17700
7119,-3070,-16093,5762,-5823,-3921475,-21421279,27019,18537
7120,-2563,-16182,5766,-5818,-3356094,-21427475,26438,19357
7121,-2053,-16254,5770,-5814,-2787843,-21434045,25832,20159
7122,-1542,-16311,5775,-5809,-2210581,-21440710,25201,20942
7123,-1029,-16351,5779,-5806,-1683957,-21447547,24547,21705
7124,-515,-16375,5783,-5801,-1123766,-21453820,23870,22448
7125,0,-16384,5787,-5797,-568520,-21460564,23170,23170
7126,515,-16375,5792,-5793,0,-21467307,22301,24007
7127,1029,-16351,5760,-5824,-4087130,-21474273,21554,24680
7128,1542,-16311,5765,-5820,-3538440,-21423758,20787,25329
7129,2053,-16254,5769,-5815,-2973690,-21430104,20000,25955
7130,2563,-16182,5773,-5811,-2446955,-21436707,19195,26556
7131,3070,-16093,5778,-5807,-1855889,-21442900,18371,27133
7132,3574,-15989,5782,-5803,-1309586,-21449944,17530,27683
7133,4074,-15869,5786,-5798,-745055,-21456498,16673,28208
7134,4571,-15733,5790,-5794,-203721,-21463336,15623,28803
7135,5063,-15582,5759,-5825,-4289694,-21469948,14732,29268
7136,5550,-15415,5763,-5821,-3727952,-21419426,13828,29706
7137,6031,-15233,5768,-5817,-3145670,-21425911,12910,30117
7138,6507,-15036,5772,-5813,-2618394,-21432710,11980,30498
7139,6976,-14824,5776,-5808,-2032302,-21438891,11039,30852
7140,7438,-14598,5781,-5804,-1476296,-21445856,10087,31176
7141,7893,-14357,5785,-5800,-943028,-21452511,9126,31470
7142,8340,-14102,5789,-5796,-368580,-21458945,8157,31736
7143,8779,-13833,5793,-5791,196562,-21465945,6983,32014
7144,9209,-13550,5762,-5822,-3899160,-21472891,5998,32213
7145,9630,-13255,5766,-5818,-3328151,-21422291,5007,32382
7146,10042,-12946,5770,-5814,-2799555,-21428932,4011,32521
7147,10443,-12624,5775,-5810,-2236116,-21435110,3012,32628
7148,10835,-12289,5779,-5806,-1683864,-21441775,2009,32705
7149,11215,-11943,5783,-5801,-1096954,-21448362,1005,32752
7150,11585,-11585,5787,-5797,-569666,-21455437,0,32767
7151,11943,-11215,5792,-5793,0,-21461837,-804,32757
7152,12289,-10835,5831,-5753,5228064,-21468818,-2009,32705
7153,12624,-10443,5800,-5784,1096954,-21533435,-3012,32628
7154,12946,-10042,5805,-5780,1683864,-21482935,-4011,32521
7155,13255,-9630,5809,-5776,2236116,-21490307,-5007,32382
7156,13550,-9209,5813,-5771,2799555,-21497313,-5998,32213
7157,13833,-8779,5817,-5767,3328151,-21504516,-6983,32014
7158,14102,-8340,5821,-5763,3899160,-21511349,-7962,31785
7159,14357,-7893,5826,-5759,4461966,-21518762,-8933,31526
7160,14598,-7438,5830,-5754,5024814,-21526135,-10087,31176
7161,14824,-6976,5799,-5786,943028,-21533569,-11039,30852
7162,15036,-6507,5803,-5782,1476296,-21483657,-11980,30498
7163,15233,-6031,5807,-5777,2032302,-21490349,-12910,30117
7164,15415,-5550,5812,-5773,2618394,-21497379,-13828,29706
7165,15582,-5063,5816,-5769,3145670,-21504840,-14732,29268
7166,15733,-4571,5820,-5764,3727952,-21511637,-15623,28803
7167,15869,-4074,5824,-5760,4289694,-21519170,-16499,28310
7168,15989,-3574,5829,-5755,4876893,-21526512,-17530,27683
7169,16093,-3070,5797,-5787,745055,-21534228,-18371,27133
7170,16182,-2563,5802,-5783,1309586,-21483681,-19195,26556
7171,16254,-2053,5806,-5779,1855889,-21490738,-20000,25955
7172,16311,-1542,5810,-5774,2446955,-21497630,-20787,25329
7173,16351,-1029,5814,-5770,2973690,-21505134,-21554,24680
7174,16375,-515,5819,-5766,3538440,-21511906,-22301,24007
7175,16384,0,5823,-5761,4087130,-21519204,-23027,23311
7176,16375,515,5827,-5757,4653056,-21526364,-23870,22448
7177,16351,1029,5796,-5788,568520,-21533796,-24547,21705
7178,16311,1542,5800,-5784,1123766,-21483810,-25201,20942
7179,16254,2053,5805,-5780,1683957,-21490734,-25832,20159
7180,16182,2563,5808,-5776,2210581,-21497778,-26438,19357
7181,16093,3070,5813,-5771,2787843,-21504467,-27019,18537
7182,15989,3574,5817,-5767,3356094,-21511838,-27575,17700
7183,15869,4074,5822,-5763,3921475,-21519160,-28105,16846
7184,15733,4571,5826,-5759,4461303,-21526507,-28706,15800
7185,15582,5063,5795,-5790,386828,-21533598,-29177,14912
7186,15415,5550,5799,-5786,945377,-21483716,-29621,14010
7187,15233,6031,5803,-5781,1508485,-21490661,-30037,13094
7188,15036,6507,5807,-5777,2030342,-21497722,-30424,12167
7189,14824,6976,5812,-5773,2627385,-21504334,-30783,11228
7190,14598,7438,5816,-5768,3185416,-21511931,-31113,10278
7191,14357,7893,5820,-5764,3716928,-21519109,-31470,9126
7192,14102,8340,5789,-5796,-368580,-21526019,-31736,8157
7193,13833,8779,5793,-5791,196562,-21475921,-31971,7179
7194,13550,9209,5798,-5787,750114,-21482867,-32176,6195
7195,13255,9630,5802,-5783,1315989,-21489730,-32351,5205
7196,12946,10042,5806,-5779,1844050,-21496805,-32495,4210
7197,12624,10443,5810,-5774,2414000,-21503473,-32609,3212
7198,12289,10835,5814,-5770,2970975,-21510715,-32692,2210
7199,11943,11215,5819,-5765,3569872,-21517857,-32752,1005
7200,11585,11585,5787,-5797,-569666,-21525577,-32766,-201
7201,11215,11943,5756,-5828,-4657170,-21474796,-32745,-1206
7202,10835,12289,5760,-5824,-4090188,-21424216,-32692,-2210
7203,10443,12624,5764,-5820,-3569872,-21430727,-32609,-3212
7204,10042,12946,5769,-5815,-2970975,-21436722,-32495,-4210
7205,9630,13255,5773,-5811,-2414000,-21443743,-32351,-5205
7206,9209,13550,5778,-5807,-1844050,-21450310,-32176,-6195
7207,8779,13833,5782,-5803,-1315989,-21457097,-31971,-7179
7208,8340,14102,5786,-5799,-750114,-21463427,-31685,-8351
7209,7893,14357,5755,-5830,-4844172,-21470281,-31414,-9319
7210,7438,14598,5759,-5825,-4287654,-21419600,-31113,-10278
7211,6976,14824,5763,-5821,-3716928,-21425961,-30783,-11228
7212,6507,15036,5767,-5817,-3185416,-21432557,-30424,-12167
7213,6031,15233,5772,-5813,-2627385,-21438730,-30037,-13094
7214,5550,15415,5776,-5808,-2030342,-21445287,-29621,-14010
7215,5063,15582,5780,-5804,-1508485,-21452386,-29177,-14912
7216,4571,15733,5785,-5800,-945377,-21458620,-28609,-15976
7217,4074,15869,5753,-5831,-5043046,-21465419,-28105,-16846
7218,3574,15989,5758,-5827,-4461303,-21414673,-27575,-17700
7219,3070,16093,5762,-5823,-3921475,-21421325,-27019,-18537
7220,2563,16182,5766,-5818,-3356094,-21427521,-26438,-19357
7221,2053,16254,5770,-5814,-2787843,-21434091,-25832,-20159
7222,1542,16311,5775,-5809,-2210581,-21440756,-25201,-20942
7223,1029,16351,5779,-5806,-1683957,-21447593,-24547,-21705
7224,515,16375,5783,-5801,-1123766,-21453866,-23870,-22448
7225,0,16384,5787,-5797,-568520,-21460610,-23027,-23311
7226,-515,16375,5756,-5828,-4653056,-21467353,-22301,-24007
7227,-1029,16351,5760,-5824,-4087130,-21416809,-21554,-24680
7228,-1542,16311,5765,-5820,-3538440,-21423307,-20787,-25329
7229,-2053,16254,5769,-5815,-2973690,-21429653,-20000,-25955
7230,-2563,16182,5773,-5811,-2446955,-21436256,-19195,-26556
7231,-3070,16093,5778,-5807,-1855889,-21442449,-18371,-27133
7232,-3574,15989,5782,-5803,-1309586,-21449493,-17530,-27683
7233,-4074,15869,5786,-5798,-745055,-21456047,-16673,-28208
7234,-4571,15733,5790,-5794,-203721,-21462885,-15623,-28803
7235,-5063,15582,5759,-5825,-4289694,-21469497,-14732,-29268
7236,-5550,15415,5763,-5821,-3727952,-21418975,-13828,-29706
7237,-6031,15233,5768,-5817,-3145670,-21425460,-12910,-30117
7238,-6507,15036,5772,-5813,-2618394,-21432259,-11980,-30498
7239,-6976,14824,5776,-5808,-2032302,-21438440,-11039,-30852
7240,-7438,14598,5781,-5804,-1476296,-21445405,-10087,-31176
7241,-7893,14357,5785,-5800,-943028,-21452060,-9126,-31470
7242,-8340,14102,5789,-5796,-368580,-21458494,-8157,-31736
7243,-8779,13833,5793,-5791,196562,-21465494,-6983,-32014
7244,-9209,13550,5762,-5822,-3899160,-21472440,-5998,-32213
7245,-9630,13255,5766,-5818,-3328151,-21421840,-5007,-32382
7246,-10042,12946,5770,-5814,-2799555,-21428481,-4011,-32521
7247,-10443,12624,5775,-5810,-2236116,-21434659,-3012,-32628
7248,-10835,12289,5779,-5806,-1683864,-21441324,-2009,-32705
7249,-11215,11943,5783,-5801,-1096954,-21447911,-1005,-32752
7250,-11585,11585,5787,-5797,-569666,-21454986,0,-32767
7251,-11943,11215,5792,-5793,0,-21461386,804,-32757
7252,-12289,10835,5831,-5753,5228064,-21468367,2009,-32705
7253,-12624,10443,5800,-5784,1096954,-21532984,3012,-32628
7254,-12946,10042,5805,-5780,1683864,-21482484,4011,-32521
7255,-13255,9630,5809,-5776,2236116,-21489856,5007,-32382
7256,-13550,9209,5813,-5771,2799555,-21496862,5998,-32213
7257,-13833,8779,5817,-5767,3328151,-21504065,6983,-32014
7258,-14102,8340,5821,-5763,3899160,-21510898,7962,-31785
7259,-14357,7893,5826,-5759,4461966,-21518311,8933,-31526
7260,-14598,7438,5830,-5754,5024814,-21525684,10087,-31176
7261,-14824,6976,5799,-5786,943028,-21533118,11039,-30852
7262,-15036,6507,5803,-5782,1476296,-21483206,11980,-30498
7263,-15233,6031,5807,-5777,2032302,-21489898,12910,-30117
7264,-15415,5550,5812,-5773,2618394,-21496928,13828,-29706
7265,-15582,5063,5816,-5769,3145670,-21504389,14732,-29268
7266,-15733,4571,5820,-5764,3727952,-21511186,15623,-28803
7267,-15869,4074,5824,-5760,4289694,-21518719,16499,-28310
7268,-15989,3574,5829,-5755,4876893,-21526061,17530,-27683
7269,-16093,3070,5797,-5787,745055,-21533777,18371,-27133
7270,-16182,2563,5802,-5783,1309586,-21483230,19195,-26556
7271,-16254,2053,5806,-5779,1855889,-21490287,20000,-25955
7272,-16311,1542,5810,-5774,2446955,-21497179,20787,-25329
7273,-16351,1029,5814,-5770,2973690,-21504683,21554,-24680
7274,-16375,515,5819,-5766,3538440,-21511455,22301,-24007
7275,-16384,0,5823,-5761,4087130,-21518753,23027,-23311
7276,-16375,-515,5827,-5757,4653056,-21525913,23870,-22448
7277,-16351,-1029,5796,-5788,568520,-21533345,24547,-21705
7278,-16311,-1542,5800,-5784,1123766,-21483359,25201,-20942
7279,-16254,-2053,5805,-5780,1683957,-21490283,25832,-20159
7280,-16182,-2563,5808,-5776,2210581,-21497327,26438,-19357
7281,-16093,-3070,5813,-5771,2787843,-21504016,27019,-18537
7282,-15989,-3574,5817,-5767,3356094,-21511387,27575,-17700
7283,-15869,-4074,5822,-5763,3921475,-21518709,28105,-16846
7284,-15733,-4571,5826,-5759,4461303,-21526056,28706,-15800
7285,-15582,-5063,5795,-5790,386828,-21533147,29177,-14912
7286,-15415,-5550,5799,-5786,945377,-21483265,29621,-14010
7287,-15233,-6031,5803,-5781,1508485,-21490210,30037,-13094
7288,-15036,-6507,5807,-5777,2030342,-21497271,30424,-12167
7289,-14824,-6976,5812,-5773,2627385,-21503883,30783,-11228
7290,-14598,-7438,5816,-5768,3185416,-21511480,31113,-10278
7291,-14357,-7893,5820,-5764,3716928,-21518658,31470,-9126
7292,-14102,-8340,5789,-5796,-368580,-21525568,31736,-8157
7293,-13833,-8779,5793,-5791,196562,-21475470,31971,-7179
7294,-13550,-9209,5798,-5787,750114,-21482416,32176,-6195
7295,-13255,-9630,5802,-5783,1315989,-21489279,32351,-5205
7296,-12946,-10042,5806,-5779,1844050,-21496354,32495,-4210
7297,-12624,-10443,5810,-5774,2414000,-21503022,32609,-3212
7298,-12289,-10835,5814,-5770,2970975,-21510264,32692,-2210
7299,-11943,-11215,5819,-5765,3569872,-21517406,32752,-1005
7300,-11585,-11585,5787,-5797,-569666,-21525126,32766,201
7301,-11215,-11943,5756,-5828,-4657170,-21474345,32745,1206
7302,-10835,-12289,5760,-5824,-4090188,-21423765,32692,2210
7303,-10443,-12624,5764,-5820,-3569872,-21430276,32609,3212
7304,-10042,-12946,5769,-5815,-2970975,-21436271,32495,4210
7305,-9630,-13255,5773,-5811,-2414000,-21443292,32351,5205
7306,-9209,-13550,5778,-5807,-1844050,-21449859,32176,6195
7307,-8779,-13833,5782,-5803,-1315989,-21456646,31971,7179
7308,-8340,-14102,5786,-5799,-750114,-21462976,31685,8351
7309,-7893,-14357,5755,-5830,-4844172,-21469830,31414,9319
7310,-7438,-14598,5759,-5825,-4287654,-21419149,31113,10278
7311,-6976,-14824,5763,-5821,-3716928,-21425510,30783,11228
7312,-6507,-15036,5767,-5817,-3185416,-21432106,30424,12167
7313,-6031,-15233,5772,-5813,-2627385,-21438279,30037,13094
7314,-5550,-15415,5776,-5808,-2030342,-21444836,29621,14010
7315,-5063,-15582,5780,-5804,-1508485,-21451935,29177,14912
7316,-4571,-15733,5785,-5800,-945377,-21458169,28706,15800
7317,-4074,-15869,5789,-5796,-386828,-21464968,28105,16846
7318,-3574,-15989,5758,-5827,-4461303,-21471771,27575,17700
7319,-3070,-16093,5762,-5823,-3921475,-21421371,27019,18537
7320,-2563,-16182,5766,-5818,-3356094,-21427567,26438,19357
7321,-2053,-16254,5770,-5814,-2787843,-21434137,25832,20159
7322,-1542,-16311,5775,-5809,-2210581,-21440802,25201,20942
7323,-1029,-16351,5779,-5806,-1683957,-21447639,24547,21705
7324,-515,-16375,5783,-5801,-1123766,-21453912,23870,22448
7325,0,-16384,5787,-5797,-568520,-21460656,23027,23311
7326,515,-16375,5756,-5828,-4653056,-21467399,22301,24007
7327,1029,-16351,5760,-5824,-4087130,-21416855,21554,24680
7328,1542,-16311,5765,-5820,-3538440,-21423353,20787,25329
7329,2053,-16254,5769,-5815,-2973690,-21429699,20000,25955
7330,2563,-16182,5773,-5811,-2446955,-21436302,19195,26556
7331,3070,-16093,5778,-5807,-1855889,-21442495,18371,27133
7332,3574,-15989,5782,-5803,-1309586,-21449539,17530,27683
7333,4074,-15869,5786,-5798,-745055,-21456093,16673,28208
7334,4571,-15733,5790,-5794,-203721,-21462931,15623,28803
7335,5063,-15582,5759,-5825,-4289694,-21469543,14732,29268
7336,5550,-15415,5763,-5821,-3727952,-21419021,13828,29706
7337,6031,-15233,5768,-5817,-3145670,-21425506,12910,30117
7338,6507,-15036,5772,-5813,-2618394,-21432305,11980,30498
7339,6976,-14824,5776,-5808,-2032302,-21438486,11039,30852
7340,7438,-14598,5781,-5804,-1476296,-21445451,10087,31176
7341,7893,-14357,5785,-5800,-943028,-21452106,9126,31470
7342,8340,-14102,5789,-5796,-368580,-21458540,8157,31736
7343,8779,-13833,5793,-5791,196562,-21465540,6983,32014
7344,9209,-13550,5762,-5822,-3899160,-21472486,5998,32213
7345,9630,-13255,5766,-5818,-3328151,-21421886,5007,32382
7346,10042,-12946,5770,-5814,-2799555,-21428527,4011,32521
7347,10443,-12624,5775,-5810,-2236116,-21434705,3012,32628
7348,10835,-12289,5779,-5806,-1683864,-21441370,2009,32705
7349,11215,-11943,5783,-5801,-1096954,-21447957,1005,32752
7350,11585,-11585,5787,-5797,-569666,-21455032,0,32767
7351,11943,-11215,5792,-5793,0,-21461432,-804,32757
7352,12289,-10835,5831,-5753,5228064,-21468413,-2009,32705
7353,12624,-10443,5800,-5784,1096954,-21533030,-3012,32628
7354,12946,-10042,5805,-5780,1683864,-21482530,-4011,32521
7355,13255,-9630,5809,-5776,2236116,-21489902,-5007,32382
7356,13550,-9209,5813,-5771,2799555,-21496908,-5998,32213
7357,13833,-8779,5817,-5767,3328151,-21504111,-6983,32014
7358,14102,-8340,5821,-5763,3899160,-21510944,-7962,31785
7359,14357,-7893,5826,-5759,4461966,-21518357,-8933,31526
7360,14598,-7438,5830,-5754,5024814,-21525730,-10087,31176
7361,14824,-6976,5799,-5786,943028,-21533164,-11039,30852
7362,15036,-6507,5803,-5782,1476296,-21483252,-11980,30498
7363,15233,-6031,5807,-5777,2032302,-21489944,-12910,30117
7364,15415,-5550,5812,-5773,2618394,-21496974,-13828,29706
7365,15582,-5063,5816,-5769,3145670,-21504435,-14732,29268
7366,15733,-4571,5820,-5764,3727952,-21511232,-15623,28803
7367,15869,-4074,5824,-5760,4289694,-21518765,-16499,28310
7368,15989,-3574,5829,-5755,4876893,-21526107,-17530,27683
7369,16093,-3070,5797,-5787,745055,-21533823,-18371,27133
7370,16182,-2563,5802,-5783,1309586,-21483276,-19195,26556
7371,16254,-2053,5806,-5779,1855889,-21490333,-20000,25955
7372,16311,-1542,5810,-5774,2446955,-21497225,-20787,25329
7373,16351,-1029,5814,-5770,2973690,-21504729,-21554,24680
7374,16375,-515,5819,-5766,3538440,-21511501,-22301,24007
7375,16384,0,5823,-5761,4087130,-21518799,-23027,23311
7376,16375,515,5827,-5757,4653056,-21525959,-23870,22448
7377,16351,1029,5796,-5788,568520,-21533391,-24547,21705
7378,16311,1542,5800,-5784,1123766,-21483405,-25201,20942
7379,16254,2053,5805,-5780,1683957,-21490329,-25832,20159
7380,16182,2563,5808,-5776,2210581,-21497373,-26438,19357
7381,16093,3070,5813,-5771,2787843,-21504062,-27019,18537
7382,15989,3574,5817,-5767,3356094,-21511433,-27575,17700
7383,15869,4074,5822,-5763,3921475,-21518755,-28105,16846
7384,15733,4571,5826,-5759,4461303,-21526102,-28706,15800
7385,15582,5063,5795,-5790,386828,-21533193,-29177,14912
7386,15415,5550,5799,-5786,945377,-21483311,-29621,14010
7387,15233,6031,5803,-5781,1508485,-21490256,-30037,13094
7388,15036,6507,5807,-5777,2030342,-21497317,-30424,12167
7389,14824,6976,5812,-5773,2627385,-21503929,-30783,11228
7390,14598,7438,5816,-5768,3185416,-21511526,-31113,10278
7391,14357,7893,5820,-5764,3716928,-21518704,-31470,9126
7392,14102,8340,5789,-5796,-368580,-21525614,-31736,8157
7393,13833,8779,5793,-5791,196562,-21475516,-31971,7179
7394,13550,9209,5798,-5787,750114,-21482462,-32176,6195
7395,13255,9630,5802,-5783,1315989,-21489325,-32351,5205
7396,12946,10042,5806,-5779,1844050,-21496400,-32495,4210
7397,12624,10443,5810,-5774,2414000,-21503068,-32609,3212
7398,12289,10835,5814,-5770,2970975,-21510310,-32692,2210
7399,11943,11215,5819,-5765,3569872,-21517452,-32752,1005
7400,11585,11585,5787,-5797,-569666,-21525172,-32766,-201
7401,11215,11943,5756,-5828,-4657170,-21474391,-32745,-1206
7402,10835,12289,5760,-5824,-4090188,-21423811,-32692,-2210
7403,10443,12624,5764,-5820,-3569872,-21430322,-32609,-3212
7404,10042,12946,5769,-5815,-2970975,-21436317,-32495,-4210
7405,9630,13255,5773,-5811,-2414000,-21443338,-32351,-5205
7406,9209,13550,5778,-5807,-1844050,-21449905,-32176,-6195
7407,8779,13833,5782,-5803,-1315989,-21456692,-31971,-7179
7408,8340,14102,5786,-5799,-750114,-21463022,-31685,-8351
7409,7893,14357,5755,-5830,-4844172,-21469876,-31414,-9319
7410,7438,14598,5759,-5825,-4287654,-21419195,-31113,-10278
7411,6976,14824,5763,-5821,-3716928,-21425556,-30783,-11228
7412,6507,15036,5767,-5817,-3185416,-21432152,-30424,-12167
7413,6031,15233,5772,-5813,-2627385,-21438325,-30037,-13094
7414,5550,15415,5776,-5808,-2030342,-21444882,-29621,-14010
7415,5063,15582,5780,-5804,-1508485,-21451981,-29177,-14912
7416,4571,15733,5785,-5800,-945377,-21458215,-28706,-15800
7417,4074,15869,5789,-5796,-386828,-21465014,-28105,-16846
7418,3574,15989,5758,-5827,-4461303,-21471817,-27575,-17700
7419,3070,16093,5762,-5823,-3921475,-21421417,-27019,-18537
7420,2563,16182,5766,-5818,-3356094,-21427613,-26438,-19357
7421,2053,16254,5770,-5814,-2787843,-21434183,-25832,-20159
7422,1542,16311,5775,-5809,-2210581,-21440848,-25201,-20942
7423,1029,16351,5779,-5806,-1683957,-21447685,-24547,-21705
7424,515,16375,5783,-5801,-1123766,-21453958,-23870,-22448
7425,0,16384,5787,-5797,-568520,-21460702,-23027,-23311
7426,-515,16375,5756,-5828,-4653056,-21467445,-22301,-24007
7427,-1029,16351,5760,-5824,-4087130,-21416901,-21554,-24680
7428,-1542,16311,5765,-5820,-3538440,-21423399,-20787,-25329
7429,-2053,16254,5769,-5815,-2973690,-21429745,-20000,-25955
7430,-2563,16182,5773,-5811,-2446955,-21436348,-19195,-26556
7431,-3070,16093,5778,-5807,-1855889,-21442541,-18371,-27133
7432,-3574,15989,5782,-5803,-1309586,-21449585,-17530,-27683
7433,-4074,15869,5786,-5798,-745055,-21456139,-16673,-28208
7434,-4571,15733,5790,-5794,-203721,-21462977,-15623,-28803
7435,-5063,15582,5759,-5825,-4289694,-21469589,-14732,-29268
7436,-5550,15415,5763,-5821,-3727952,-21419067,-13828,-29706
7437,-6031,15233,5768,-5817,-3145670,-21425552,-12910,-30117
7438,-6507,15036,5772,-5813,-2618394,-21432351,-11980,-30498
7439,-6976,14824,5776,-5808,-2032302,-21438532,-11039,-30852
7440,-7438,14598,5781,-5804,-1476296,-21445497,-10087,-31176
7441,-7893,14357,5785,-5800,-943028,-21452152,-9126,-31470
7442,-8340,14102,5789,-5796,-368580,-21458586,-8157,-31736
7443,-8779,13833,5793,-5791,196562,-21465586,-6983,-32014
7444,-9209,13550,5762,-5822,-3899160,-21472532,-5998,-32213
7445,-9630,13255,5766,-5818,-3328151,-21421932,-5007,-32382
7446,-10042,12946,5770,-5814,-2799555,-21428573,-4011,-32521
7447,-10443,12624,5775,-5810,-2236116,-21434751,-3012,-32628
7448,-10835,12289,5779,-5806,-1683864,-21441416,-2009,-32705
7449,-11215,11943,5783,-5801,-1096954,-21448003,-1005,-32752
7450,-11585,11585,5787,-5797,-569666,-21455078,0,-32767
7451,-11943,11215,5792,-5793,0,-21461478,804,-32757
7452,-12289,10835,5831,-5753,5228064,-21468459,2009,-32705
7453,-12624,10443,5800,-5784,1096954,-21533076,3012,-32628
7454,-12946,10042,5805,-5780,1683864,-21482576,4011,-32521
7455,-13255,9630,5809,-5776,2236116,-21489948,5007,-32382
7456,-13550,9209,5813,-5771,2799555,-21496954,5998,-32213
7457,-13833,8779,5817,-5767,3328151,-21504157,6983,-32014
7458,-14102,8340,5821,-5763,3899160,-21510990,7962,-31785
7459,-14357,7893,5826,-5759,4461966,-21518403,8933,-31526
7460,-14598,7438,5830,-5754,5024814,-21525776,10087,-31176
7461,-14824,6976,5799,-5786,943028,-21533210,11039,-30852
7462,-15036,6507,5803,-5782,1476296,-21483298,11980,-30498
7463,-15233,6031,5807,-5777,2032302,-21489990,12910,-30117
7464,-15415,5550,5812,-5773,2618394,-21497020,13828,-29706
7465,-15582,5063,5816,-5769,3145670,-21504481,14732,-29268
7466,-15733,4571,5820,-5764,3727952,-21511278,15623,-28803
7467,-15869,4074,5824,-5760,4289694,-21518811,16499,-28310
7468,-15989,3574,5829,-5755,4876893,-21526153,17530,-27683
7469,-16093,3070,5797,-5787,745055,-21533869,18371,-27133
7470,-16182,2563,5802,-5783,1309586,-21483322,19195,-26556
7471,-16254,2053,5806,-5779,1855889,-21490379,20000,-25955
7472,-16311,1542,5810,-5774,2446955,-21497271,20787,-25329
7473,-16351,1029,5814,-5770,2973690,-21504775,21554,-24680
7474,-16375,515,5819,-5766,3538440,-21511547,22301,-24007
7475,-16384,0,5823,-5761,4087130,-21518845,23027,-23311
7476,-16375,-515,5827,-5757,4653056,-21526005,23870,-22448
7477,-16351,-1029,5796,-5788,568520,-21533437,24547,-21705
7478,-16311,-1542,5800,-5784,1123766,-21483451,25201,-20942
7479,-16254,-2053,5805,-5780,1683957,-21490375,25832,-20159
7480,-16182,-2563,5808,-5776,2210581,-21497419,26438,-19357
7481,-16093,-3070,5813,-5771,2787843,-21504108,27019,-18537
7482,-15989,-3574,5817,-5767,3356094,-21511479,27575,-17700
7483,-15869,-4074,5822,-5763,3921475,-21518801,28105,-16846
7484,-15733,-4571,5826,-5759,4461303,-21526148,28706,-15800
7485,-15582,-5063,5795,-5790,386828,-21533239,29177,-14912
7486,-15415,-5550,5799,-5786,945377,-21483357,29621,-14010
7487,-15233,-6031,5803,-5781,1508485,-21490302,30037,-13094
7488,-15036,-6507,5807,-5777,2030342,-21497363,30424,-12167
7489,-14824,-6976,5812,-5773,2627385,-21503975,30783,-11228
7490,-14598,-7438,5816,-5768,3185416,-21511572,31113,-10278
7491,-14357,-7893,5820,-5764,3716928,-21518750,31470,-9126
7492,-14102,-8340,5789,-5796,-368580,-21525660,31736,-8157
7493,-13833,-8779,5793,-5791,196562,-21475562,31971,-7179
7494,-13550,-9209,5798,-5787,750114,-21482508,32176,-6195
7495,-13255,-9630,5802,-5783,1315989,-21489371,32351,-5205
7496,-12946,-10042,5806,-5779,1844050,-21496446,32495,-4210
7497,-12624,-10443,5810,-5774,2414000,-21503114,32609,-3212
7498,-12289,-10835,5814,-5770,2970975,-21510356,32692,-2210
7499,-11943,-11215,5819,-5765,3569872,-21517498,32752,-1005
7500,-11585,-11585,5787,-5797,-569666,-21525218,32766,201
7501,-11215,-11943,5756,-5828,-4657170,-21474437,32745,1206
7502,-10835,-12289,5760,-5824,-4090188,-21423857,32692,2210
7503,-10443,-12624,5764,-5820,-3569872,-21430368,32609,3212
7504,-10042,-12946,5769,-5815,-2970975,-21436363,32495,4210
7505,-9630,-13255,5773,-5811,-2414000,-21443384,32351,5205
7506,-9209,-13550,5778,-5807,-1844050,-21449951,32176,6195
7507,-8779,-13833,5782,-5803,-1315989,-21456738,31971,7179
7508,-8340,-14102,5786,-5799,-750114,-21463068,31685,8351
7509,-7893,-14357,5755,-5830,-4844172,-21469922,31414,9319
7510,-7438,-14598,5759,-5825,-4287654,-21419241,31113,10278
7511,-6976,-14824,5763,-5821,-3716928,-21425602,30783,11228
7512,-6507,-15036,5767,-5817,-3185416,-21432198,30424,12167
7513,-6031,-15233,5772,-5813,-2627385,-21438371,30037,13094
7514,-5550,-15415,5776,-5808,-2030342,-21444928,29621,14010
7515,-5063,-15582,5780,-5804,-1508485,-21452027,29177,14912
7516,-4571,-15733,5785,-5800,-945377,-21458261,28706,15800
7517,-4074,-15869,5789,-5796,-386828,-21465060,28105,16846
7518,-3574,-15989,5758,-5827,-4461303,-21471863,27575,17700
7519,-3070,-16093,5762,-5823,-3921475,-21421463,27019,18537
7520,-2563,-16182,5766,-5818,-3356094,-21427659,26438,19357
7521,-2053,-16254,5770,-5814,-2787843,-21434229,25832,20159
7522,-1542,-16311,5775,-5809,-2210581,-21440894,25201,20942
7523,-1029,-16351,5779,-5806,-1683957,-21447731,24547,21705
7524,-515,-16375,5783,-5801,-1123766,-21454004,23870,22448
7525,0,-16384,5787,-5797,-568520,-21460748,23027,23311
7526,515,-16375,5756,-5828,-4653056,-21467491,22301,24007
7527,1029,-16351,5760,-5824,-4087130,-21416947,21554,24680
7528,1542,-16311,5765,-5820,-3538440,-21423445,20787,25329
7529,2053,-16254,5769,-5815,-2973690,-21429791,20000,25955
7530,2563,-16182,5773,-5811,-2446955,-21436394,19195,26556
7531,3070,-16093,5778,-5807,-1855889,-21442587,18371,27133
7532,3574,-15989,5782,-5803,-1309586,-21449631,17530,27683
7533,4074,-15869,5786,-5798,-745055,-21456185,16673,28208
7534,4571,-15733,5790,-5794,-203721,-21463023,15623,28803
7535,5063,-15582,5759,-5825,-4289694,-21469635,14732,29268
7536,5550,-15415,5763,-5821,-3727952,-21419113,13828,29706
7537,6031,-15233,5768,-5817,-3145670,-21425598,12910,30117
7538,6507,-15036,5772,-5813,-2618394,-21432397,11980,30498
7539,6976,-14824,5776,-5808,-2032302,-21438578,11039,30852
7540,7438,-14598,5781,-5804,-1476296,-21445543,10087,31176
7541,7893,-14357,5785,-5800,-943028,-21452198,9126,31470
7542,8340,-14102,5789,-5796,-368580,-21458632,8157,31736
7543,8779,-13833,5793,-5791,196562,-21465632,6983,32014
7544,9209,-13550,5762,-5822,-3899160,-21472578,5998,32213
7545,9630,-13255,5766,-5818,-3328151,-21421978,5007,32382
7546,10042,-12946,5770,-5814,-2799555,-21428619,4011,32521
7547,10443,-12624,5775,-5810,-2236116,-21434797,3012,32628
7548,10835,-12289,5779,-5806,-1683864,-21441462,2009,32705
7549,11215,-11943,5783,-5801,-1096954,-21448049,1005,32752
7550,11585,-11585,5787,-5797,-569666,-21455124,0,32767
7551,11943,-11215,5792,-5793,0,-21461524,-804,32757
7552,12289,-10835,5831,-5753,5228064,-21468505,-2009,32705
7553,12624,-10443,5800,-5784,1096954,-21533122,-3012,32628
7554,12946,-10042,5805,-5780,1683864,-21482622,-4011,32521
7555,13255,-9630,5809,-5776,2236116,-21489994,-5007,32382
7556,13550,-9209,5813,-5771,2799555,-21497000,-5998,32213
7557,13833,-8779,5817,-5767,3328151,-21504203,-6983,32014
7558,14102,-8340,5821,-5763,3899160,-21511036,-7962,31785
7559,14357,-7893,5826,-5759,4461966,-21518449,-8933,31526
7560,14598,-7438,5830,-5754,5024814,-21525822,-10087,31176
7561,14824,-6976,5799,-5786,943028,-21533256,-11039,30852
7562,15036,-6507,5803,-5782,1476296,-21483344,-11980,30498
7563,15233,-6031,5807,-5777,2032302,-21490036,-12910,30117
7564,15415,-5550,5812,-5773,2618394,-21497066,-13828,29706
7565,15582,-5063,5816,-5769,3145670,-21504527,-14732,29268
7566,15733,-4571,5820,-5764,3727952,-21511324,-15623,28803
7567,15869,-4074,5824,-5760,4289694,-21518857,-16499,28310
7568,15989,-3574,5829,-5755,4876893,-21526199,-17530,27683
7569,16093,-3070,5797,-5787,745055,-21533915,-18371,27133
7570,16182,-2563,5802,-5783,1309586,-21483368,-19195,26556
7571,16254,-2053,5806,-5779,1855889,-21490425,-20000,25955
7572,16311,-1542,5810,-5774,2446955,-21497317,-20787,25329
7573,16351,-1029,5814,-5770,2973690,-21504821,-21554,24680
7574,16375,-515,5819,-5766,3538440,-21511593,-22301,24007
7575,16384,0,5823,-5761,4087130,-21518891,-23027,23311
7576,16375,515,5827,-5757,4653056,-21526051,-23870,22448
7577,16351,1029,5796,-5788,568520,-21533483,-24547,21705
7578,16311,1542,5800,-5784,1123766,-21483497,-25201,20942
7579,16254,2053,5805,-5780,1683957,-21490421,-25832,20159
7580,16182,2563,5808,-5776,2210581,-21497465,-26438,19357
7581,16093,3070,5813,-5771,2787843,-21504154,-27019,18537
7582,15989,3574,5817,-5767,3356094,-21511525,-27575,17700
7583,15869,4074,5822,-5763,3921475,-21518847,-28105,16846
7584,15733,4571,5826,-5759,4461303,-21526194,-28706,15800
7585,15582,5063,5795,-5790,386828,-21533285,-29177,14912
7586,15415,5550,5799,-5786,945377,-21483403,-29621,14010
7587,15233,6031,5803,-5781,1508485,-21490348,-30037,13094
7588,15036,6507,5807,-5777,2030342,-21497409,-30424,12167
7589,14824,6976,5812,-5773,2627385,-21504021,-30783,11228
7590,14598,7438,5816,-5768,3185416,-21511618,-31113,10278
7591,14357,7893,5820,-5764,3716928,-21518796,-31470,9126
7592,14102,8340,5789,-5796,-368580,-21525706,-31736,8157
7593,13833,8779,5793,-5791,196562,-21475608,-31971,7179
7594,13550,9209,5798,-5787,750114,-21482554,-32176,6195
7595,13255,9630,5802,-5783,1315989,-21489417,-32351,5205
7596,12946,10042,5806,-5779,1844050,-21496492,-32495,4210
7597,12624,10443,5810,-5774,2414000,-21503160,-32609,3212
7598,12289,10835,5814,-5770,2970975,-21510402,-32692,2210
7599,11943,11215,5819,-5765,3569872,-21517544,-32752,1005
7600,11585,11585,5787,-5797,-569666,-21525264,-32766,-201
7601,11215,11943,5756,-5828,-4657170,-21474483,-32745,-1206
7602,10835,12289,5760,-5824,-4090188,-21423903,-32692,-2210
7603,10443,12624,5764,-5820,-3569872,-21430414,-32609,-3212
7604,10042,12946,5769,-5815,-2970975,-21436409,-32495,-4210
7605,9630,13255,5773,-5811,-2414000,-21443430,-32351,-5205
7606,9209,13550,5778,-5807,-1844050,-21449997,-32176,-6195
7607,8779,13833,5782,-5803,-1315989,-21456784,-31971,-7179
7608,8340,14102,5786,-5799,-750114,-21463114,-31685,-8351
7609,7893,14357,5755,-5830,-4844172,-21469968,-31414,-9319
7610,7438,14598,5759,-5825,-4287654,-21419287,-31113,-10278
7611,6976,14824,5763,-5821,-3716928,-21425648,-30783,-11228
7612,6507,15036,5767,-5817,-3185416,-21432244,-30424,-12167
7613,6031,15233,5772,-5813,-2627385,-21438417,-30037,-13094
7614,5550,15415,5776,-5808,-2030342,-21444974,-29621,-14010
7615,5063,15582,5780,-5804,-1508485,-21452073,-29177,-14912
7616,4571,15733,5785,-5800,-945377,-21458307,-28706,-15800
7617,4074,15869,5789,-5796,-386828,-21465106,-28105,-16846
7618,3574,15989,5758,-5827,-4461303,-21471909,-27575,-17700
7619,3070,16093,5762,-5823,-3921475,-21421509,-27019,-18537
7620,2563,16182,5766,-5818,-3356094,-21427705,-26438,-19357
7621,2053,16254,5770,-5814,-2787843,-21434275,-25832,-20159
7622,1542,16311,5775,-5809,-2210581,-21440940,-25201,-20942
7623,1029,16351,5779,-5806,-1683957,-21447777,-24547,-21705
7624,515,16375,5783,-5801,-1123766,-21454050,-23870,-22448
7625,0,16384,5787,-5797,-568520,-21460794,-23027,-23311
7626,-515,16375,5756,-5828,-4653056,-21467537,-22301,-24007
7627,-1029,16351,5760,-5824,-4087130,-21416993,-21554,-24680
7628,-1542,16311,5765,-5820,-3538440,-21423491,-20787,-25329
7629,-2053,16254,5769,-5815,-2973690,-21429837,-20000,-25955
7630,-2563,16182,5773,-5811,-2446955,-21436440,-19195,-26556
7631,-3070,16093,5778,-5807,-1855889,-21442633,-18371,-27133
7632,-3574,15989,5782,-5803,-1309586,-21449677,-17530,-27683
7633,-4074,15869,5786,-5798,-745055,-21456231,-16673,-28208
7634,-4571,15733,5790,-5794,-203721,-21463069,-15623,-28803
7635,-5063,15582,5759,-5825,-4289694,-21469681,-14732,-29268
7636,-5550,15415,5763,-5821,-3727952,-21419159,-13828,-29706
7637,-6031,15233,5768,-5817,-3145670,-21425644,-12910,-30117
7638,-6507,15036,5772,-5813,-2618394,-21432443,-11980,-30498
7639,-6976,14824,5776,-5808,-2032302,-21438624,-11039,-30852
7640,-7438,14598,5781,-5804,-1476296,-21445589,-10087,-31176
7641,-7893,14357,5785,-5800,-943028,-21452244,-9126,-31470
7642,-8340,14102,5789,-5796,-368580,-21458678,-8157,-31736
7643,-8779,13833,5793,-5791,196562,-21465678,-6983,-32014
7644,-9209,13550,5762,-5822,-3899160,-21472624,-5998,-32213
7645,-9630,13255,5766,-5818,-3328151,-21422024,-5007,-32382
7646,-10042,12946,5770,-5814,-2799555,-21428665,-4011,-32521
7647,-10443,12624,5775,-5810,-2236116,-21434843,-3012,-32628
7648,-10835,12289,5779,-5806,-1683864,-21441508,-2009,-32705
7649,-11215,11943,5783,-5801,-1096954,-21448095,-1005,-32752
7650,-11585,11585,5787,-5797,-569666,-21455170,0,-32767
7651,-11943,11215,5792,-5793,0,-21461570,804,-32757
7652,-12289,10835,5831,-5753,5228064,-21468551,2009,-32705
7653,-12624,10443,5800,-5784,1096954,-21533168,3012,-32628
7654,-12946,10042,5805,-5780,1683864,-21482668,4011,-32521
7655,-13255,9630,5809,-5776,2236116,-21490040,5007,-32382
7656,-13550,9209,5813,-5771,2799555,-21497046,5998,-32213
7657,-13833,8779,5817,-5767,3328151,-21504249,6983,-32014
7658,-14102,8340,5821,-5763,3899160,-21511082,7962,-31785
7659,-14357,7893,5826,-5759,4461966,-21518495,8933,-31526
7660,-14598,7438,5830,-5754,5024814,-21525868,10087,-31176
7661,-14824,6976,5799,-5786,943028,-21533302,11039,-30852
7662,-15036,6507,5803,-5782,1476296,-21483390,11980,-30498
7663,-15233,6031,5807,-5777,2032302,-21490082,12910,-30117
7664,-15415,5550,5812,-5773,2618394,-21497112,13828,-29706
7665,-15582,5063,5816,-5769,3145670,-21504573,14732,-29268
7666,-15733,4571,5820,-5764,3727952,-21511370,15623,-28803
7667,-15869,4074,5824,-5760,4289694,-21518903,16499,-28310
7668,-15989,3574,5829,-5755,4876893,-21526245,17530,-27683
7669,-16093,3070,5797,-5787,745055,-21533961,18371,-27133
7670,-16182,2563,5802,-5783,1309586,-21483414,19195,-26556
7671,-16254,2053,5806,-5779,1855889,-21490471,20000,-25955
7672,-16311,1542,5810,-5774,2446955,-21497363,20787,-25329
7673,-16351,1029,5814,-5770,2973690,-21504867,21554,-24680
7674,-16375,515,5819,-5766,3538440,-21511639,22301,-24007
7675,-16384,0,5823,-5761,4087130,-21518937,23027,-23311
7676,-16375,-515,5827,-5757,4653056,-21526097,23870,-22448
7677,-16351,-1029,5796,-5788,568520,-21533529,24547,-21705
7678,-16311,-1542,5800,-5784,1123766,-21483543,25201,-20942
7679,-16254,-2053,5805,-5780,1683957,-21490467,25832,-20159
7680,-16182,-2563,5808,-5776,2210581,-21497511,26438,-19357
7681,-16093,-3070,5813,-5771,2787843,-21504200,27019,-18537
7682,-15989,-3574,5817,-5767,3356094,-21511571,27575,-17700
7683,-15869,-4074,5822,-5763,3921475,-21518893,28105,-16846
7684,-15733,-4571,5826,-5759,4461303,-21526240,28706,-15800
7685,-15582,-5063,5795,-5790,386828,-21533331,29177,-14912
7686,-15415,-5550,5799,-5786,945377,-21483449,29621,-14010
7687,-15233,-6031,5803,-5781,1508485,-21490394,30037,-13094
7688,-15036,-6507,5807,-5777,2030342,-21497455,30424,-12167
7689,-14824,-6976,5812,-5773,2627385,-21504067,30783,-11228
7690,-14598,-7438,5816,-5768,3185416,-21511664,31113,-10278
7691,-14357,-7893,5820,-5764,3716928,-21518842,31470,-9126
7692,-14102,-8340,5789,-5796,-368580,-21525752,31736,-8157
7693,-13833,-8779,5793,-5791,196562,-21475654,31971,-7179
7694,-13550,-9209,5798,-5787,750114,-21482600,32176,-6195
7695,-13255,-9630,5802,-5783,1315989,-21489463,32351,-5205
7696,-12946,-10042,5806,-5779,1844050,-21496538,32495,-4210
7697,-12624,-10443,5810,-5774,2414000,-21503206,32609,-3212
7698,-12289,-10835,5814,-5770,2970975,-21510448,32692,-2210
7699,-11943,-11215,5819,-5765,3569872,-21517590,32752,-1005
7700,-11585,-11585,5787,-5797,-569666,-21525310,32766,201
7701,-11215,-11943,5756,-5828,-4657170,-21474529,32745,1206
7702,-10835,-12289,5760,-5824,-4090188,-21423949,32692,2210
7703,-10443,-12624,5764,-5820,-3569872,-21430460,32609,3212
7704,-10042,-12946,5769,-5815,-2970975,-21436455,32495,4210
7705,-9630,-13255,5773,-5811,-2414000,-21443476,32351,5205
7706,-9209,-13550,5778,-5807,-1844050,-21450043,32176,6195
7707,-8779,-13833,5782,-5803,-1315989,-21456830,31971,7179
7708,-8340,-14102,5786,-5799,-750114,-21463160,31685,8351
7709,-7893,-14357,5755,-5830,-4844172,-21470014,31414,9319
7710,-7438,-14598,5759,-5825,-4287654,-21419333,31113,10278
7711,-6976,-14824,5763,-5821,-3716928,-21425694,30783,11228
7712,-6507,-15036,5767,-5817,-3185416,-21432290,30424,12167
7713,-6031,-15233,5772,-5813,-2627385,-21438463,30037,13094
7714,-5550,-15415,5776,-5808,-2030342,-21445020,29621,14010
7715,-5063,-15582,5780,-5804,-1508485,-21452119,29177,14912
7716,-4571,-15733,5785,-5800,-945377,-21458353,28706,15800
7717,-4074,-15869,5789,-5796,-386828,-21465152,28105,16846
7718,-3574,-15989,5758,-5827,-4461303,-21471955,27575,17700
7719,-3070,-16093,5762,-5823,-3921475,-21421555,27019,18537
7720,-2563,-16182,5766,-5818,-3356094,-21427751,26438,19357
7721,-2053,-16254,5770,-5814,-2787843,-21434321,25832,20159
7722,-1542,-16311,5775,-5809,-2210581,-21440986,25201,20942
7723,-1029,-16351,5779,-5806,-1683957,-21447823,24547,21705
7724,-515,-16375,5783,-5801,-1123766,-21454096,23870,22448
7725,0,-16384,5787,-5797,-568520,-21460840,23027,23311
7726,515,-16375,5756,-5828,-4653056,-21467583,22301,24007
7727,1029,-16351,5760,-5824,-4087130,-21417039,21554,24680
7728,1542,-16311,5765,-5820,-3538440,-21423537,20787,25329
7729,2053,-16254,5769,-5815,-2973690,-21429883,20000,25955
7730,2563,-16182,5773,-5811,-2446955,-21436486,19195,26556
7731,3070,-16093,5778,-5807,-1855889,-21442679,18371,27133
7732,3574,-15989,5782,-5803,-1309586,-21449723,17530,27683
7733,4074,-15869,5786,-5798,-745055,-21456277,16673,28208
7734,4571,-15733,5790,-5794,-203721,-21463115,15623,28803
7735,5063,-15582,5759,-5825,-4289694,-21469727,14732,29268
7736,5550,-15415,5763,-5821,-3727952,-21419205,13828,29706
7737,6031,-15233,5768,-5817,-3145670,-21425690,12910,30117
7738,6507,-15036,5772,-5813,-2618394,-21432489,11980,30498
7739,6976,-14824,5776,-5808,-2032302,-21438670,11039,30852
7740,7438,-14598,5781,-5804,-1476296,-21445635,10087,31176
7741,7893,-14357,5785,-5800,-943028,-21452290,9126,31470
7742,8340,-14102,5789,-5796,-368580,-21458724,8157,31736
7743,8779,-13833,5793,-5791,196562,-21465724,6983,32014
7744,9209,-13550,5762,-5822,-3899160,-21472670,5998,32213
7745,9630,-13255,5766,-5818,-3328151,-21422070,5007,32382
7746,10042,-12946,5770,-5814,-2799555,-21428711,4011,32521
7747,10443,-12624,5775,-5810,-2236116,-21434889,3012,32628
7748,10835,-12289,5779,-5806,-1683864,-21441554,2009,32705
7749,11215,-11943,5783,-5801,-1096954,-21448141,1005,32752
7750,11585,-11585,5787,-5797,-569666,-21455216,0,32767
7751,11943,-11215,5792,-5793,0,-21461616,-804,32757
7752,12289,-10835,5831,-5753,5228064,-21468597,-2009,32705
7753,12624,-10443,5800,-5784,1096954,-21533214,-3012,32628
7754,12946,-10042,5805,-5780,1683864,-21482714,-4011,32521
7755,13255,-9630,5809,-5776,2236116,-21490086,-5007,32382
7756,13550,-9209,5813,-5771,2799555,-21497092,-5998,32213
7757,13833,-8779,5817,-5767,3328151,-21504295,-6983,32014
7758,14102,-8340,5821,-5763,3899160,-21511128,-7962,31785
7759,14357,-7893,5826,-5759,4461966,-21518541,-8933,31526
7760,14598,-7438,5830,-5754,5024814,-21525914,-10087,31176
7761,14824,-6976,5799,-5786,943028,-21533348,-11039,30852
7762,15036,-6507,5803,-5782,1476296,-21483436,-11980,30498
7763,15233,-6031,5807,-5777,2032302,-21490128,-12910,30117
7764,15415,-5550,5812,-5773,2618394,-21497158,-13828,29706
7765,15582,-5063,5816,-5769,3145670,-21504619,-14732,29268
7766,15733,-4571,5820,-5764,3727952,-21511416,-15623,28803
7767,15869,-4074,5824,-5760,4289694,-21518949,-16499,28310
7768,15989,-3574,5829,-5755,4876893,-21526291,-17530,27683
7769,16093,-3070,5797,-5787,745055,-21534007,-18371,27133
7770,16182,-2563,5802,-5783,1309586,-21483460,-19195,26556
7771,16254,-2053,5806,-5779,1855889,-21490517,-20000,25955
7772,16311,-1542,5810,-5774,2446955,-21497409,-20787,25329
7773,16351,-1029,5814,-5770,2973690,-21504913,-21554,24680
7774,16375,-515,5819,-5766,3538440,-21511685,-22301,24007
7775,16384,0,5823,-5761,4087130,-21518983,-23027,23311
7776,16375,515,5827,-5757,4653056,-21526143,-23870,22448
7777,16351,1029,5796,-5788,568520,-21533575,-24547,21705
7778,16311,1542,5800,-5784,1123766,-21483589,-25201,20942
7779,16254,2053,5805,-5780,1683957,-21490513,-25832,20159
7780,16182,2563,5808,-5776,2210581,-21497557,-26438,19357
7781,16093,3070,5813,-5771,2787843,-21504246,-27019,18537
7782,15989,3574,5817,-5767,3356094,-21511617,-27575,17700
7783,15869,4074,5822,-5763,3921475,-21518939,-28105,16846
7784,15733,4571,5826,-5759,4461303,-21526286,-28706,15800
7785,15582,5063,5795,-5790,386828,-21533377,-29177,14912
7786,15415,5550,5799,-5786,945377,-21483495,-29621,14010
7787,15233,6031,5803,-5781,1508485,-21490440,-30037,13094
7788,15036,6507,5807,-5777,2030342,-21497501,-30424,12167
7789,14824,6976,5812,-5773,2627385,-21504113,-30783,11228
7790,14598,7438,5816,-5768,3185416,-21511710,-31113,10278
7791,14357,7893,5820,-5764,3716928,-21518888,-31470,9126
7792,14102,8340,5789,-5796,-368580,-21525798,-31736,8157
7793,13833,8779,5793,-5791,196562,-21475700,-31971,7179
7794,13550,9209,5798,-5787,750114,-21482646,-32176,6195
7795,13255,9630,5802,-5783,1315989,-21489509,-32351,5205
7796,12946,10042,5806,-5779,1844050,-21496584,-32495,4210
7797,12624,10443,5810,-5774,2414000,-21503252,-32609,3212
7798,12289,10835,5814,-5770,2970975,-21510494,-32692,2210
7799,11943,11215,5819,-5765,3569872,-21517636,-32752,1005
7800,11585,11585,5787,-5797,-569666,-21525356,-32766,-201
7801,11215,11943,5756,-5828,-4657170,-21474575,-32745,-1206
7802,10835,12289,5760,-5824,-4090188,-21423995,-32692,-2210
7803,10443,12624,5764,-5820,-3569872,-21430506,-32609,-3212
7804,10042,12946,5769,-5815,-2970975,-21436501,-32495,-4210
7805,9630,13255,5773,-5811,-2414000,-21443522,-32351,-5205
7806,9209,13550,5778,-5807,-1844050,-21450089,-32176,-6195
7807,8779,13833,5782,-5803,-1315989,-21456876,-31971,-7179
7808,8340,14102,5786,-5799,-750114,-21463206,-31685,-8351
7809,7893,14357,5755,-5830,-4844172,-21470060,-31414,-9319
7810,7438,14598,5759,-5825,-4287654,-21419379,-31113,-10278
7811,6976,14824,5763,-5821,-3716928,-21425740,-30783,-11228
7812,6507,15036,5767,-5817,-3185416,-21432336,-30424,-12167
7813,6031,15233,5772,-5813,-2627385,-21438509,-30037,-13094
7814,5550,15415,5776,-5808,-2030342,-21445066,-29621,-14010
7815,5063,15582,5780,-5804,-1508485,-21452165,-29177,-14912
7816,4571,15733,5785,-5800,-945377,-21458399,-28706,-15800
7817,4074,15869,5789,-5796,-386828,-21465198,-28105,-16846
7818,3574,15989,5758,-5827,-4461303,-21472001,-27575,-17700
7819,3070,16093,5762,-5823,-3921475,-21421601,-27019,-18537
7820,2563,16182,5766,-5818,-3356094,-21427797,-26438,-19357
7821,2053,16254,5770,-5814,-2787843,-21434367,-25832,-20159
7822,1542,16311,5775,-5809,-2210581,-21441032,-25201,-20942
7823,1029,16351,5779,-5806,-1683957,-21447869,-24547,-21705
7824,515,16375,5783,-5801,-1123766,-21454142,-23870,-22448
7825,0,16384,5787,-5797,-568520,-21460886,-23027,-23311
7826,-515,16375,5756,-5828,-4653056,-21467629,-22301,-24007
7827,-1029,16351,5760,-5824,-4087130,-21417085,-21554,-24680
7828,-1542,16311,5765,-5820,-3538440,-21423583,-20787,-25329
7829,-2053,16254,5769,-5815,-2973690,-21429929,-20000,-25955
7830,-2563,16182,5773,-5811,-2446955,-21436532,-19195,-26556
7831,-3070,16093,5778,-5807,-1855889,-21442725,-18371,-27133
7832,-3574,15989,5782,-5803,-1309586,-21449769,-17530,-27683
7833,-4074,15869,5786,-5798,-745055,-21456323,-16673,-28208
7834,-4571,15733,5790,-5794,-203721,-21463161,-15623,-28803
7835,-5063,15582,5759,-5825,-4289694,-21469773,-14732,-29268
7836,-5550,15415,5763,-5821,-3727952,-21419251,-13828,-29706
7837,-6031,15233,5768,-5817,-3145670,-21425736,-12910,-30117
7838,-6507,15036,5772,-5813,-2618394,-21432535,-11980,-30498
7839,-6976,14824,5776,-5808,-2032302,-21438716,-11039,-30852
7840,-7438,14598,5781,-5804,-1476296,-21445681,-10087,-31176
7841,-7893,14357,5785,-5800,-943028,-21452336,-9126,-31470
7842,-8340,14102,5789,-5796,-368580,-21458770,-8157,-31736
7843,-8779,13833,5793,-5791,196562,-21465770,-6983,-32014
7844,-9209,13550,5762,-5822,-3899160,-21472716,-5998,-32213
7845,-9630,13255,5766,-5818,-3328151,-21422116,-5007,-32382
7846,-10042,12946,5770,-5814,-2799555,-21428757,-4011,-32521
7847,-10443,12624,5775,-5810,-2236116,-21434935,-3012,-32628
7848,-10835,12289,5779,-5806,-1683864,-21441600,-2009,-32705
7849,-11215,11943,5783,-5801,-1096954,-21448187,-1005,-32752
7850,-11585,11585,5787,-5797,-569666,-21455262,0,-32767
7851,-11943,11215,5792,-5793,0,-21461662,804,-32757
7852,-12289,10835,5831,-5753,5228064,-21468643,2009,-32705
7853,-12624,10443,5800,-5784,1096954,-21533260,3012,-32628
7854,-12946,10042,5805,-5780,1683864,-21482760,4011,-32521
7855,-13255,9630,5809,-5776,2236116,-21490132,5007,-32382
7856,-13550,9209,5813,-5771,2799555,-21497138,5998,-32213
7857,-13833,8779,5817,-5767,3328151,-21504341,6983,-32014
7858,-14102,8340,5821,-5763,3899160,-21511174,7962,-31785
7859,-14357,7893,5826,-5759,4461966,-21518587,8933,-31526
7860,-14598,7438,5830,-5754,5024814,-21525960,10087,-31176
7861,-14824,6976,5799,-5786,943028,-21533394,11039,-30852
7862,-15036,6507,5803,-5782,1476296,-21483482,11980,-30498
7863,-15233,6031,5807,-5777,2032302,-21490174,12910,-30117
7864,-15415,5550,5812,-5773,2618394,-21497204,13828,-29706
7865,-15582,5063,5816,-5769,3145670,-21504665,14732,-29268
7866,-15733,4571,5820,-5764,3727952,-21511462,15623,-28803
7867,-15869,4074,5824,-5760,4289694,-21518995,16499,-28310
7868,-15989,3574,5829,-5755,4876893,-21526337,17530,-27683
7869,-16093,3070,5797,-5787,745055,-21534053,18371,-27133
7870,-16182,2563,5802,-5783,1309586,-21483506,19195,-26556
7871,-16254,2053,5806,-5779,1855889,-21490563,20000,-25955
7872,-16311,1542,5810,-5774,2446955,-21497455,20787,-25329
7873,-16351,1029,5814,-5770,2973690,-21504959,21554,-24680
7874,-16375,515,5819,-5766,3538440,-21511731,22301,-24007
7875,-16384,0,5823,-5761,4087130,-21519029,23027,-23311
7876,-16375,-515,5827,-5757,4653056,-21526189,23870,-22448
7877,-16351,-1029,5796,-5788,568520,-21533621,24547,-21705
7878,-16311,-1542,5800,-5784,1123766,-21483635,25201,-20942
7879,-16254,-2053,5805,-5780,1683957,-21490559,25832,-20159
7880,-16182,-2563,5808,-5776,2210581,-21497603,26438,-19357
7881,-16093,-3070,5813,-5771,2787843,-21504292,27019,-18537
7882,-15989,-3574,5817,-5767,3356094,-21511663,27575,-17700
7883,-15869,-4074,5822,-5763,3921475,-21518985,28208,-16673
7884,-15733,-4571,5790,-5794,-203721,-21526332,28706,-15800
7885,-15582,-5063,5795,-5790,386828,-21475766,29177,-14912
7886,-15415,-5550,5799,-5786,945377,-21483044,29621,-14010
7887,-15233,-6031,5803,-5781,1508485,-21489989,30037,-13094
7888,-15036,-6507,5807,-5777,2030342,-21497050,30424,-12167
7889,-14824,-6976,5812,-5773,2627385,-21503662,30783,-11228
7890,-14598,-7438,5816,-5768,3185416,-21511259,31113,-10278
7891,-14357,-7893,5820,-5764,3716928,-21518437,31470,-9126
7892,-14102,-8340,5789,-5796,-368580,-21525347,31736,-8157
7893,-13833,-8779,5793,-5791,196562,-21475249,31971,-7179
7894,-13550,-9209,5798,-5787,750114,-21482195,32176,-6195
7895,-13255,-9630,5802,-5783,1315989,-21489058,32351,-5205
7896,-12946,-10042,5806,-5779,1844050,-21496133,32495,-4210
7897,-12624,-10443,5810,-5774,2414000,-21502801,32609,-3212
7898,-12289,-10835,5814,-5770,2970975,-21510043,32692,-2210
7899,-11943,-11215,5819,-5765,3569872,-21517185,32752,-1005
7900,-11585,-11585,5787,-5797,-569666,-21524905,32766,201
7901,-11215,-11943,5756,-5828,-4657170,-21474124,32745,1206
7902,-10835,-12289,5760,-5824,-4090188,-21423544,32692,2210
7903,-10443,-12624,5764,-5820,-3569872,-21430055,32609,3212
7904,-10042,-12946,5769,-5815,-2970975,-21436050,32495,4210
7905,-9630,-13255,5773,-5811,-2414000,-21443071,32351,5205
7906,-9209,-13550,5778,-5807,-1844050,-21449638,32176,6195
7907,-8779,-13833,5782,-5803,-1315989,-21456425,31971,7179
7908,-8340,-14102,5786,-5799,-750114,-21462755,31685,8351
7909,-7893,-14357,5755,-5830,-4844172,-21469609,31414,9319
7910,-7438,-14598,5759,-5825,-4287654,-21418928,31113,10278
7911,-6976,-14824,5763,-5821,-3716928,-21425289,30783,11228
7912,-6507,-15036,5767,-5817,-3185416,-21431885,30424,12167
7913,-6031,-15233,5772,-5813,-2627385,-21438058,30037,13094
7914,-5550,-15415,5776,-5808,-2030342,-21444615,29621,14010
7915,-5063,-15582,5780,-5804,-1508485,-21451714,29177,14912
7916,-4571,-15733,5785,-5800,-945377,-21457948,28706,15800
7917,-4074,-15869,5789,-5796,-386828,-21464747,28105,16846
7918,-3574,-15989,5758,-5827,-4461303,-21471550,27575,17700
7919,-3070,-16093,5762,-5823,-3921475,-21421150,27019,18537
7920,-2563,-16182,5766,-5818,-3356094,-21427346,26438,19357
7921,-2053,-16254,5770,-5814,-2787843,-21433916,25832,20159
7922,-1542,-16311,5775,-5809,-2210581,-21440581,25201,20942
7923,-1029,-16351,5779,-5806,-1683957,-21447418,24547,21705
7924,-515,-16375,5783,-5801,-1123766,-21453691,23870,22448
7925,0,-16384,5787,-5797,-568520,-21460435,23027,23311
7926,515,-16375,5756,-5828,-4653056,-21467178,22301,24007
7927,1029,-16351,5760,-5824,-4087130,-21416634,21554,24680
7928,1542,-16311,5765,-5820,-3538440,-21423132,20787,25329
7929,2053,-16254,5769,-5815,-2973690,-21429478,20000,25955
7930,2563,-16182,5773,-5811,-2446955,-21436081,19195,26556
7931,3070,-16093,5778,-5807,-1855889,-21442274,18371,27133
7932,3574,-15989,5782,-5803,-1309586,-21449318,17530,27683
7933,4074,-15869,5786,-5798,-745055,-21455872,16673,28208
7934,4571,-15733,5790,-5794,-203721,-21462710,15623,28803
7935,5063,-15582,5759,-5825,-4289694,-21469322,14732,29268
7936,5550,-15415,5763,-5821,-3727952,-21418800,13828,29706
7937,6031,-15233,5768,-5817,-3145670,-21425285,12910,30117
7938,6507,-15036,5772,-5813,-2618394,-21432084,11980,30498
7939,6976,-14824,5776,-5808,-2032302,-21438265,11039,30852
7940,7438,-14598,5781,-5804,-1476296,-21445230,10087,31176
7941,7893,-14357,5785,-5800,-943028,-21451885,9126,31470
7942,8340,-14102,5789,-5796,-368580,-21458319,8157,31736
7943,8779,-13833,5793,-5791,196562,-21465319,6983,32014
7944,9209,-13550,5762,-5822,-3899160,-21472265,5998,32213
7945,9630,-13255,5766,-5818,-3328151,-21421665,5007,32382
7946,10042,-12946,5770,-5814,-2799555,-21428306,4011,32521
7947,10443,-12624,5775,-5810,-2236116,-21434484,3012,32628
7948,10835,-12289,5779,-5806,-1683864,-21441149,2009,32705
7949,11215,-11943,5783,-5801,-1096954,-21447736,1005,32752
7950,11585,-11585,5787,-5797,-569666,-21454811,0,32767
7951,11943,-11215,5792,-5793,0,-21461211,-804,32757
7952,12289,-10835,5831,-5753,5228064,-21468192,-2009,32705
7953,12624,-10443,5800,-5784,1096954,-21532809,-3012,32628
7954,12946,-10042,5805,-5780,1683864,-21482309,-4011,32521
7955,13255,-9630,5809,-5776,2236116,-21489681,-5007,32382
7956,13550,-9209,5813,-5771,2799555,-21496687,-5998,32213
7957,13833,-8779,5817,-5767,3328151,-21503890,-6983,32014
7958,14102,-8340,5821,-5763,3899160,-21510723,-7962,31785
7959,14357,-7893,5826,-5759,4461966,-21518136,-8933,31526
7960,14598,-7438,5830,-5754,5024814,-21525509,-10087,31176
7961,14824,-6976,5799,-5786,943028,-21532943,-11039,30852
7962,15036,-6507,5803,-5782,1476296,-21483031,-11980,30498
7963,15233,-6031,5807,-5777,2032302,-21489723,-12910,30117
7964,15415,-5550,5812,-5773,2618394,-21496753,-13828,29706
7965,15582,-5063,5816,-5769,3145670,-21504214,-14732,29268
7966,15733,-4571,5820,-5764,3727952,-21511011,-15623,28803
7967,15869,-4074,5824,-5760,4289694,-21518544,-16499,28310
7968,15989,-3574,5829,-5755,4876893,-21525886,-17530,27683
7969,16093,-3070,5797,-5787,745055,-21533602,-18371,27133
7970,16182,-2563,5802,-5783,1309586,-21483055,-19195,26556
7971,16254,-2053,5806,-5779,1855889,-21490112,-20000,25955
7972,16311,-1542,5810,-5774,2446955,-21497004,-20787,25329
7973,16351,-1029,5814,-5770,2973690,-21504508,-21554,24680
7974,16375,-515,5819,-5766,3538440,-21511280,-22301,24007
7975,16384,0,5823,-5761,4087130,-21518578,-23027,23311
7976,16375,515,5827,-5757,4653056,-21525738,-23870,22448
7977,16351,1029,5796,-5788,568520,-21533170,-24547,21705
7978,16311,1542,5800,-5784,1123766,-21483184,-25201,20942
7979,16254,2053,5805,-5780,1683957,-21490108,-25832,20159
7980,16182,2563,5808,-5776,2210581,-21497152,-26438,19357
7981,16093,3070,5813,-5771,2787843,-21503841,-27019,18537
7982,15989,3574,5817,-5767,3356094,-21511212,-27575,17700
7983,15869,4074,5822,-5763,3921475,-21518534,-28105,16846
7984,15733,4571,5826,-5759,4461303,-21525881,-28706,15800
7985,15582,5063,5795,-5790,386828,-21532972,-29177,14912
7986,15415,5550,5799,-5786,945377,-21483090,-29621,14010
7987,15233,6031,5803,-5781,1508485,-21490035,-30037,13094
7988,15036,6507,5807,-5777,2030342,-21497096,-30424,12167
7989,14824,6976,5812,-5773,2627385,-21503708,-30783,11228
7990,14598,7438,5816,-5768,3185416,-21511305,-31113,10278
7991,14357,7893,5820,-5764,3716928,-21518483,-31470,9126
7992,14102,8340,5789,-5796,-368580,-21525393,-31736,8157
7993,13833,8779,5793,-5791,196562,-21475295,-31971,7179
7994,13550,9209,5798,-5787,750114,-21482241,-32176,6195
7995,13255,9630,5802,-5783,1315989,-21489104,-32351,5205
7996,12946,10042,5806,-5779,1844050,-21496179,-32495,4210
7997,12624,10443,5810,-5774,2414000,-21502847,-32609,3212
7998,12289,10835,5814,-5770,2970975,-21510089,-32692,2210
7999,11943,11215,5819,-5765,3569872,-21517231,-32752,1005
